Timestamp,Giới tính sinh học,Tuổi,Khu vực sinh sống,Trình độ học vấn,Bạn có được tiếp cận với các thông tin về sức khỏe tinh thần không?,Bạn đã bao giờ nghe tới các ứng dụng chăm sóc sức khỏe tinh thần chưa?,Hiện tại bạn có đang sử dụng các ứng dụng chăm sóc sức khỏe tinh thần không?,"Ý kiến của bạn về các nhận định sau: [Nếu tôi nhận thấy tôi bị suy sụp về mặt tinh thần, thì lựa chọn đầu tiên của tôi là tìm kiếm sự hỗ trợ tâm lý.]",Ý kiến của bạn về các nhận định sau: [Nghĩ về việc nói những vấn đề của bản thân với nhà tâm lý khiến tôi cảm thấy đây là cách tồi tệ để loại bỏ những mâu thuẫn về mặt cảm xúc],Ý kiến của bạn về các nhận định sau: [Tôi tin rằng tôi có thể tìm thấy sự nhẹ nhõm thông qua việc trị liệu tâm lý khi tôi trải qua một cuộc khủng hoảng nghiêm trọng trong cuộc sống],Ý kiến của bạn về các nhận định sau: [Tôi cảm thấy khâm phục với những người có thể đương đầu với những khó khăn và nỗi sợ hãi của họ mà không cần đến sự hỗ trợ tâm lý],Ý kiến của bạn về các nhận định sau: [Tôi mong muốn nhận được sự hỗ trợ tâm lý nếu tôi cảm thấy lo lắng hay buồn phiền trong một thời gian dài.],Ý kiến của bạn về các nhận định sau: [Tôi mong muốn được tham vấn tâm lý trong tương lai],"Ý kiến của bạn về các nhận định sau: [Khi một người có những vấn đề về cảm xúc thì không có khả năng tự giải quyết một mình, họ có thể giải quyết vấn đề đó thông qua hỗ trợ tâm lý]","Ý kiến của bạn về các nhận định sau: [Nếu xét về thời gian và chi phí phải trả, tôi cảm thấy trị liệu tâm lý là việc không cần thiết]","Ý kiến của bạn về các nhận định sau: [Một người nên tự giải quyết vấn đề của họ, còn tham vấn tâm lý sẽ là lựa chọn sau cùng]",Ý kiến của bạn về các nhận định sau: [Tôi cảm thấy những khó khăn của bản thân (những vấn đề cá nhân và cảm xúc) có khuynh hướng tự trở nên tốt hơn],Ý kiến của bạn về các nhận định sau: [Tôi tin rằng việc sử dụng ứng dụng/trang web hỗ trợ sức khỏe tâm thần có thể mang lại hệ quả tiêu cực.],Ý kiến của bạn về các nhận định sau: [Tôi cảm thấy tôi cần phải cẩn trọng khi sử dụng một ứng dụng/nền tảng chăm sóc sức khỏe tinh thần],Ý kiến của bạn về các nhận định sau: [Việc sử dụng và tương tác với ứng dụng/trang web hỗ trợ sức khỏe tinh thần có nguy cơ gặp các rủi ro tiềm ẩn.],Ý kiến của bạn về các nhận định sau: [Tôi tin rằng một ứng dụng/nền tảng chăm sóc sức khỏe tinh thần sẽ hoạt động theo mong muốn của tôi một cách tốt nhất.],Ý kiến của bạn về các nhận định sau: [Tôi tin rằng một ứng dụng/nền tảng chăm sóc sức khỏe tinh thần sẽ cố gắng hết sức để hỗ trợ tôi nếu tôi cần trợ giúp],Ý kiến của bạn về các nhận định sau: [Tôi tin rằng ứng dụng/trang web hỗ trợ sức khỏe tâm thần có sự quan tâm đến nhu cầu và mong muốn riêng của tôi.],Ý kiến của bạn về các nhận định sau: [Tôi nghĩ rằng ứng dụng/trang web hỗ trợ sức khỏe tinh thần có đủ năng lực và làm việc hiệu quả trong việc hỗ trợ chăm sóc sức khỏe tinh thần qua nền tảng số.],Ý kiến của bạn về các nhận định sau: [Tôi thấy rằng ứng dụng/trang web hỗ trợ sức khỏe tinh thần hoàn thành tốt vai trò là một công cụ hỗ trợ chăm sóc sức khỏe tinh thần qua nền tảng số.],Ý kiến của bạn về các nhận định sau: [Tôi tin rằng ứng dụng/trang web hỗ trợ sức khỏe tinh thần có đầy đủ các chức năng mà tôi mong đợi từ một công cụ hỗ trợ chăm sóc sức khỏe tinh thần qua nền tảng số.],"Ý kiến của bạn về các nhận định sau: [Nếu tôi sử dụng ứng dụng/trang web hỗ trợ sức khỏe tâm thần, tôi nghĩ mình có thể hoàn toàn yên tâm dựa vào nó.]",Ý kiến của bạn về các nhận định sau: [Tôi luôn có thể tin tưởng vào ứng dụng/trang web hỗ trợ sức khỏe tâm thần trong việc hỗ trợ chăm sóc sức khỏe tinh thần qua nền tảng số.],Ý kiến của bạn về các nhận định sau: [Tôi tin tưởng vào những thông tin mà ứng dụng/trang web hỗ trợ sức khỏe tinh thần cung cấp cho tôi.],Bạn quan tâm ở mức độ nào đến việc sử dụng các phương thức sau để hỗ trợ hoặc quản lý sức khỏe tinh thần của bản thân? [Sử dụng ứng dụng trên điện thoại thông minh để hỗ trợ sức khỏe tinh thần],Bạn quan tâm ở mức độ nào đến việc sử dụng các phương thức sau để hỗ trợ hoặc quản lý sức khỏe tinh thần của bản thân? [Sử dụng ứng dụng trên điện thoại thông minh để theo dõi sức khỏe tinh thần],"Bạn quan tâm ở mức độ nào đến việc sử dụng các phương thức sau để hỗ trợ hoặc quản lý sức khỏe tinh thần của bản thân? [Sử dụng thiết bị đeo tay (ví dụ: v.d. như đồng hồ thông minh Apple Watch, Galaxy Watch,..) để theo dõi sức khỏe tinh thần]",Bạn quan tâm ở mức độ nào đến việc sử dụng các phương thức sau để hỗ trợ hoặc quản lý sức khỏe tinh thần của bản thân? [Chia sẻ thông tin về sức khỏe tinh thần với chuyên gia trên nền tảng trực tuyến],Bạn quan tâm ở mức độ nào đến việc sử dụng các phương thức sau để hỗ trợ hoặc quản lý sức khỏe tinh thần của bản thân? [Sử dụng ứng dụng/tính năng gọi video để trò chuyện với chuyên gia về sức khỏe tinh thần của bản thân.],Bạn quan tâm ở mức độ nào đến việc sử dụng các phương thức sau để hỗ trợ hoặc quản lý sức khỏe tinh thần của bản thân? [Sử dụng gọi thoại (tức là gọi điện thoại) để trò chuyện với chuyên gia về sức khỏe tinh thần của bản thân],Bạn quan tâm ở mức độ nào đến việc sử dụng các phương thức sau để hỗ trợ hoặc quản lý sức khỏe tinh thần của bản thân? [Sử dụng tin nhắn văn bản để trò chuyện với chuyên gia về sức khỏe tinh thần của bản thân.],Bạn quan tâm ở mức độ nào đến việc sử dụng các phương thức sau để hỗ trợ hoặc quản lý sức khỏe tinh thần của bản thân? [Sử dụng mạng xã hội để kết nối và tương tác với chuyên gia về sức khỏe tinh thần],Bạn quan tâm ở mức độ nào đến việc sử dụng các phương thức sau để hỗ trợ hoặc quản lý sức khỏe tinh thần của bản thân? [Sử dụng công nghệ như ứng dụng điện thoại thông minh và phần mềm máy tính kết hợp với các buổi trị liệu cùng chuyên gia sức khỏe tinh thần],Bạn quan tâm ở mức độ nào đến việc sử dụng các phương thức sau để hỗ trợ hoặc quản lý sức khỏe tinh thần của bản thân? [Sử dụng nền tảng mạng xã hội bảo mật dành riêng cho sức khỏe tinh thần để kết nối và tương tác với những người trẻ khác.],Bạn quan tâm ở mức độ nào đến việc sử dụng các phương thức sau để hỗ trợ hoặc quản lý sức khỏe tinh thần của bản thân? [Sử dụng các trang web để tìm hiểu về sức khỏe tinh thần],Bạn quan tâm ở mức độ nào đến việc sử dụng các phương thức sau để hỗ trợ hoặc quản lý sức khỏe tinh thần của bản thân? [Sử dụng chương trình trị liệu trực tuyến để học kỹ năng và chiến lược nâng cao sức khỏe tinh thần],"Bạn quan tâm ở mức độ nào đến việc sử dụng các phương thức sau để hỗ trợ hoặc quản lý sức khỏe tinh thần của bản thân? [Gọi đến các đường dây hỗ trợ (ví dụ: Lifeline, Beyond Blue) để trò chuyện với người tư vấn về sức khỏe tinh thần]",Bạn quan tâm ở mức độ nào đến việc sử dụng các phương thức sau để hỗ trợ hoặc quản lý sức khỏe tinh thần của bản thân? [Tham gia các chương trình trực tuyến được thiết kế bài bản để học kỹ năng và chiến lược hỗ trợ tìm việc hoặc tiếp tục việc học],Bạn quan tâm ở mức độ nào đến việc sử dụng các phương thức sau để hỗ trợ hoặc quản lý sức khỏe tinh thần của bản thân? [Trò chuyện với “chuyên gia trị liệu chatbot” (một ứng dụng máy tính trò chuyện bằng văn bản) về sức khỏe tinh thần],Bạn quan tâm ở mức độ nào đến việc sử dụng các phương thức sau để hỗ trợ hoặc quản lý sức khỏe tinh thần của bản thân? [Sử dụng thực tế ảo (đeo kính VR để vào một thế giới ảo) để học kỹ năng và chiến lược nâng cao sức khỏe tinh thần],Bạn quan tâm ở mức độ nào đến việc sử dụng các phương thức sau để hỗ trợ hoặc quản lý sức khỏe tinh thần của bản thân? [Sử dụng thực tế ảo để kết nối và tương tác với chuyên gia về sức khỏe tinh thần],Bạn quan tâm ở mức độ nào đến việc sử dụng các phương thức sau để hỗ trợ hoặc quản lý sức khỏe tinh thần của bản thân? [Sử dụng thực tế tăng cường (chiếu hình ảnh kỹ thuật số vào thế giới thực) để học kỹ năng và chiến lược nâng cao sức khỏe tinh thần],Bạn quan tâm ở mức độ nào đến việc sử dụng các phương thức sau để hỗ trợ hoặc quản lý sức khỏe tinh thần của bản thân? [Tham gia các nhóm hỗ trợ tâm lý – xã hội nếu được tổ chức trên nền tảng thế giới ảo riêng tư (ví dụ: SecondLife hoặc The Sims)],Bạn quan tâm ở mức độ nào đến việc sử dụng các phương thức sau để hỗ trợ hoặc quản lý sức khỏe tinh thần của bản thân? [Chơi các trò chơi điện tử giúp học kỹ năng và chiến lược nâng cao sức khỏe tinh thần],"Theo bạn, các tính năng sau có mức độ liên quan như thế nào đối với một ứng dụng hỗ trợ sức khỏe tâm lý? [Thông tin giáo dục về tâm lý]","Theo bạn, các tính năng sau có mức độ liên quan như thế nào đối với một ứng dụng hỗ trợ sức khỏe tâm lý? [Tự đánh giá bản thân]","Theo bạn, các tính năng sau có mức độ liên quan như thế nào đối với một ứng dụng hỗ trợ sức khỏe tâm lý? [Đề xuất/Khuyến nghị]","Theo bạn, các tính năng sau có mức độ liên quan như thế nào đối với một ứng dụng hỗ trợ sức khỏe tâm lý? [Theo dõi triệu chứng]","Theo bạn, các tính năng sau có mức độ liên quan như thế nào đối với một ứng dụng hỗ trợ sức khỏe tâm lý? [Theo dõi tiến trình cải thiện]","Theo bạn, các tính năng sau có mức độ liên quan như thế nào đối với một ứng dụng hỗ trợ sức khỏe tâm lý? [Lưu hồ sơ: Phân tích đặc điểm cá nhân bằng sự ghi nhận mức độ tuân thủ điều trị và hệ thống phản hồi.]","Theo bạn, các tính năng sau có mức độ liên quan như thế nào đối với một ứng dụng hỗ trợ sức khỏe tâm lý? [Thiền, chánh niệm và bài tập thở]","Theo bạn, các tính năng sau có mức độ liên quan như thế nào đối với một ứng dụng hỗ trợ sức khỏe tâm lý? [Liệu pháp trị liệu nhận thức hành vi, thiền và chánh niệm]","Theo bạn, các tính năng sau có mức độ liên quan như thế nào đối với một ứng dụng hỗ trợ sức khỏe tâm lý? [Nhắc lịch hẹn và tóm tắt tình trạng]","Theo bạn, các tính năng sau có mức độ liên quan như thế nào đối với một ứng dụng hỗ trợ sức khỏe tâm lý? [Có tính tương tác cao và hấp dẫn (nhiều ngôn ngữ, văn bản dễ đọc, có âm thanh), có số liên hệ khẩn cấp]","Theo bạn, các tính năng sau có mức độ liên quan như thế nào đối với một ứng dụng hỗ trợ sức khỏe tâm lý? [Sự riêng tư/Cá nhân hóa trải nghiệm người dùng]","Theo bạn, các tính năng sau có mức độ liên quan như thế nào đối với một ứng dụng hỗ trợ sức khỏe tâm lý? [Bảo mật thông tin cá nhân]","Theo bạn, các tính năng sau có mức độ liên quan như thế nào đối với một ứng dụng hỗ trợ sức khỏe tâm lý? [An toàn/không gây hại/không rủi ro khi sử dụng]","Theo bạn, các tính năng sau có mức độ liên quan như thế nào đối với một ứng dụng hỗ trợ sức khỏe tâm lý? [Sau khi tải ứng dụng, có thể hoạt động khi online hoặc offline.]","Theo bạn, các tính năng sau có mức độ liên quan như thế nào đối với một ứng dụng hỗ trợ sức khỏe tâm lý? [Tự động kích hoạt khi có kết nối internet.]"
3/13/2026 14:42:26,Nam,23,Thành thị,Cao Đẳng/ Đại học,Có,Không,Không,Trung lập,Trung lập,Trung lập,Đồng ý,Trung lập,Trung lập,Không đồng ý,Trung lập,Đồng ý,Trung lập,Trung lập,Trung lập,Trung lập,Trung lập,Trung lập,Trung lập,Trung lập,Trung lập,Trung lập,Trung lập,Trung lập,Trung lập,Quan tâm ở mức trung bình,Quan tâm ở mức trung bình,Quan tâm ở mức trung bình,Quan tâm ở mức trung bình,Quan tâm ở mức trung bình,Quan tâm ở mức trung bình,Quan tâm ở mức trung bình,Quan tâm ở mức trung bình,Quan tâm ở mức trung bình,Quan tâm ở mức trung bình,Quan tâm ở mức trung bình,Quan tâm ở mức trung bình,Quan tâm ở mức trung bình,Quan tâm ở mức trung bình,Quan tâm ở mức trung bình,Quan tâm ở mức trung bình,Quan tâm ở mức trung bình,Quan tâm ở mức trung bình,Quan tâm ở mức trung bình,Quan tâm ở mức trung bình,Khá liên quan,Khá liên quan,Khá liên quan,Khá liên quan,Khá liên quan,Khá liên quan,Khá liên quan,Khá liên quan,Khá liên quan,Khá liên quan,Khá liên quan,Khá liên quan,Khá liên quan,Khá liên quan,Khá liên quan
3/15/2026 21:05:41,Nữ,23,Thành thị,Cao Đẳng/ Đại học,Có,Không,Không,Trung lập,Không đồng ý,Đồng ý,Đồng ý,Trung lập,Không đồng ý,Đồng ý,Không đồng ý,Không đồng ý,Đồng ý,Trung lập,Trung lập,Trung lập,Trung lập,Trung lập,Trung lập,Trung lập,Trung lập,Trung lập,Trung lập,Trung lập,Trung lập,Quan tâm ở mức trung bình,Quan tâm ở mức trung bình,Quan tâm ở mức trung bình,Quan tâm ở mức trung bình,Quan tâm ở mức trung bình,Quan tâm ở mức trung bình,Quan tâm ở mức trung bình,Quan tâm ở mức trung bình,Quan tâm ở mức trung bình,Quan tâm ở mức trung bình,Quan tâm ở mức trung bình,Quan tâm ở mức trung bình,Quan tâm ở mức trung bình,Quan tâm ở mức trung bình,Quan tâm ở mức trung bình,Quan tâm ở mức trung bình,Quan tâm ở mức trung bình,Quan tâm ở mức trung bình,Quan tâm ở mức trung bình,Quan tâm ở mức trung bình,Khá liên quan,Khá liên quan,Khá liên quan,Khá liên quan,Khá liên quan,Khá liên quan,Khá liên quan,Khá liên quan,Khá liên quan,Khá liên quan,Khá liên quan,Khá liên quan,Khá liên quan,Khá liên quan,Khá liên quan
3/16/2026 12:08:21,Nữ,25,Thành thị,Cao Đẳng/ Đại học,Có,Có,Không,Không đồng ý,Trung lập,Không đồng ý,Đồng ý,Đồng ý,Trung lập,Đồng ý,Không đồng ý,Đồng ý,Không đồng ý,Trung lập,Đồng ý,Đồng ý,Không đồng ý,Trung lập,Hoàn toàn không đồng ý,Trung lập,Trung lập,Trung lập,Trung lập,Không đồng ý,Trung lập,Khá quan tâm,Rất quan tâm,Quan tâm ở mức trung bình,Có hứng thú một chút,Hoàn toàn không quan tâm,Quan tâm ở mức trung bình,Khá quan tâm,Rất quan tâm,Rất quan tâm,Khá quan tâm,Khá quan tâm,Rất quan tâm,Quan tâm ở mức trung bình,Quan tâm ở mức trung bình,Khá quan tâm,Có hứng thú một chút,Có hứng thú một chút,Quan tâm ở mức trung bình,Quan tâm ở mức trung bình,Quan tâm ở mức trung bình,Khá liên quan,Rất liên quan,Khá liên quan,Khá liên quan,Rất liên quan,Khá liên quan,Rất liên quan,Khá liên quan,Rất liên quan,Hơi liên quan,Khá liên quan,Hơi liên quan,Hơi liên quan,Hơi liên quan,Khá liên quan
3/16/2026 12:24:02,Nữ,25,Nông thôn,Cao Đẳng/ Đại học,Có,Có,Không,Đồng ý,Không đồng ý,Trung lập,Đồng ý,Không đồng ý,Không đồng ý,Không đồng ý,Đồng ý,Đồng ý,Đồng ý,Không đồng ý,Đồng ý,Đồng ý,Không đồng ý,Đồng ý,Đồng ý,Không đồng ý,Trung lập,Không đồng ý,Không đồng ý,Không đồng ý,Không đồng ý,Rất quan tâm,Rất quan tâm,Rất quan tâm,Hoàn toàn không quan tâm,Hoàn toàn không quan tâm,Hoàn toàn không quan tâm,Hoàn toàn không quan tâm,Hoàn toàn không quan tâm,Hoàn toàn không quan tâm,Hoàn toàn không quan tâm,Khá quan tâm,Hoàn toàn không quan tâm,Hoàn toàn không quan tâm,Hoàn toàn không quan tâm,Khá quan tâm,Hoàn toàn không quan tâm,Hoàn toàn không quan tâm,Hoàn toàn không quan tâm,Hoàn toàn không quan tâm,Hoàn toàn không quan tâm,Khá liên quan,Rất liên quan,Rất liên quan,Rất liên quan,Rất liên quan,Rất liên quan,Không liên quan,Không liên quan,Rất liên quan,Khá liên quan,Rất liên quan,Rất liên quan,Rất liên quan,Rất liên quan,Rất liên quan
3/16/2026 12:49:07,Nữ,19,Thành thị,Cao Đẳng/ Đại học,Không,Có,Không,Đồng ý,Đồng ý,Đồng ý,Đồng ý,Đồng ý,Đồng ý,Đồng ý,Đồng ý,Đồng ý,Đồng ý,Đồng ý,Đồng ý,Đồng ý,Đồng ý,Đồng ý,Đồng ý,Đồng ý,Đồng ý,Đồng ý,Đồng ý,Đồng ý,Đồng ý,Khá quan tâm,Khá quan tâm,Khá quan tâm,Khá quan tâm,Khá quan tâm,Khá quan tâm,Khá quan tâm,Khá quan tâm,Khá quan tâm,Khá quan tâm,Khá quan tâm,Khá quan tâm,Khá quan tâm,Khá quan tâm,Khá quan tâm,Khá quan tâm,Khá quan tâm,Khá quan tâm,Khá quan tâm,Khá quan tâm,Khá liên quan,Khá liên quan,Khá liên quan,Khá liên quan,Khá liên quan,Khá liên quan,Khá liên quan,Khá liên quan,Khá liên quan,Khá liên quan,Khá liên quan,Khá liên quan,Khá liên quan,Khá liên quan,Khá liên quan
3/16/2026 12:52:12,Nữ,19,Thành thị,Cao Đẳng/ Đại học,Có,Không,Không,Không đồng ý,Trung lập,Đồng ý,Trung lập,Trung lập,Không đồng ý,Đồng ý,Trung lập,Đồng ý,Đồng ý,Không đồng ý,Đồng ý,Đồng ý,Đồng ý,Đồng ý,Đồng ý,Đồng ý,Đồng ý,Đồng ý,Trung lập,Trung lập,Trung lập,Quan tâm ở mức trung bình,Quan tâm ở mức trung bình,Quan tâm ở mức trung bình,Quan tâm ở mức trung bình,Quan tâm ở mức trung bình,Có hứng thú một chút,Có hứng thú một chút,Có hứng thú một chút,Quan tâm ở mức trung bình,Có hứng thú một chút,Quan tâm ở mức trung bình,Khá quan tâm,Có hứng thú một chút,Có hứng thú một chút,Có hứng thú một chút,Có hứng thú một chút,Có hứng thú một chút,Có hứng thú một chút,Có hứng thú một chút,Quan tâm ở mức trung bình,Khá liên quan,Khá liên quan,Khá liên quan,Khá liên quan,Khá liên quan,Khá liên quan,Hơi liên quan,Hơi liên quan,Khá liên quan,Khá liên quan,Khá liên quan,Rất liên quan,Rất liên quan,Khá liên quan,Khá liên quan
3/16/2026 12:52:18,Nam,19,Thành thị,Cao Đẳng/ Đại học,Có,Không,Không,Đồng ý,Hoàn toàn không đồng ý,Hoàn toàn đồng ý,Hoàn toàn đồng ý,Đồng ý,Đồng ý,Hoàn toàn đồng ý,Trung lập,Không đồng ý,Đồng ý,Trung lập,Đồng ý,Trung lập,Đồng ý,Đồng ý,Đồng ý,Đồng ý,Đồng ý,Trung lập,Không đồng ý,Trung lập,Trung lập,Quan tâm ở mức trung bình,Khá quan tâm,Khá quan tâm,Quan tâm ở mức trung bình,Quan tâm ở mức trung bình,Quan tâm ở mức trung bình,Khá quan tâm,Khá quan tâm,Quan tâm ở mức trung bình,Quan tâm ở mức trung bình,Quan tâm ở mức trung bình,Quan tâm ở mức trung bình,Quan tâm ở mức trung bình,Quan tâm ở mức trung bình,Khá quan tâm,Khá quan tâm,Khá quan tâm,Khá quan tâm,Quan tâm ở mức trung bình,Khá quan tâm,Rất liên quan,Rất liên quan,Rất liên quan,Rất liên quan,Rất liên quan,Rất liên quan,Khá liên quan,Khá liên quan,Rất liên quan,Rất liên quan,Rất liên quan,Rất liên quan,Rất liên quan,Rất liên quan,Khá liên quan
3/16/2026 12:52:48,Nữ,19,Thành thị,Cao Đẳng/ Đại học,Có,Không,Không,Không đồng ý,Trung lập,Không đồng ý,Trung lập,Không đồng ý,Không đồng ý,Không đồng ý,Đồng ý,Trung lập,Đồng ý,Trung lập,Trung lập,Trung lập,Trung lập,Trung lập,Trung lập,Trung lập,Trung lập,Trung lập,Trung lập,Trung lập,Trung lập,Có hứng thú một chút,Có hứng thú một chút,Có hứng thú một chút,Có hứng thú một chút,Có hứng thú một chút,Có hứng thú một chút,Có hứng thú một chút,Có hứng thú một chút,Có hứng thú một chút,Có hứng thú một chút,Có hứng thú một chút,Có hứng thú một chút,Có hứng thú một chút,Có hứng thú một chút,Có hứng thú một chút,Có hứng thú một chút,Có hứng thú một chút,Có hứng thú một chút,Có hứng thú một chút,Có hứng thú một chút,Khá liên quan,Khá liên quan,Khá liên quan,Khá liên quan,Khá liên quan,Khá liên quan,Khá liên quan,Khá liên quan,Khá liên quan,Khá liên quan,Khá liên quan,Khá liên quan,Khá liên quan,Khá liên quan,Khá liên quan
3/16/2026 13:11:31,Nữ,24,Thành thị,Sau Đại học,Có,Không,Không,Trung lập,Hoàn toàn không đồng ý,Đồng ý,Hoàn toàn đồng ý,Hoàn toàn đồng ý,Trung lập,Trung lập,Không đồng ý,Hoàn toàn không đồng ý,Trung lập,Trung lập,Trung lập,Trung lập,Trung lập,Trung lập,Trung lập,Trung lập,Trung lập,Trung lập,Trung lập,Trung lập,Trung lập,Có hứng thú một chút,Có hứng thú một chút,Quan tâm ở mức trung bình,Quan tâm ở mức trung bình,Quan tâm ở mức trung bình,Quan tâm ở mức trung bình,Quan tâm ở mức trung bình,Quan tâm ở mức trung bình,Có hứng thú một chút,Có hứng thú một chút,Quan tâm ở mức trung bình,Quan tâm ở mức trung bình,Có hứng thú một chút,Quan tâm ở mức trung bình,Có hứng thú một chút,Có hứng thú một chút,Có hứng thú một chút,Có hứng thú một chút,Có hứng thú một chút,Có hứng thú một chút,Khá liên quan,Khá liên quan,Hơi liên quan,Khá liên quan,Khá liên quan,Khá liên quan,Khá liên quan,Rất liên quan,Hơi liên quan,Hơi liên quan,Khá liên quan,Khá liên quan,Khá liên quan,Không liên quan,Không liên quan
3/16/2026 13:16:02,Nữ,24,Thành thị,Sau Đại học,Có,Không,Không,Trung lập,Trung lập,Trung lập,Đồng ý,Trung lập,Đồng ý,Trung lập,Trung lập,Đồng ý,Đồng ý,Trung lập,Trung lập,Trung lập,Trung lập,Đồng ý,Đồng ý,Trung lập,Trung lập,Trung lập,Trung lập,Trung lập,Trung lập,Quan tâm ở mức trung bình,Quan tâm ở mức trung bình,Khá quan tâm,Có hứng thú một chút,Có hứng thú một chút,Có hứng thú một chút,Quan tâm ở mức trung bình,Quan tâm ở mức trung bình,Quan tâm ở mức trung bình,Quan tâm ở mức trung bình,Quan tâm ở mức trung bình,Quan tâm ở mức trung bình,Hoàn toàn không quan tâm,Có hứng thú một chút,Có hứng thú một chút,Có hứng thú một chút,Có hứng thú một chút,Có hứng thú một chút,Có hứng thú một chút,Có hứng thú một chút,Hơi liên quan,Hơi liên quan,Khá liên quan,Khá liên quan,Rất liên quan,Rất liên quan,Hơi liên quan,Hơi liên quan,Khá liên quan,Khá liên quan,Khá liên quan,Rất liên quan,Rất liên quan,Rất liên quan,Rất liên quan
3/16/2026 13:20:17,Nữ,25,Thành thị,Cao Đẳng/ Đại học,Có,Không,Không,Hoàn toàn đồng ý,Hoàn toàn đồng ý,Hoàn toàn đồng ý,Hoàn toàn đồng ý,Hoàn toàn đồng ý,Hoàn toàn đồng ý,Hoàn toàn đồng ý,Hoàn toàn đồng ý,Hoàn toàn đồng ý,Hoàn toàn đồng ý,Hoàn toàn đồng ý,Hoàn toàn đồng ý,Hoàn toàn đồng ý,Hoàn toàn đồng ý,Hoàn toàn đồng ý,Hoàn toàn đồng ý,Hoàn toàn đồng ý,Hoàn toàn đồng ý,Hoàn toàn đồng ý,Hoàn toàn đồng ý,Hoàn toàn đồng ý,Hoàn toàn đồng ý,Rất quan tâm,Rất quan tâm,Rất quan tâm,Rất quan tâm,Rất quan tâm,Rất quan tâm,Rất quan tâm,Rất quan tâm,Rất quan tâm,Rất quan tâm,Rất quan tâm,Rất quan tâm,Rất quan tâm,Rất quan tâm,Rất quan tâm,Rất quan tâm,Rất quan tâm,Rất quan tâm,Rất quan tâm,Rất quan tâm,Rất liên quan,Rất liên quan,Rất liên quan,Rất liên quan,Rất liên quan,Rất liên quan,Rất liên quan,Rất liên quan,Rất liên quan,Rất liên quan,Rất liên quan,Rất liên quan,Rất liên quan,Rất liên quan,Rất liên quan
3/16/2026 13:25:09,Nữ,25,Thành thị,Cao Đẳng/ Đại học,Không,Không,Không,Trung lập,Không đồng ý,Trung lập,Đồng ý,Đồng ý,Đồng ý,Đồng ý,Trung lập,Không đồng ý,Trung lập,Không đồng ý,Đồng ý,Trung lập,Trung lập,Trung lập,Đồng ý,Trung lập,Đồng ý,Trung lập,Trung lập,Trung lập,Trung lập,Có hứng thú một chút,Có hứng thú một chút,Có hứng thú một chút,Có hứng thú một chút,Có hứng thú một chút,Có hứng thú một chút,Có hứng thú một chút,Có hứng thú một chút,Có hứng thú một chút,Có hứng thú một chút,Có hứng thú một chút,Có hứng thú một chút,Có hứng thú một chút,Có hứng thú một chút,Có hứng thú một chút,Có hứng thú một chút,Có hứng thú một chút,Có hứng thú một chút,Quan tâm ở mức trung bình,Quan tâm ở mức trung bình,Rất liên quan,Rất liên quan,Khá liên quan,Rất liên quan,Rất liên quan,Rất liên quan,Hơi liên quan,Hơi liên quan,Hơi liên quan,Hơi liên quan,Rất liên quan,Rất liên quan,Rất liên quan,Rất liên quan,Rất liên quan
3/16/2026 13:30:40,Nữ,18,Thành thị,Cao Đẳng/ Đại học,Có,Có,Không,Đồng ý,Không đồng ý,Trung lập,Đồng ý,Trung lập,Không đồng ý,Hoàn toàn đồng ý,Không đồng ý,Đồng ý,Trung lập,Không đồng ý,Đồng ý,Trung lập,Không đồng ý,Đồng ý,Trung lập,Đồng ý,Trung lập,Trung lập,Không đồng ý,Trung lập,Trung lập,Quan tâm ở mức trung bình,Quan tâm ở mức trung bình,Quan tâm ở mức trung bình,Hoàn toàn không quan tâm,Có hứng thú một chút,Hoàn toàn không quan tâm,Hoàn toàn không quan tâm,Hoàn toàn không quan tâm,Hoàn toàn không quan tâm,Hoàn toàn không quan tâm,Hoàn toàn không quan tâm,Có hứng thú một chút,Hoàn toàn không quan tâm,Có hứng thú một chút,Quan tâm ở mức trung bình,Hoàn toàn không quan tâm,Hoàn toàn không quan tâm,Hoàn toàn không quan tâm,Có hứng thú một chút,Hoàn toàn không quan tâm,Rất liên quan,Rất liên quan,Khá liên quan,Khá liên quan,Khá liên quan,Khá liên quan,Hơi liên quan,Không liên quan,Khá liên quan,Khá liên quan,Rất liên quan,Rất liên quan,Rất liên quan,Rất liên quan,Không liên quan
3/16/2026 13:31:15,Nam,21,Thành thị,Cao Đẳng/ Đại học,Có,Có,Không,Đồng ý,Hoàn toàn đồng ý,Hoàn toàn đồng ý,Trung lập,Trung lập,Trung lập,Hoàn toàn không đồng ý,Trung lập,Trung lập,Đồng ý,Trung lập,Không đồng ý,Trung lập,Trung lập,Đồng ý,Trung lập,Hoàn toàn đồng ý,Trung lập,Trung lập,Không đồng ý,Không đồng ý,Không đồng ý,Khá quan tâm,Có hứng thú một chút,Có hứng thú một chút,Khá quan tâm,Quan tâm ở mức trung bình,Khá quan tâm,Quan tâm ở mức trung bình,Có hứng thú một chút,Quan tâm ở mức trung bình,Khá quan tâm,Khá quan tâm,Quan tâm ở mức trung bình,Hoàn toàn không quan tâm,Có hứng thú một chút,Rất quan tâm,Khá quan tâm,Khá quan tâm,Có hứng thú một chút,Hoàn toàn không quan tâm,Rất quan tâm,Rất liên quan,Rất liên quan,Hơi liên quan,Rất liên quan,Rất liên quan,Rất liên quan,Hơi liên quan,Hơi liên quan,Hơi liên quan,Khá liên quan,Rất liên quan,Rất liên quan,Rất liên quan,Rất liên quan,Không liên quan
3/16/2026 13:38:22,Nữ,18,Nông thôn,Cao Đẳng/ Đại học,Có,Có,Không,Đồng ý,Đồng ý,Đồng ý,Đồng ý,Đồng ý,Đồng ý,Đồng ý,Đồng ý,Đồng ý,Đồng ý,Đồng ý,Đồng ý,Đồng ý,Đồng ý,Đồng ý,Đồng ý,Đồng ý,Đồng ý,Đồng ý,Đồng ý,Đồng ý,Đồng ý,Khá quan tâm,Khá quan tâm,Khá quan tâm,Khá quan tâm,Khá quan tâm,Khá quan tâm,Khá quan tâm,Khá quan tâm,Khá quan tâm,Khá quan tâm,Khá quan tâm,Khá quan tâm,Khá quan tâm,Khá quan tâm,Khá quan tâm,Khá quan tâm,Khá quan tâm,Khá quan tâm,Khá quan tâm,Khá quan tâm,Khá liên quan,Khá liên quan,Khá liên quan,Khá liên quan,Khá liên quan,Khá liên quan,Khá liên quan,Khá liên quan,Khá liên quan,Khá liên quan,Khá liên quan,Khá liên quan,Khá liên quan,Khá liên quan,Khá liên quan
3/16/2026 13:40:59,Nam,25,Nông thôn,Cao Đẳng/ Đại học,Có,Không,Không,Trung lập,Trung lập,Trung lập,Trung lập,Trung lập,Trung lập,Trung lập,Trung lập,Trung lập,Trung lập,Trung lập,Trung lập,Trung lập,Trung lập,Trung lập,Trung lập,Trung lập,Trung lập,Trung lập,Trung lập,Trung lập,Trung lập,Hoàn toàn không quan tâm,Hoàn toàn không quan tâm,Hoàn toàn không quan tâm,Hoàn toàn không quan tâm,Hoàn toàn không quan tâm,Hoàn toàn không quan tâm,Hoàn toàn không quan tâm,Hoàn toàn không quan tâm,Hoàn toàn không quan tâm,Hoàn toàn không quan tâm,Hoàn toàn không quan tâm,Hoàn toàn không quan tâm,Hoàn toàn không quan tâm,Hoàn toàn không quan tâm,Hoàn toàn không quan tâm,Hoàn toàn không quan tâm,Hoàn toàn không quan tâm,Hoàn toàn không quan tâm,Hoàn toàn không quan tâm,Hoàn toàn không quan tâm,Hơi liên quan,Hơi liên quan,Hơi liên quan,Hơi liên quan,Hơi liên quan,Hơi liên quan,Hơi liên quan,Hơi liên quan,Hơi liên quan,Hơi liên quan,Hơi liên quan,Hơi liên quan,Hơi liên quan,Hơi liên quan,Hơi liên quan
3/16/2026 13:41:10,Nữ,23,Thành thị,Trung học phổ thông,Có,Có,Không,Hoàn toàn không đồng ý,Trung lập,Trung lập,Trung lập,Trung lập,Trung lập,Trung lập,Đồng ý,Đồng ý,Đồng ý,Trung lập,Đồng ý,Đồng ý,Trung lập,Trung lập,Trung lập,Trung lập,Trung lập,Trung lập,Trung lập,Trung lập,Trung lập,Có hứng thú một chút,Hoàn toàn không quan tâm,Hoàn toàn không quan tâm,Có hứng thú một chút,Có hứng thú một chút,Có hứng thú một chút,Có hứng thú một chút,Có hứng thú một chút,Có hứng thú một chút,Có hứng thú một chút,Có hứng thú một chút,Có hứng thú một chút,Hoàn toàn không quan tâm,Có hứng thú một chút,Quan tâm ở mức trung bình,Có hứng thú một chút,Có hứng thú một chút,Có hứng thú một chút,Có hứng thú một chút,Có hứng thú một chút,Khá liên quan,Hơi liên quan,Hơi liên quan,Khá liên quan,Rất liên quan,Khá liên quan,Rất liên quan,Rất liên quan,Khá liên quan,Khá liên quan,Khá liên quan,Rất liên quan,Rất liên quan,Rất liên quan,Hơi liên quan
3/16/2026 13:41:11,Nam,24,Nông thôn,Cao Đẳng/ Đại học,Có,Có,Không,Đồng ý,Đồng ý,Trung lập,Đồng ý,Đồng ý,Đồng ý,Đồng ý,Đồng ý,Đồng ý,Đồng ý,Đồng ý,Hoàn toàn đồng ý,Đồng ý,Hoàn toàn đồng ý,Đồng ý,Hoàn toàn đồng ý,Đồng ý,Đồng ý,Hoàn toàn đồng ý,Đồng ý,Đồng ý,Đồng ý,Khá quan tâm,Rất quan tâm,Khá quan tâm,Khá quan tâm,Khá quan tâm,Rất quan tâm,Khá quan tâm,Quan tâm ở mức trung bình,Rất quan tâm,Khá quan tâm,Rất quan tâm,Khá quan tâm,Rất quan tâm,Khá quan tâm,Khá quan tâm,Khá quan tâm,Khá quan tâm,Rất quan tâm,Rất quan tâm,Khá quan tâm,Khá liên quan,Khá liên quan,Khá liên quan,Rất liên quan,Rất liên quan,Rất liên quan,Rất liên quan,Rất liên quan,Rất liên quan,Khá liên quan,Khá liên quan,Khá liên quan,Khá liên quan,Rất liên quan,Rất liên quan
3/16/2026 13:41:58,Nam,24,Nông thôn,Cao Đẳng/ Đại học,Có,Không,Không,Trung lập,Trung lập,Trung lập,Trung lập,Trung lập,Trung lập,Trung lập,Trung lập,Trung lập,Trung lập,Trung lập,Trung lập,Trung lập,Trung lập,Trung lập,Trung lập,Trung lập,Trung lập,Trung lập,Trung lập,Trung lập,Trung lập,Quan tâm ở mức trung bình,Quan tâm ở mức trung bình,Quan tâm ở mức trung bình,Quan tâm ở mức trung bình,Quan tâm ở mức trung bình,Quan tâm ở mức trung bình,Quan tâm ở mức trung bình,Quan tâm ở mức trung bình,Quan tâm ở mức trung bình,Quan tâm ở mức trung bình,Quan tâm ở mức trung bình,Quan tâm ở mức trung bình,Quan tâm ở mức trung bình,Quan tâm ở mức trung bình,Quan tâm ở mức trung bình,Quan tâm ở mức trung bình,Quan tâm ở mức trung bình,Quan tâm ở mức trung bình,Quan tâm ở mức trung bình,Quan tâm ở mức trung bình,Hơi liên quan,Hơi liên quan,Hơi liên quan,Hơi liên quan,Hơi liên quan,Hơi liên quan,Hơi liên quan,Hơi liên quan,Hơi liên quan,Hơi liên quan,Hơi liên quan,Hơi liên quan,Hơi liên quan,Hơi liên quan,Hơi liên quan
3/16/2026 13:44:46,Nữ,24,Nông thôn,Cao Đẳng/ Đại học,Có,Không,Không,Đồng ý,Trung lập,Trung lập,Trung lập,Đồng ý,Đồng ý,Đồng ý,Trung lập,Trung lập,Đồng ý,Trung lập,Đồng ý,Đồng ý,Trung lập,Đồng ý,Đồng ý,Đồng ý,Đồng ý,Đồng ý,Trung lập,Đồng ý,Trung lập,Khá quan tâm,Khá quan tâm,Khá quan tâm,Khá quan tâm,Quan tâm ở mức trung bình,Quan tâm ở mức trung bình,Khá quan tâm,Khá quan tâm,Khá quan tâm,Khá quan tâm,Khá quan tâm,Khá quan tâm,Khá quan tâm,Khá quan tâm,Khá quan tâm,Khá quan tâm,Khá quan tâm,Khá quan tâm,Khá quan tâm,Khá quan tâm,Khá liên quan,Rất liên quan,Khá liên quan,Rất liên quan,Rất liên quan,Khá liên quan,Khá liên quan,Khá liên quan,Khá liên quan,Khá liên quan,Rất liên quan,Rất liên quan,Rất liên quan,Rất liên quan,Rất liên quan
3/16/2026 13:45:24,Nữ,23,Nông thôn,Cao Đẳng/ Đại học,Có,Không,Không,Trung lập,Trung lập,Trung lập,Trung lập,Trung lập,Trung lập,Đồng ý,Không đồng ý,Đồng ý,Trung lập,Trung lập,Trung lập,Trung lập,Trung lập,Trung lập,Trung lập,Trung lập,Không đồng ý,Đồng ý,Không đồng ý,Đồng ý,Trung lập,Quan tâm ở mức trung bình,Có hứng thú một chút,Quan tâm ở mức trung bình,Có hứng thú một chút,Quan tâm ở mức trung bình,Khá quan tâm,Có hứng thú một chút,Quan tâm ở mức trung bình,Quan tâm ở mức trung bình,Quan tâm ở mức trung bình,Có hứng thú một chút,Khá quan tâm,Quan tâm ở mức trung bình,Khá quan tâm,Có hứng thú một chút,Có hứng thú một chút,Quan tâm ở mức trung bình,Quan tâm ở mức trung bình,Quan tâm ở mức trung bình,Quan tâm ở mức trung bình,Khá liên quan,Khá liên quan,Hơi liên quan,Rất liên quan,Khá liên quan,Khá liên quan,Khá liên quan,Hơi liên quan,Khá liên quan,Hơi liên quan,Rất liên quan,Khá liên quan,Khá liên quan,Rất liên quan,Hơi liên quan
3/16/2026 13:46:04,Nam,24,Nông thôn,Cao Đẳng/ Đại học,Không,Không,Không,Đồng ý,Đồng ý,Đồng ý,Đồng ý,Đồng ý,Đồng ý,Đồng ý,Đồng ý,Đồng ý,Đồng ý,Đồng ý,Đồng ý,Đồng ý,Đồng ý,Đồng ý,Đồng ý,Đồng ý,Đồng ý,Đồng ý,Đồng ý,Đồng ý,Đồng ý,Quan tâm ở mức trung bình,Quan tâm ở mức trung bình,Khá quan tâm,Khá quan tâm,Khá quan tâm,Quan tâm ở mức trung bình,Khá quan tâm,Khá quan tâm,Khá quan tâm,Khá quan tâm,Quan tâm ở mức trung bình,Khá quan tâm,Khá quan tâm,Quan tâm ở mức trung bình,Khá quan tâm,Quan tâm ở mức trung bình,Khá quan tâm,Quan tâm ở mức trung bình,Khá quan tâm,Quan tâm ở mức trung bình,Khá liên quan,Khá liên quan,Khá liên quan,Khá liên quan,Khá liên quan,Khá liên quan,Khá liên quan,Khá liên quan,Khá liên quan,Khá liên quan,Khá liên quan,Khá liên quan,Khá liên quan,Khá liên quan,Khá liên quan
3/16/2026 13:46:06,Nữ,24,Nông thôn,Cao Đẳng/ Đại học,Có,Có,Có,Trung lập,Trung lập,Trung lập,Trung lập,Trung lập,Trung lập,Trung lập,Trung lập,Trung lập,Trung lập,Trung lập,Trung lập,Trung lập,Trung lập,Trung lập,Trung lập,Trung lập,Trung lập,Trung lập,Trung lập,Trung lập,Trung lập,Quan tâm ở mức trung bình,Quan tâm ở mức trung bình,Quan tâm ở mức trung bình,Quan tâm ở mức trung bình,Quan tâm ở mức trung bình,Quan tâm ở mức trung bình,Quan tâm ở mức trung bình,Quan tâm ở mức trung bình,Quan tâm ở mức trung bình,Quan tâm ở mức trung bình,Quan tâm ở mức trung bình,Quan tâm ở mức trung bình,Quan tâm ở mức trung bình,Quan tâm ở mức trung bình,Quan tâm ở mức trung bình,Quan tâm ở mức trung bình,Quan tâm ở mức trung bình,Quan tâm ở mức trung bình,Quan tâm ở mức trung bình,Quan tâm ở mức trung bình,Khá liên quan,Khá liên quan,Khá liên quan,Khá liên quan,Khá liên quan,Khá liên quan,Khá liên quan,Khá liên quan,Khá liên quan,Khá liên quan,Khá liên quan,Khá liên quan,Khá liên quan,Khá liên quan,Khá liên quan
3/16/2026 13:46:59,Nữ,24,Nông thôn,Cao Đẳng/ Đại học,Có,Không,Không,Đồng ý,Hoàn toàn không đồng ý,Hoàn toàn đồng ý,Hoàn toàn đồng ý,Đồng ý,Hoàn toàn đồng ý,Hoàn toàn đồng ý,Đồng ý,Không đồng ý,Hoàn toàn đồng ý,Trung lập,Đồng ý,Đồng ý,Trung lập,Trung lập,Đồng ý,Trung lập,Trung lập,Trung lập,Trung lập,Trung lập,Trung lập,Khá quan tâm,Khá quan tâm,Rất quan tâm,Khá quan tâm,Khá quan tâm,Khá quan tâm,Khá quan tâm,Khá quan tâm,Khá quan tâm,Khá quan tâm,Khá quan tâm,Khá quan tâm,Rất quan tâm,Khá quan tâm,Khá quan tâm,Quan tâm ở mức trung bình,Quan tâm ở mức trung bình,Quan tâm ở mức trung bình,Khá quan tâm,Khá quan tâm,Rất liên quan,Rất liên quan,Khá liên quan,Rất liên quan,Rất liên quan,Rất liên quan,Rất liên quan,Rất liên quan,Rất liên quan,Rất liên quan,Rất liên quan,Rất liên quan,Rất liên quan,Rất liên quan,Không liên quan
3/16/2026 13:47:26,Nam,23,Thành thị,Cao Đẳng/ Đại học,Không,Không,Không,Trung lập,Đồng ý,Đồng ý,Trung lập,Trung lập,Đồng ý,Đồng ý,Trung lập,Trung lập,Đồng ý,Đồng ý,Trung lập,Đồng ý,Đồng ý,Đồng ý,Đồng ý,Trung lập,Đồng ý,Đồng ý,Đồng ý,Đồng ý,Trung lập,Khá quan tâm,Khá quan tâm,Khá quan tâm,Khá quan tâm,Khá quan tâm,Khá quan tâm,Quan tâm ở mức trung bình,Khá quan tâm,Quan tâm ở mức trung bình,Khá quan tâm,Quan tâm ở mức trung bình,Khá quan tâm,Quan tâm ở mức trung bình,Khá quan tâm,Quan tâm ở mức trung bình,Khá quan tâm,Khá quan tâm,Quan tâm ở mức trung bình,Khá quan tâm,Khá quan tâm,Khá liên quan,Khá liên quan,Khá liên quan,Rất liên quan,Rất liên quan,Khá liên quan,Rất liên quan,Rất liên quan,Rất liên quan,Rất liên quan,Rất liên quan,Rất liên quan,Rất liên quan,Khá liên quan,Khá liên quan
3/16/2026 13:47:31,Nữ,25,Thành thị,Cao Đẳng/ Đại học,Có,Không,Không,Trung lập,Không đồng ý,Trung lập,Không đồng ý,Đồng ý,Trung lập,Không đồng ý,Đồng ý,Trung lập,Trung lập,Trung lập,Trung lập,Trung lập,Trung lập,Đồng ý,Đồng ý,Trung lập,Trung lập,Trung lập,Đồng ý,Trung lập,Đồng ý,Có hứng thú một chút,Quan tâm ở mức trung bình,Quan tâm ở mức trung bình,Quan tâm ở mức trung bình,Quan tâm ở mức trung bình,Quan tâm ở mức trung bình,Quan tâm ở mức trung bình,Quan tâm ở mức trung bình,Quan tâm ở mức trung bình,Quan tâm ở mức trung bình,Quan tâm ở mức trung bình,Có hứng thú một chút,Có hứng thú một chút,Có hứng thú một chút,Có hứng thú một chút,Có hứng thú một chút,Có hứng thú một chút,Có hứng thú một chút,Có hứng thú một chút,Có hứng thú một chút,Khá liên quan,Khá liên quan,Khá liên quan,Khá liên quan,Khá liên quan,Khá liên quan,Khá liên quan,Khá liên quan,Khá liên quan,Khá liên quan,Khá liên quan,Khá liên quan,Khá liên quan,Khá liên quan,Khá liên quan
3/16/2026 13:47:37,Nam,25,Nông thôn,Sau Đại học,Có,Có,Không,Trung lập,Đồng ý,Trung lập,Hoàn toàn đồng ý,Đồng ý,Trung lập,Đồng ý,Trung lập,Trung lập,Đồng ý,Đồng ý,Hoàn toàn đồng ý,Hoàn toàn đồng ý,Trung lập,Trung lập,Trung lập,Đồng ý,Trung lập,Đồng ý,Trung lập,Không đồng ý,Trung lập,Có hứng thú một chút,Quan tâm ở mức trung bình,Quan tâm ở mức trung bình,Có hứng thú một chút,Có hứng thú một chút,Hoàn toàn không quan tâm,Hoàn toàn không quan tâm,Có hứng thú một chút,Có hứng thú một chút,Có hứng thú một chút,Quan tâm ở mức trung bình,Khá quan tâm,Có hứng thú một chút,Có hứng thú một chút,Quan tâm ở mức trung bình,Khá quan tâm,Khá quan tâm,Quan tâm ở mức trung bình,Có hứng thú một chút,Rất quan tâm,Khá liên quan,Rất liên quan,Rất liên quan,Rất liên quan,Rất liên quan,Khá liên quan,Hơi liên quan,Hơi liên quan,Khá liên quan,Khá liên quan,Rất liên quan,Rất liên quan,Khá liên quan,Khá liên quan,Khá liên quan
3/16/2026 13:47:42,Nữ,24,Nông thôn,Cao Đẳng/ Đại học,Có,Không,Không,Đồng ý,Trung lập,Đồng ý,Trung lập,Trung lập,Trung lập,Không đồng ý,Không đồng ý,Trung lập,Đồng ý,Trung lập,Đồng ý,Đồng ý,Trung lập,Trung lập,Trung lập,Trung lập,Trung lập,Trung lập,Không đồng ý,Trung lập,Trung lập,Quan tâm ở mức trung bình,Quan tâm ở mức trung bình,Khá quan tâm,Quan tâm ở mức trung bình,Quan tâm ở mức trung bình,Quan tâm ở mức trung bình,Khá quan tâm,Khá quan tâm,Khá quan tâm,Quan tâm ở mức trung bình,Khá quan tâm,Quan tâm ở mức trung bình,Có hứng thú một chút,Có hứng thú một chút,Có hứng thú một chút,Có hứng thú một chút,Quan tâm ở mức trung bình,Quan tâm ở mức trung bình,Quan tâm ở mức trung bình,Quan tâm ở mức trung bình,Khá liên quan,Khá liên quan,Khá liên quan,Khá liên quan,Hơi liên quan,Hơi liên quan,Hơi liên quan,Hơi liên quan,Khá liên quan,Hơi liên quan,Khá liên quan,Khá liên quan,Khá liên quan,Khá liên quan,Hơi liên quan
3/16/2026 13:48:08,Nữ,22,Nông thôn,Cao Đẳng/ Đại học,Có,Có,Không,Không đồng ý,Không đồng ý,Đồng ý,Đồng ý,Đồng ý,Đồng ý,Đồng ý,Không đồng ý,Đồng ý,Đồng ý,Không đồng ý,Đồng ý,Đồng ý,Đồng ý,Đồng ý,Đồng ý,Đồng ý,Đồng ý,Đồng ý,Không đồng ý,Không đồng ý,Không đồng ý,Khá quan tâm,Khá quan tâm,Khá quan tâm,Khá quan tâm,Khá quan tâm,Quan tâm ở mức trung bình,Quan tâm ở mức trung bình,Khá quan tâm,Quan tâm ở mức trung bình,Có hứng thú một chút,Khá quan tâm,Khá quan tâm,Khá quan tâm,Khá quan tâm,Khá quan tâm,Khá quan tâm,Khá quan tâm,Khá quan tâm,Khá quan tâm,Khá quan tâm,Khá liên quan,Rất liên quan,Hơi liên quan,Khá liên quan,Rất liên quan,Rất liên quan,Hơi liên quan,Hơi liên quan,Khá liên quan,Khá liên quan,Khá liên quan,Khá liên quan,Khá liên quan,Khá liên quan,Khá liên quan
3/16/2026 13:48:09,Nữ,24,Thành thị,Cao Đẳng/ Đại học,Có,Có,Không,Trung lập,Đồng ý,Đồng ý,Hoàn toàn đồng ý,Đồng ý,Đồng ý,Đồng ý,Trung lập,Không đồng ý,Trung lập,Không đồng ý,Trung lập,Không đồng ý,Trung lập,Đồng ý,Đồng ý,Đồng ý,Đồng ý,Đồng ý,Đồng ý,Hoàn toàn đồng ý,Hoàn toàn đồng ý,Có hứng thú một chút,Quan tâm ở mức trung bình,Rất quan tâm,Rất quan tâm,Khá quan tâm,Rất quan tâm,Rất quan tâm,Rất quan tâm,Rất quan tâm,Khá quan tâm,Khá quan tâm,Khá quan tâm,Khá quan tâm,Khá quan tâm,Khá quan tâm,Khá quan tâm,Khá quan tâm,Rất quan tâm,Rất quan tâm,Rất quan tâm,Rất liên quan,Khá liên quan,Khá liên quan,Khá liên quan,Khá liên quan,Rất liên quan,Rất liên quan,Khá liên quan,Khá liên quan,Rất liên quan,Khá liên quan,Rất liên quan,Rất liên quan,Rất liên quan,Rất liên quan
3/16/2026 13:48:59,Nữ,19,Nông thôn,Cao Đẳng/ Đại học,Có,Có,Không,Không đồng ý,Không đồng ý,Đồng ý,Đồng ý,Đồng ý,Đồng ý,Trung lập,Không đồng ý,Trung lập,Không đồng ý,Trung lập,Trung lập,Trung lập,Đồng ý,Trung lập,Hoàn toàn đồng ý,Trung lập,Trung lập,Trung lập,Không đồng ý,Trung lập,Trung lập,Khá quan tâm,Khá quan tâm,Có hứng thú một chút,Quan tâm ở mức trung bình,Hoàn toàn không quan tâm,Hoàn toàn không quan tâm,Quan tâm ở mức trung bình,Có hứng thú một chút,Có hứng thú một chút,Quan tâm ở mức trung bình,Khá quan tâm,Quan tâm ở mức trung bình,Có hứng thú một chút,Có hứng thú một chút,Có hứng thú một chút,Quan tâm ở mức trung bình,Quan tâm ở mức trung bình,Có hứng thú một chút,Có hứng thú một chút,Khá quan tâm,Rất liên quan,Rất liên quan,Khá liên quan,Rất liên quan,Rất liên quan,Rất liên quan,Khá liên quan,Khá liên quan,Rất liên quan,Rất liên quan,Rất liên quan,Rất liên quan,Rất liên quan,Khá liên quan,Khá liên quan
3/16/2026 13:53:22,Nữ,18,Nông thôn,Cao Đẳng/ Đại học,Có,Có,Không,Trung lập,Trung lập,Đồng ý,Đồng ý,Trung lập,Trung lập,Đồng ý,Trung lập,Đồng ý,Trung lập,Trung lập,Đồng ý,Trung lập,Trung lập,Trung lập,Đồng ý,Trung lập,Trung lập,Trung lập,Không đồng ý,Không đồng ý,Trung lập,Có hứng thú một chút,Quan tâm ở mức trung bình,Quan tâm ở mức trung bình,Có hứng thú một chút,Có hứng thú một chút,Có hứng thú một chút,Quan tâm ở mức trung bình,Có hứng thú một chút,Có hứng thú một chút,Có hứng thú một chút,Quan tâm ở mức trung bình,Có hứng thú một chút,Có hứng thú một chút,Có hứng thú một chút,Quan tâm ở mức trung bình,Hoàn toàn không quan tâm,Hoàn toàn không quan tâm,Hoàn toàn không quan tâm,Hoàn toàn không quan tâm,Có hứng thú một chút,Khá liên quan,Khá liên quan,Khá liên quan,Khá liên quan,Khá liên quan,Khá liên quan,Khá liên quan,Khá liên quan,Khá liên quan,Khá liên quan,Khá liên quan,Khá liên quan,Khá liên quan,Khá liên quan,Khá liên quan
3/16/2026 13:54:06,Nam,18,Thành thị,Cao Đẳng/ Đại học,Có,Có,Không,Đồng ý,Không đồng ý,Hoàn toàn đồng ý,Hoàn toàn đồng ý,Đồng ý,Trung lập,Không đồng ý,Trung lập,Không đồng ý,Trung lập,Trung lập,Đồng ý,Đồng ý,Trung lập,Trung lập,Đồng ý,Trung lập,Trung lập,Đồng ý,Không đồng ý,Không đồng ý,Đồng ý,Có hứng thú một chút,Hoàn toàn không quan tâm,Hoàn toàn không quan tâm,Có hứng thú một chút,Hoàn toàn không quan tâm,Hoàn toàn không quan tâm,Hoàn toàn không quan tâm,Có hứng thú một chút,Quan tâm ở mức trung bình,Có hứng thú một chút,Quan tâm ở mức trung bình,Hoàn toàn không quan tâm,Hoàn toàn không quan tâm,Hoàn toàn không quan tâm,Hoàn toàn không quan tâm,Hoàn toàn không quan tâm,Hoàn toàn không quan tâm,Hoàn toàn không quan tâm,Có hứng thú một chút,Khá quan tâm,Rất liên quan,Rất liên quan,Rất liên quan,Rất liên quan,Khá liên quan,Khá liên quan,Rất liên quan,Rất liên quan,Khá liên quan,Hơi liên quan,Rất liên quan,Rất liên quan,Rất liên quan,Rất liên quan,Khá liên quan
3/16/2026 13:54:40,Nữ,24,Thành thị,Cao Đẳng/ Đại học,Có,Không,Không,Đồng ý,Trung lập,Đồng ý,Hoàn toàn đồng ý,Đồng ý,Đồng ý,Trung lập,Không đồng ý,Trung lập,Không đồng ý,Không đồng ý,Không đồng ý,Trung lập,Đồng ý,Đồng ý,Trung lập,Hoàn toàn đồng ý,Đồng ý,Đồng ý,Trung lập,Đồng ý,Đồng ý,Khá quan tâm,Khá quan tâm,Quan tâm ở mức trung bình,Khá quan tâm,Khá quan tâm,Khá quan tâm,Khá quan tâm,Khá quan tâm,Rất quan tâm,Quan tâm ở mức trung bình,Rất quan tâm,Quan tâm ở mức trung bình,Quan tâm ở mức trung bình,Khá quan tâm,Khá quan tâm,Khá quan tâm,Khá quan tâm,Khá quan tâm,Quan tâm ở mức trung bình,Khá quan tâm,Rất liên quan,Rất liên quan,Rất liên quan,Rất liên quan,Rất liên quan,Rất liên quan,Khá liên quan,Khá liên quan,Khá liên quan,Rất liên quan,Rất liên quan,Rất liên quan,Rất liên quan,Rất liên quan,Rất liên quan
3/16/2026 13:59:07,Nữ,22,Nông thôn,Cao Đẳng/ Đại học,Có,Không,Không,Không đồng ý,Trung lập,Trung lập,Trung lập,Trung lập,Đồng ý,Đồng ý,Trung lập,Trung lập,Đồng ý,Không đồng ý,Trung lập,Trung lập,Trung lập,Đồng ý,Trung lập,Trung lập,Đồng ý,Trung lập,Trung lập,Trung lập,Trung lập,Quan tâm ở mức trung bình,Quan tâm ở mức trung bình,Quan tâm ở mức trung bình,Quan tâm ở mức trung bình,Quan tâm ở mức trung bình,Quan tâm ở mức trung bình,Quan tâm ở mức trung bình,Quan tâm ở mức trung bình,Quan tâm ở mức trung bình,Quan tâm ở mức trung bình,Quan tâm ở mức trung bình,Quan tâm ở mức trung bình,Quan tâm ở mức trung bình,Quan tâm ở mức trung bình,Khá quan tâm,Quan tâm ở mức trung bình,Quan tâm ở mức trung bình,Quan tâm ở mức trung bình,Quan tâm ở mức trung bình,Quan tâm ở mức trung bình,Khá liên quan,Khá liên quan,Khá liên quan,Khá liên quan,Khá liên quan,Khá liên quan,Khá liên quan,Khá liên quan,Khá liên quan,Khá liên quan,Khá liên quan,Khá liên quan,Khá liên quan,Khá liên quan,Khá liên quan
3/16/2026 14:01:05,Nữ,23,Nông thôn,Cao Đẳng/ Đại học,Có,Có,Không,Trung lập,Đồng ý,Trung lập,Đồng ý,Trung lập,Đồng ý,Trung lập,Không đồng ý,Trung lập,Trung lập,Đồng ý,Đồng ý,Trung lập,Đồng ý,Đồng ý,Đồng ý,Trung lập,Trung lập,Đồng ý,Đồng ý,Đồng ý,Đồng ý,Khá quan tâm,Quan tâm ở mức trung bình,Khá quan tâm,Khá quan tâm,Quan tâm ở mức trung bình,Quan tâm ở mức trung bình,Quan tâm ở mức trung bình,Quan tâm ở mức trung bình,Quan tâm ở mức trung bình,Quan tâm ở mức trung bình,Quan tâm ở mức trung bình,Khá quan tâm,Quan tâm ở mức trung bình,Quan tâm ở mức trung bình,Quan tâm ở mức trung bình,Khá quan tâm,Khá quan tâm,Khá quan tâm,Khá quan tâm,Quan tâm ở mức trung bình,Khá liên quan,Khá liên quan,Rất liên quan,Khá liên quan,Khá liên quan,Khá liên quan,Khá liên quan,Hơi liên quan,Khá liên quan,Khá liên quan,Khá liên quan,Rất liên quan,Khá liên quan,Rất liên quan,Rất liên quan
3/16/2026 14:02:16,Nữ,23,Thành thị,Cao Đẳng/ Đại học,Có,Có,Có,Trung lập,Đồng ý,Đồng ý,Hoàn toàn đồng ý,Hoàn toàn đồng ý,Hoàn toàn đồng ý,Đồng ý,Hoàn toàn đồng ý,Hoàn toàn không đồng ý,Trung lập,Đồng ý,Đồng ý,Đồng ý,Đồng ý,Hoàn toàn đồng ý,Hoàn toàn đồng ý,Đồng ý,Hoàn toàn đồng ý,Hoàn toàn đồng ý,Hoàn toàn đồng ý,Hoàn toàn đồng ý,Hoàn toàn đồng ý,Khá quan tâm,Rất quan tâm,Khá quan tâm,Rất quan tâm,Rất quan tâm,Rất quan tâm,Khá quan tâm,Rất quan tâm,Khá quan tâm,Khá quan tâm,Rất quan tâm,Rất quan tâm,Rất quan tâm,Khá quan tâm,Khá quan tâm,Quan tâm ở mức trung bình,Rất quan tâm,Rất quan tâm,Khá quan tâm,Khá quan tâm,Rất liên quan,Rất liên quan,Rất liên quan,Khá liên quan,Khá liên quan,Khá liên quan,Khá liên quan,Rất liên quan,Rất liên quan,Rất liên quan,Khá liên quan,Rất liên quan,Rất liên quan,Rất liên quan,Khá liên quan
3/16/2026 14:03:11,Nam,25,Nông thôn,Sau Đại học,Có,Không,Không,Trung lập,Trung lập,Trung lập,Đồng ý,Không đồng ý,Không đồng ý,Không đồng ý,Đồng ý,Đồng ý,Đồng ý,Không đồng ý,Không đồng ý,Không đồng ý,Trung lập,Trung lập,Trung lập,Trung lập,Trung lập,Trung lập,Đồng ý,Đồng ý,Đồng ý,Quan tâm ở mức trung bình,Quan tâm ở mức trung bình,Có hứng thú một chút,Có hứng thú một chút,Có hứng thú một chút,Quan tâm ở mức trung bình,Có hứng thú một chút,Có hứng thú một chút,Có hứng thú một chút,Quan tâm ở mức trung bình,Quan tâm ở mức trung bình,Có hứng thú một chút,Có hứng thú một chút,Có hứng thú một chút,Có hứng thú một chút,Có hứng thú một chút,Có hứng thú một chút,Có hứng thú một chút,Có hứng thú một chút,Có hứng thú một chút,Khá liên quan,Khá liên quan,Khá liên quan,Khá liên quan,Khá liên quan,Khá liên quan,Khá liên quan,Khá liên quan,Khá liên quan,Khá liên quan,Hơi liên quan,Khá liên quan,Khá liên quan,Khá liên quan,Hơi liên quan
3/16/2026 14:06:41,Nữ,18,Thành thị,Cao Đẳng/ Đại học,Có,Không,Không,Không đồng ý,Hoàn toàn không đồng ý,Đồng ý,Hoàn toàn đồng ý,Đồng ý,Hoàn toàn đồng ý,Hoàn toàn không đồng ý,Hoàn toàn không đồng ý,Trung lập,Hoàn toàn đồng ý,Hoàn toàn không đồng ý,Đồng ý,Hoàn toàn đồng ý,Không đồng ý,Trung lập,Đồng ý,Không đồng ý,Trung lập,Trung lập,Hoàn toàn không đồng ý,Không đồng ý,Không đồng ý,Quan tâm ở mức trung bình,Quan tâm ở mức trung bình,Có hứng thú một chút,Có hứng thú một chút,Hoàn toàn không quan tâm,Có hứng thú một chút,Khá quan tâm,Khá quan tâm,Khá quan tâm,Khá quan tâm,Quan tâm ở mức trung bình,Quan tâm ở mức trung bình,Hoàn toàn không quan tâm,Hoàn toàn không quan tâm,Hoàn toàn không quan tâm,Có hứng thú một chút,Có hứng thú một chút,Hoàn toàn không quan tâm,Hoàn toàn không quan tâm,Khá quan tâm,Rất liên quan,Rất liên quan,Rất liên quan,Rất liên quan,Rất liên quan,Khá liên quan,Hơi liên quan,Khá liên quan,Không liên quan,Rất liên quan,Rất liên quan,Rất liên quan,Rất liên quan,Rất liên quan,Khá liên quan
3/16/2026 14:17:58,Nữ,19,Thành thị,Cao Đẳng/ Đại học,Có,Không,Có,Trung lập,Không đồng ý,Đồng ý,Hoàn toàn đồng ý,Trung lập,Đồng ý,Trung lập,Không đồng ý,Trung lập,Hoàn toàn đồng ý,Hoàn toàn không đồng ý,Đồng ý,Không đồng ý,Trung lập,Trung lập,Hoàn toàn đồng ý,Đồng ý,Hoàn toàn đồng ý,Đồng ý,Trung lập,Đồng ý,Đồng ý,Rất quan tâm,Quan tâm ở mức trung bình,Hoàn toàn không quan tâm,Có hứng thú một chút,Quan tâm ở mức trung bình,Quan tâm ở mức trung bình,Quan tâm ở mức trung bình,Hoàn toàn không quan tâm,Có hứng thú một chút,Quan tâm ở mức trung bình,Khá quan tâm,Khá quan tâm,Quan tâm ở mức trung bình,Có hứng thú một chút,Có hứng thú một chút,Khá quan tâm,Quan tâm ở mức trung bình,Quan tâm ở mức trung bình,Có hứng thú một chút,Khá quan tâm,Rất liên quan,Khá liên quan,Rất liên quan,Rất liên quan,Rất liên quan,Không liên quan,Hơi liên quan,Hơi liên quan,Khá liên quan,Rất liên quan,Rất liên quan,Rất liên quan,Rất liên quan,Rất liên quan,Rất liên quan
3/16/2026 14:27:49,Nam,18,Nông thôn,Cao Đẳng/ Đại học,Có,Có,Không,Đồng ý,Không đồng ý,Đồng ý,Hoàn toàn đồng ý,Hoàn toàn đồng ý,Hoàn toàn đồng ý,Trung lập,Không đồng ý,Trung lập,Trung lập,Đồng ý,Đồng ý,Đồng ý,Không đồng ý,Trung lập,Đồng ý,Không đồng ý,Trung lập,Trung lập,Không đồng ý,Trung lập,Trung lập,Có hứng thú một chút,Khá quan tâm,Khá quan tâm,Rất quan tâm,Rất quan tâm,Rất quan tâm,Quan tâm ở mức trung bình,Khá quan tâm,Khá quan tâm,Khá quan tâm,Quan tâm ở mức trung bình,Khá quan tâm,Có hứng thú một chút,Có hứng thú một chút,Quan tâm ở mức trung bình,Quan tâm ở mức trung bình,Có hứng thú một chút,Có hứng thú một chút,Quan tâm ở mức trung bình,Khá quan tâm,Rất liên quan,Rất liên quan,Rất liên quan,Khá liên quan,Rất liên quan,Rất liên quan,Hơi liên quan,Hơi liên quan,Rất liên quan,Rất liên quan,Rất liên quan,Rất liên quan,Rất liên quan,Rất liên quan,Rất liên quan
3/16/2026 14:33:46,Nữ,20,Thành thị,Cao Đẳng/ Đại học,Có,Có,Không,Trung lập,Không đồng ý,Đồng ý,Trung lập,Đồng ý,Không đồng ý,Đồng ý,Trung lập,Trung lập,Đồng ý,Đồng ý,Đồng ý,Đồng ý,Trung lập,Đồng ý,Đồng ý,Đồng ý,Đồng ý,Đồng ý,Trung lập,Trung lập,Trung lập,Có hứng thú một chút,Có hứng thú một chút,Có hứng thú một chút,Có hứng thú một chút,Có hứng thú một chút,Có hứng thú một chút,Có hứng thú một chút,Có hứng thú một chút,Có hứng thú một chút,Có hứng thú một chút,Có hứng thú một chút,Có hứng thú một chút,Có hứng thú một chút,Có hứng thú một chút,Có hứng thú một chút,Có hứng thú một chút,Có hứng thú một chút,Có hứng thú một chút,Có hứng thú một chút,Có hứng thú một chút,Rất liên quan,Rất liên quan,Rất liên quan,Rất liên quan,Rất liên quan,Rất liên quan,Rất liên quan,Rất liên quan,Rất liên quan,Rất liên quan,Rất liên quan,Rất liên quan,Rất liên quan,Rất liên quan,Rất liên quan
3/16/2026 14:35:35,Nam,20,Thành thị,Cao Đẳng/ Đại học,Có,Không,Không,Trung lập,Đồng ý,Đồng ý,Đồng ý,Đồng ý,Đồng ý,Đồng ý,Trung lập,Trung lập,Đồng ý,Trung lập,Đồng ý,Đồng ý,Trung lập,Trung lập,Đồng ý,Trung lập,Trung lập,Trung lập,Hoàn toàn không đồng ý,Không đồng ý,Không đồng ý,Có hứng thú một chút,Quan tâm ở mức trung bình,Quan tâm ở mức trung bình,Khá quan tâm,Khá quan tâm,Khá quan tâm,Khá quan tâm,Khá quan tâm,Khá quan tâm,Có hứng thú một chút,Khá quan tâm,Quan tâm ở mức trung bình,Hoàn toàn không quan tâm,Hoàn toàn không quan tâm,Hoàn toàn không quan tâm,Hoàn toàn không quan tâm,Hoàn toàn không quan tâm,Hoàn toàn không quan tâm,Hoàn toàn không quan tâm,Quan tâm ở mức trung bình,Rất liên quan,Rất liên quan,Rất liên quan,Rất liên quan,Rất liên quan,Rất liên quan,Rất liên quan,Rất liên quan,Rất liên quan,Rất liên quan,Rất liên quan,Rất liên quan,Rất liên quan,Rất liên quan,Rất liên quan
3/16/2026 14:39:39,Nữ,26,Nông thôn,Cao Đẳng/ Đại học,Có,Có,Không,Trung lập,Đồng ý,Đồng ý,Đồng ý,Đồng ý,Đồng ý,Đồng ý,Đồng ý,Trung lập,Đồng ý,Đồng ý,Đồng ý,Đồng ý,Đồng ý,Đồng ý,Đồng ý,Đồng ý,Đồng ý,Đồng ý,Đồng ý,Đồng ý,Đồng ý,Khá quan tâm,Khá quan tâm,Khá quan tâm,Khá quan tâm,Khá quan tâm,Khá quan tâm,Khá quan tâm,Khá quan tâm,Khá quan tâm,Khá quan tâm,Khá quan tâm,Khá quan tâm,Khá quan tâm,Khá quan tâm,Khá quan tâm,Khá quan tâm,Khá quan tâm,Khá quan tâm,Khá quan tâm,Khá quan tâm,Khá liên quan,Khá liên quan,Khá liên quan,Khá liên quan,Khá liên quan,Khá liên quan,Khá liên quan,Khá liên quan,Khá liên quan,Khá liên quan,Khá liên quan,Khá liên quan,Khá liên quan,Khá liên quan,Khá liên quan
3/16/2026 14:43:48,Nam,25,Thành thị,Cao Đẳng/ Đại học,Có,Có,Không,Đồng ý,Đồng ý,Đồng ý,Đồng ý,Đồng ý,Trung lập,Trung lập,Không đồng ý,Không đồng ý,Trung lập,Không đồng ý,Trung lập,Trung lập,Đồng ý,Đồng ý,Trung lập,Trung lập,Trung lập,Trung lập,Trung lập,Trung lập,Trung lập,Khá quan tâm,Khá quan tâm,Khá quan tâm,Khá quan tâm,Khá quan tâm,Khá quan tâm,Khá quan tâm,Khá quan tâm,Khá quan tâm,Khá quan tâm,Khá quan tâm,Khá quan tâm,Quan tâm ở mức trung bình,Khá quan tâm,Khá quan tâm,Quan tâm ở mức trung bình,Quan tâm ở mức trung bình,Quan tâm ở mức trung bình,Quan tâm ở mức trung bình,Quan tâm ở mức trung bình,Khá liên quan,Khá liên quan,Khá liên quan,Khá liên quan,Khá liên quan,Khá liên quan,Khá liên quan,Khá liên quan,Khá liên quan,Khá liên quan,Khá liên quan,Khá liên quan,Khá liên quan,Khá liên quan,Khá liên quan
3/16/2026 14:47:32,Nữ,19,Thành thị,Cao Đẳng/ Đại học,Có,Có,Không,Trung lập,Không đồng ý,Trung lập,Đồng ý,Không đồng ý,Hoàn toàn không đồng ý,Hoàn toàn đồng ý,Trung lập,Trung lập,Đồng ý,Không đồng ý,Đồng ý,Đồng ý,Trung lập,Trung lập,Trung lập,Không đồng ý,Trung lập,Trung lập,Không đồng ý,Không đồng ý,Trung lập,Có hứng thú một chút,Có hứng thú một chút,Có hứng thú một chút,Có hứng thú một chút,Có hứng thú một chút,Có hứng thú một chút,Quan tâm ở mức trung bình,Quan tâm ở mức trung bình,Quan tâm ở mức trung bình,Quan tâm ở mức trung bình,Có hứng thú một chút,Có hứng thú một chút,Quan tâm ở mức trung bình,Quan tâm ở mức trung bình,Quan tâm ở mức trung bình,Quan tâm ở mức trung bình,Quan tâm ở mức trung bình,Có hứng thú một chút,Có hứng thú một chút,Có hứng thú một chút,Rất liên quan,Khá liên quan,Hơi liên quan,Rất liên quan,Rất liên quan,Rất liên quan,Khá liên quan,Hơi liên quan,Hơi liên quan,Rất liên quan,Rất liên quan,Rất liên quan,Rất liên quan,Khá liên quan,Rất liên quan
3/16/2026 14:48:06,Nam,24,Thành thị,Sau Đại học,Có,Không,Không,Đồng ý,Đồng ý,Đồng ý,Hoàn toàn đồng ý,Hoàn toàn đồng ý,Đồng ý,Hoàn toàn đồng ý,Đồng ý,Hoàn toàn đồng ý,Hoàn toàn đồng ý,Trung lập,Đồng ý,Trung lập,Trung lập,Trung lập,Trung lập,Đồng ý,Trung lập,Đồng ý,Trung lập,Trung lập,Trung lập,Quan tâm ở mức trung bình,Quan tâm ở mức trung bình,Quan tâm ở mức trung bình,Quan tâm ở mức trung bình,Khá quan tâm,Quan tâm ở mức trung bình,Rất quan tâm,Quan tâm ở mức trung bình,Khá quan tâm,Khá quan tâm,Rất quan tâm,Rất quan tâm,Khá quan tâm,Khá quan tâm,Khá quan tâm,Khá quan tâm,Khá quan tâm,Rất quan tâm,Khá quan tâm,Rất quan tâm,Khá liên quan,Rất liên quan,Khá liên quan,Khá liên quan,Khá liên quan,Rất liên quan,Rất liên quan,Khá liên quan,Khá liên quan,Khá liên quan,Khá liên quan,Rất liên quan,Khá liên quan,Rất liên quan,Khá liên quan
3/16/2026 14:52:07,Nữ,23,Thành thị,Cao Đẳng/ Đại học,Có,Có,Không,Trung lập,Trung lập,Đồng ý,Hoàn toàn đồng ý,Đồng ý,Đồng ý,Trung lập,Không đồng ý,Đồng ý,Đồng ý,Không đồng ý,Trung lập,Trung lập,Đồng ý,Đồng ý,Trung lập,Đồng ý,Đồng ý,Đồng ý,Trung lập,Trung lập,Trung lập,Khá quan tâm,Khá quan tâm,Khá quan tâm,Khá quan tâm,Khá quan tâm,Khá quan tâm,Rất quan tâm,Rất quan tâm,Rất quan tâm,Rất quan tâm,Rất quan tâm,Rất quan tâm,Khá quan tâm,Khá quan tâm,Khá quan tâm,Khá quan tâm,Rất quan tâm,Rất quan tâm,Rất quan tâm,Khá quan tâm,Rất liên quan,Rất liên quan,Khá liên quan,Rất liên quan,Rất liên quan,Rất liên quan,Khá liên quan,Rất liên quan,Rất liên quan,Rất liên quan,Rất liên quan,Rất liên quan,Rất liên quan,Rất liên quan,Khá liên quan
3/16/2026 14:54:19,Nam,18,Thành thị,Cao Đẳng/ Đại học,Có,Có,Có,Hoàn toàn đồng ý,Hoàn toàn đồng ý,Hoàn toàn đồng ý,Hoàn toàn đồng ý,Hoàn toàn đồng ý,Hoàn toàn đồng ý,Hoàn toàn đồng ý,Không đồng ý,Đồng ý,Đồng ý,Trung lập,Đồng ý,Đồng ý,Hoàn toàn đồng ý,Hoàn toàn đồng ý,Hoàn toàn đồng ý,Hoàn toàn đồng ý,Hoàn toàn đồng ý,Hoàn toàn đồng ý,Hoàn toàn đồng ý,Hoàn toàn đồng ý,Hoàn toàn đồng ý,Rất quan tâm,Rất quan tâm,Rất quan tâm,Rất quan tâm,Rất quan tâm,Rất quan tâm,Rất quan tâm,Rất quan tâm,Rất quan tâm,Rất quan tâm,Rất quan tâm,Rất quan tâm,Rất quan tâm,Rất quan tâm,Rất quan tâm,Rất quan tâm,Rất quan tâm,Rất quan tâm,Rất quan tâm,Rất quan tâm,Rất liên quan,Rất liên quan,Rất liên quan,Rất liên quan,Rất liên quan,Rất liên quan,Rất liên quan,Rất liên quan,Rất liên quan,Rất liên quan,Rất liên quan,Rất liên quan,Rất liên quan,Rất liên quan,Rất liên quan
3/16/2026 14:57:06,Nam,24,Thành thị,Sau Đại học,Có,Có,Không,Hoàn toàn đồng ý,Không đồng ý,Hoàn toàn đồng ý,Hoàn toàn đồng ý,Hoàn toàn đồng ý,Hoàn toàn đồng ý,Đồng ý,Trung lập,Không đồng ý,Trung lập,Không đồng ý,Trung lập,Trung lập,Trung lập,Đồng ý,Đồng ý,Đồng ý,Trung lập,Trung lập,Trung lập,Trung lập,Đồng ý,Quan tâm ở mức trung bình,Khá quan tâm,Khá quan tâm,Khá quan tâm,Quan tâm ở mức trung bình,Quan tâm ở mức trung bình,Khá quan tâm,Quan tâm ở mức trung bình,Quan tâm ở mức trung bình,Quan tâm ở mức trung bình,Quan tâm ở mức trung bình,Khá quan tâm,Quan tâm ở mức trung bình,Quan tâm ở mức trung bình,Quan tâm ở mức trung bình,Quan tâm ở mức trung bình,Quan tâm ở mức trung bình,Quan tâm ở mức trung bình,Quan tâm ở mức trung bình,Khá quan tâm,Rất liên quan,Rất liên quan,Rất liên quan,Rất liên quan,Rất liên quan,Rất liên quan,Khá liên quan,Khá liên quan,Khá liên quan,Rất liên quan,Rất liên quan,Rất liên quan,Rất liên quan,Rất liên quan,Hơi liên quan
3/16/2026 14:58:09,Nữ,25,Thành thị,Cao Đẳng/ Đại học,Có,Không,Không,Đồng ý,Không đồng ý,Đồng ý,Đồng ý,Đồng ý,Trung lập,Đồng ý,Trung lập,Đồng ý,Đồng ý,Không đồng ý,Đồng ý,Đồng ý,Trung lập,Đồng ý,Trung lập,Đồng ý,Đồng ý,Đồng ý,Trung lập,Trung lập,Đồng ý,Khá quan tâm,Khá quan tâm,Khá quan tâm,Khá quan tâm,Khá quan tâm,Khá quan tâm,Khá quan tâm,Khá quan tâm,Khá quan tâm,Khá quan tâm,Khá quan tâm,Khá quan tâm,Khá quan tâm,Khá quan tâm,Quan tâm ở mức trung bình,Quan tâm ở mức trung bình,Quan tâm ở mức trung bình,Quan tâm ở mức trung bình,Khá quan tâm,Khá quan tâm,Rất liên quan,Rất liên quan,Rất liên quan,Rất liên quan,Rất liên quan,Rất liên quan,Rất liên quan,Rất liên quan,Rất liên quan,Rất liên quan,Khá liên quan,Rất liên quan,Rất liên quan,Khá liên quan,Rất liên quan
3/16/2026 14:58:26,Nam,24,Nông thôn,Cao Đẳng/ Đại học,Không,Không,Không,Trung lập,Trung lập,Trung lập,Trung lập,Trung lập,Trung lập,Trung lập,Trung lập,Trung lập,Trung lập,Trung lập,Trung lập,Trung lập,Trung lập,Trung lập,Trung lập,Trung lập,Trung lập,Trung lập,Trung lập,Trung lập,Trung lập,Quan tâm ở mức trung bình,Quan tâm ở mức trung bình,Quan tâm ở mức trung bình,Quan tâm ở mức trung bình,Quan tâm ở mức trung bình,Quan tâm ở mức trung bình,Quan tâm ở mức trung bình,Quan tâm ở mức trung bình,Quan tâm ở mức trung bình,Quan tâm ở mức trung bình,Quan tâm ở mức trung bình,Quan tâm ở mức trung bình,Quan tâm ở mức trung bình,Quan tâm ở mức trung bình,Quan tâm ở mức trung bình,Quan tâm ở mức trung bình,Quan tâm ở mức trung bình,Quan tâm ở mức trung bình,Quan tâm ở mức trung bình,Quan tâm ở mức trung bình,Rất liên quan,Khá liên quan,Khá liên quan,Khá liên quan,Khá liên quan,Hơi liên quan,Khá liên quan,Khá liên quan,Hơi liên quan,Không liên quan,Hơi liên quan,Khá liên quan,Khá liên quan,Hơi liên quan,Hơi liên quan
3/16/2026 15:00:10,Nữ,22,Thành thị,Cao Đẳng/ Đại học,Có,Có,Không,Trung lập,Trung lập,Đồng ý,Đồng ý,Đồng ý,Đồng ý,Đồng ý,Hoàn toàn không đồng ý,Hoàn toàn không đồng ý,Không đồng ý,Không đồng ý,Đồng ý,Đồng ý,Đồng ý,Đồng ý,Đồng ý,Đồng ý,Đồng ý,Đồng ý,Đồng ý,Đồng ý,Đồng ý,Có hứng thú một chút,Có hứng thú một chút,Có hứng thú một chút,Có hứng thú một chút,Có hứng thú một chút,Có hứng thú một chút,Có hứng thú một chút,Quan tâm ở mức trung bình,Quan tâm ở mức trung bình,Quan tâm ở mức trung bình,Quan tâm ở mức trung bình,Quan tâm ở mức trung bình,Hoàn toàn không quan tâm,Có hứng thú một chút,Có hứng thú một chút,Có hứng thú một chút,Có hứng thú một chút,Có hứng thú một chút,Có hứng thú một chút,Có hứng thú một chút,Khá liên quan,Khá liên quan,Khá liên quan,Khá liên quan,Khá liên quan,Khá liên quan,Khá liên quan,Khá liên quan,Khá liên quan,Khá liên quan,Khá liên quan,Khá liên quan,Khá liên quan,Khá liên quan,Khá liên quan
3/16/2026 15:03:27,Nam,18,Thành thị,Trung học phổ thông,Có,Có,Không,Đồng ý,Trung lập,Trung lập,Đồng ý,Trung lập,Trung lập,Không đồng ý,Trung lập,Không đồng ý,Trung lập,Không đồng ý,Hoàn toàn đồng ý,Hoàn toàn đồng ý,Trung lập,Trung lập,Không đồng ý,Trung lập,Đồng ý,Không đồng ý,Không đồng ý,Trung lập,Trung lập,Hoàn toàn không quan tâm,Có hứng thú một chút,Quan tâm ở mức trung bình,Hoàn toàn không quan tâm,Hoàn toàn không quan tâm,Hoàn toàn không quan tâm,Hoàn toàn không quan tâm,Hoàn toàn không quan tâm,Hoàn toàn không quan tâm,Có hứng thú một chút,Có hứng thú một chút,Hoàn toàn không quan tâm,Hoàn toàn không quan tâm,Hoàn toàn không quan tâm,Hoàn toàn không quan tâm,Hoàn toàn không quan tâm,Hoàn toàn không quan tâm,Hoàn toàn không quan tâm,Hoàn toàn không quan tâm,Có hứng thú một chút,Rất liên quan,Hơi liên quan,Hơi liên quan,Hơi liên quan,Khá liên quan,Khá liên quan,Khá liên quan,Khá liên quan,Khá liên quan,Khá liên quan,Khá liên quan,Khá liên quan,Khá liên quan,Hơi liên quan,Hơi liên quan
3/16/2026 15:29:39,Nữ,24,Nông thôn,Cao Đẳng/ Đại học,Có,Không,Không,Không đồng ý,Hoàn toàn không đồng ý,Đồng ý,Trung lập,Trung lập,Trung lập,Đồng ý,Trung lập,Đồng ý,Đồng ý,Đồng ý,Hoàn toàn đồng ý,Trung lập,Đồng ý,Đồng ý,Đồng ý,Đồng ý,Đồng ý,Đồng ý,Trung lập,Trung lập,Đồng ý,Khá quan tâm,Khá quan tâm,Rất quan tâm,Quan tâm ở mức trung bình,Khá quan tâm,Khá quan tâm,Rất quan tâm,Rất quan tâm,Rất quan tâm,Rất quan tâm,Rất quan tâm,Rất quan tâm,Khá quan tâm,Quan tâm ở mức trung bình,Khá quan tâm,Rất quan tâm,Rất quan tâm,Rất quan tâm,Rất quan tâm,Rất quan tâm,Rất liên quan,Rất liên quan,Khá liên quan,Rất liên quan,Rất liên quan,Rất liên quan,Hơi liên quan,Khá liên quan,Rất liên quan,Rất liên quan,Rất liên quan,Rất liên quan,Rất liên quan,Rất liên quan,Rất liên quan
3/16/2026 15:37:16,Nữ,21,Nông thôn,Cao Đẳng/ Đại học,Có,Có,Không,Trung lập,Không đồng ý,Đồng ý,Đồng ý,Đồng ý,Trung lập,Đồng ý,Không đồng ý,Trung lập,Trung lập,Không đồng ý,Đồng ý,Trung lập,Trung lập,Đồng ý,Đồng ý,Trung lập,Trung lập,Trung lập,Trung lập,Trung lập,Trung lập,Khá quan tâm,Quan tâm ở mức trung bình,Hoàn toàn không quan tâm,Quan tâm ở mức trung bình,Quan tâm ở mức trung bình,Quan tâm ở mức trung bình,Quan tâm ở mức trung bình,Có hứng thú một chút,Hoàn toàn không quan tâm,Hoàn toàn không quan tâm,Có hứng thú một chút,Hoàn toàn không quan tâm,Hoàn toàn không quan tâm,Hoàn toàn không quan tâm,Hoàn toàn không quan tâm,Hoàn toàn không quan tâm,Hoàn toàn không quan tâm,Hoàn toàn không quan tâm,Hoàn toàn không quan tâm,Có hứng thú một chút,Rất liên quan,Khá liên quan,Khá liên quan,Khá liên quan,Khá liên quan,Rất liên quan,Hơi liên quan,Hơi liên quan,Hơi liên quan,Hơi liên quan,Khá liên quan,Khá liên quan,Khá liên quan,Khá liên quan,Khá liên quan
3/16/2026 15:53:53,Nam,19,Nông thôn,Cao Đẳng/ Đại học,Có,Không,Không,Đồng ý,Trung lập,Trung lập,Đồng ý,Đồng ý,Trung lập,Trung lập,Không đồng ý,Trung lập,Đồng ý,Trung lập,Trung lập,Đồng ý,Trung lập,Trung lập,Trung lập,Không đồng ý,Trung lập,Đồng ý,Trung lập,Trung lập,Không đồng ý,Quan tâm ở mức trung bình,Có hứng thú một chút,Quan tâm ở mức trung bình,Có hứng thú một chút,Quan tâm ở mức trung bình,Quan tâm ở mức trung bình,Có hứng thú một chút,Quan tâm ở mức trung bình,Quan tâm ở mức trung bình,Quan tâm ở mức trung bình,Có hứng thú một chút,Có hứng thú một chút,Có hứng thú một chút,Quan tâm ở mức trung bình,Quan tâm ở mức trung bình,Có hứng thú một chút,Quan tâm ở mức trung bình,Quan tâm ở mức trung bình,Có hứng thú một chút,Khá quan tâm,Hơi liên quan,Khá liên quan,Khá liên quan,Hơi liên quan,Khá liên quan,Hơi liên quan,Hơi liên quan,Khá liên quan,Hơi liên quan,Hơi liên quan,Hơi liên quan,Khá liên quan,Khá liên quan,Hơi liên quan,Hơi liên quan
3/16/2026 16:10:22,Nam,20,Thành thị,Cao Đẳng/ Đại học,Có,Có,Không,Đồng ý,Không đồng ý,Trung lập,Không đồng ý,Không đồng ý,Không đồng ý,Trung lập,Hoàn toàn không đồng ý,Không đồng ý,Trung lập,Trung lập,Trung lập,Trung lập,Trung lập,Không đồng ý,Trung lập,Không đồng ý,Trung lập,Không đồng ý,Trung lập,Không đồng ý,Trung lập,Có hứng thú một chút,Quan tâm ở mức trung bình,Quan tâm ở mức trung bình,Có hứng thú một chút,Quan tâm ở mức trung bình,Có hứng thú một chút,Quan tâm ở mức trung bình,Quan tâm ở mức trung bình,Có hứng thú một chút,Có hứng thú một chút,Quan tâm ở mức trung bình,Có hứng thú một chút,Quan tâm ở mức trung bình,Có hứng thú một chút,Có hứng thú một chút,Quan tâm ở mức trung bình,Quan tâm ở mức trung bình,Quan tâm ở mức trung bình,Có hứng thú một chút,Quan tâm ở mức trung bình,Khá liên quan,Hơi liên quan,Khá liên quan,Khá liên quan,Rất liên quan,Hơi liên quan,Khá liên quan,Không liên quan,Khá liên quan,Hơi liên quan,Khá liên quan,Khá liên quan,Khá liên quan,Hơi liên quan,Hơi liên quan
3/16/2026 16:26:22,Nam,25,Thành thị,Sau Đại học,Không,Không,Không,Đồng ý,Đồng ý,Đồng ý,Đồng ý,Đồng ý,Đồng ý,Đồng ý,Trung lập,Trung lập,Đồng ý,Không đồng ý,Trung lập,Trung lập,Trung lập,Trung lập,Trung lập,Trung lập,Trung lập,Trung lập,Trung lập,Trung lập,Trung lập,Quan tâm ở mức trung bình,Quan tâm ở mức trung bình,Quan tâm ở mức trung bình,Quan tâm ở mức trung bình,Quan tâm ở mức trung bình,Quan tâm ở mức trung bình,Quan tâm ở mức trung bình,Quan tâm ở mức trung bình,Quan tâm ở mức trung bình,Quan tâm ở mức trung bình,Quan tâm ở mức trung bình,Quan tâm ở mức trung bình,Quan tâm ở mức trung bình,Quan tâm ở mức trung bình,Quan tâm ở mức trung bình,Quan tâm ở mức trung bình,Quan tâm ở mức trung bình,Quan tâm ở mức trung bình,Quan tâm ở mức trung bình,Quan tâm ở mức trung bình,Rất liên quan,Rất liên quan,Rất liên quan,Rất liên quan,Rất liên quan,Rất liên quan,Hơi liên quan,Hơi liên quan,Rất liên quan,Rất liên quan,Rất liên quan,Rất liên quan,Rất liên quan,Rất liên quan,Khá liên quan
3/16/2026 16:40:28,Nam,20,Nông thôn,Sau Đại học,Có,Có,Có,Đồng ý,Đồng ý,Đồng ý,Đồng ý,Đồng ý,Đồng ý,Đồng ý,Đồng ý,Đồng ý,Đồng ý,Đồng ý,Đồng ý,Đồng ý,Đồng ý,Đồng ý,Đồng ý,Đồng ý,Đồng ý,Đồng ý,Đồng ý,Đồng ý,Đồng ý,Quan tâm ở mức trung bình,Quan tâm ở mức trung bình,Quan tâm ở mức trung bình,Quan tâm ở mức trung bình,Quan tâm ở mức trung bình,Quan tâm ở mức trung bình,Quan tâm ở mức trung bình,Quan tâm ở mức trung bình,Quan tâm ở mức trung bình,Quan tâm ở mức trung bình,Quan tâm ở mức trung bình,Quan tâm ở mức trung bình,Quan tâm ở mức trung bình,Quan tâm ở mức trung bình,Quan tâm ở mức trung bình,Quan tâm ở mức trung bình,Quan tâm ở mức trung bình,Quan tâm ở mức trung bình,Quan tâm ở mức trung bình,Quan tâm ở mức trung bình,Khá liên quan,Khá liên quan,Khá liên quan,Khá liên quan,Khá liên quan,Khá liên quan,Khá liên quan,Khá liên quan,Khá liên quan,Khá liên quan,Khá liên quan,Khá liên quan,Khá liên quan,Khá liên quan,Khá liên quan
3/16/2026 16:43:38,Nữ,19,Thành thị,Cao Đẳng/ Đại học,Có,Không,Không,Trung lập,Không đồng ý,Đồng ý,Đồng ý,Đồng ý,Đồng ý,Đồng ý,Trung lập,Trung lập,Trung lập,Không đồng ý,Đồng ý,Trung lập,Trung lập,Đồng ý,Đồng ý,Trung lập,Trung lập,Trung lập,Trung lập,Trung lập,Trung lập,Hoàn toàn không quan tâm,Hoàn toàn không quan tâm,Hoàn toàn không quan tâm,Hoàn toàn không quan tâm,Hoàn toàn không quan tâm,Hoàn toàn không quan tâm,Hoàn toàn không quan tâm,Hoàn toàn không quan tâm,Hoàn toàn không quan tâm,Hoàn toàn không quan tâm,Có hứng thú một chút,Có hứng thú một chút,Hoàn toàn không quan tâm,Quan tâm ở mức trung bình,Hoàn toàn không quan tâm,Hoàn toàn không quan tâm,Hoàn toàn không quan tâm,Hoàn toàn không quan tâm,Hoàn toàn không quan tâm,Hoàn toàn không quan tâm,Khá liên quan,Khá liên quan,Khá liên quan,Khá liên quan,Khá liên quan,Khá liên quan,Hơi liên quan,Hơi liên quan,Khá liên quan,Khá liên quan,Khá liên quan,Khá liên quan,Khá liên quan,Khá liên quan,Khá liên quan
3/16/2026 16:52:13,Nữ,19,Nông thôn,Cao Đẳng/ Đại học,Có,Không,Không,Trung lập,Trung lập,Trung lập,Trung lập,Trung lập,Trung lập,Trung lập,Trung lập,Trung lập,Trung lập,Trung lập,Trung lập,Trung lập,Trung lập,Trung lập,Trung lập,Trung lập,Trung lập,Trung lập,Trung lập,Trung lập,Trung lập,Quan tâm ở mức trung bình,Quan tâm ở mức trung bình,Quan tâm ở mức trung bình,Quan tâm ở mức trung bình,Quan tâm ở mức trung bình,Quan tâm ở mức trung bình,Quan tâm ở mức trung bình,Quan tâm ở mức trung bình,Quan tâm ở mức trung bình,Quan tâm ở mức trung bình,Quan tâm ở mức trung bình,Quan tâm ở mức trung bình,Quan tâm ở mức trung bình,Quan tâm ở mức trung bình,Quan tâm ở mức trung bình,Quan tâm ở mức trung bình,Quan tâm ở mức trung bình,Quan tâm ở mức trung bình,Quan tâm ở mức trung bình,Quan tâm ở mức trung bình,Khá liên quan,Khá liên quan,Khá liên quan,Khá liên quan,Khá liên quan,Khá liên quan,Khá liên quan,Khá liên quan,Khá liên quan,Khá liên quan,Khá liên quan,Khá liên quan,Khá liên quan,Khá liên quan,Khá liên quan
3/16/2026 17:01:26,Nữ,18,Thành thị,Trung học phổ thông,Có,Có,Không,Trung lập,Không đồng ý,Đồng ý,Trung lập,Đồng ý,Trung lập,Trung lập,Không đồng ý,Không đồng ý,Trung lập,Trung lập,Hoàn toàn đồng ý,Trung lập,Trung lập,Trung lập,Trung lập,Không đồng ý,Đồng ý,Trung lập,Không đồng ý,Trung lập,Trung lập,Hoàn toàn không quan tâm,Có hứng thú một chút,Có hứng thú một chút,Có hứng thú một chút,Hoàn toàn không quan tâm,Hoàn toàn không quan tâm,Hoàn toàn không quan tâm,Hoàn toàn không quan tâm,Hoàn toàn không quan tâm,Hoàn toàn không quan tâm,Quan tâm ở mức trung bình,Có hứng thú một chút,Hoàn toàn không quan tâm,Có hứng thú một chút,Hoàn toàn không quan tâm,Có hứng thú một chút,Có hứng thú một chút,Hoàn toàn không quan tâm,Hoàn toàn không quan tâm,Có hứng thú một chút,Khá liên quan,Khá liên quan,Hơi liên quan,Rất liên quan,Rất liên quan,Khá liên quan,Khá liên quan,Khá liên quan,Khá liên quan,Khá liên quan,Rất liên quan,Rất liên quan,Rất liên quan,Hơi liên quan,Khá liên quan
3/16/2026 17:29:59,Nam,18,Thành thị,Trung học phổ thông,Có,Có,Không,Trung lập,Trung lập,Trung lập,Trung lập,Trung lập,Trung lập,Trung lập,Trung lập,Trung lập,Trung lập,Trung lập,Đồng ý,Đồng ý,Đồng ý,Đồng ý,Đồng ý,Đồng ý,Đồng ý,Đồng ý,Đồng ý,Đồng ý,Đồng ý,Khá quan tâm,Khá quan tâm,Khá quan tâm,Khá quan tâm,Khá quan tâm,Khá quan tâm,Khá quan tâm,Khá quan tâm,Khá quan tâm,Khá quan tâm,Khá quan tâm,Khá quan tâm,Khá quan tâm,Khá quan tâm,Khá quan tâm,Khá quan tâm,Khá quan tâm,Khá quan tâm,Khá quan tâm,Khá quan tâm,Khá liên quan,Khá liên quan,Khá liên quan,Khá liên quan,Khá liên quan,Khá liên quan,Khá liên quan,Khá liên quan,Khá liên quan,Khá liên quan,Khá liên quan,Khá liên quan,Khá liên quan,Khá liên quan,Khá liên quan
3/16/2026 17:31:31,Nam,18,Thành thị,Trung học phổ thông,Có,Có,Không,Đồng ý,Đồng ý,Đồng ý,Đồng ý,Đồng ý,Đồng ý,Đồng ý,Đồng ý,Đồng ý,Đồng ý,Đồng ý,Đồng ý,Đồng ý,Đồng ý,Đồng ý,Đồng ý,Đồng ý,Đồng ý,Đồng ý,Đồng ý,Đồng ý,Đồng ý,Khá quan tâm,Khá quan tâm,Khá quan tâm,Khá quan tâm,Khá quan tâm,Khá quan tâm,Khá quan tâm,Khá quan tâm,Khá quan tâm,Khá quan tâm,Khá quan tâm,Khá quan tâm,Khá quan tâm,Khá quan tâm,Khá quan tâm,Khá quan tâm,Khá quan tâm,Khá quan tâm,Khá quan tâm,Khá quan tâm,Khá liên quan,Khá liên quan,Khá liên quan,Khá liên quan,Khá liên quan,Khá liên quan,Khá liên quan,Khá liên quan,Khá liên quan,Khá liên quan,Khá liên quan,Khá liên quan,Khá liên quan,Khá liên quan,Khá liên quan
3/16/2026 18:11:57,Nam,25,Nông thôn,Cao Đẳng/ Đại học,Có,Có,Không,Trung lập,Đồng ý,Trung lập,Đồng ý,Đồng ý,Đồng ý,Đồng ý,Đồng ý,Hoàn toàn đồng ý,Đồng ý,Không đồng ý,Đồng ý,Trung lập,Trung lập,Đồng ý,Trung lập,Trung lập,Đồng ý,Trung lập,Không đồng ý,Không đồng ý,Không đồng ý,Quan tâm ở mức trung bình,Quan tâm ở mức trung bình,Khá quan tâm,Khá quan tâm,Khá quan tâm,Khá quan tâm,Khá quan tâm,Khá quan tâm,Khá quan tâm,Rất quan tâm,Khá quan tâm,Khá quan tâm,Khá quan tâm,Quan tâm ở mức trung bình,Quan tâm ở mức trung bình,Quan tâm ở mức trung bình,Quan tâm ở mức trung bình,Quan tâm ở mức trung bình,Quan tâm ở mức trung bình,Quan tâm ở mức trung bình,Khá liên quan,Rất liên quan,Hơi liên quan,Rất liên quan,Rất liên quan,Rất liên quan,Khá liên quan,Khá liên quan,Khá liên quan,Khá liên quan,Khá liên quan,Khá liên quan,Khá liên quan,Hơi liên quan,Hơi liên quan
3/16/2026 18:25:19,Nữ,24,Nông thôn,Cao Đẳng/ Đại học,Có,Có,Không,Không đồng ý,Trung lập,Trung lập,Không đồng ý,Đồng ý,Trung lập,Không đồng ý,Trung lập,Đồng ý,Đồng ý,Trung lập,Đồng ý,Đồng ý,Trung lập,Trung lập,Đồng ý,Trung lập,Trung lập,Trung lập,Không đồng ý,Không đồng ý,Trung lập,Hoàn toàn không quan tâm,Có hứng thú một chút,Có hứng thú một chút,Hoàn toàn không quan tâm,Hoàn toàn không quan tâm,Hoàn toàn không quan tâm,Hoàn toàn không quan tâm,Hoàn toàn không quan tâm,Hoàn toàn không quan tâm,Hoàn toàn không quan tâm,Hoàn toàn không quan tâm,Hoàn toàn không quan tâm,Hoàn toàn không quan tâm,Hoàn toàn không quan tâm,Hoàn toàn không quan tâm,Hoàn toàn không quan tâm,Hoàn toàn không quan tâm,Hoàn toàn không quan tâm,Hoàn toàn không quan tâm,Hoàn toàn không quan tâm,Khá liên quan,Rất liên quan,Khá liên quan,Hơi liên quan,Khá liên quan,Khá liên quan,Hơi liên quan,Khá liên quan,Khá liên quan,Khá liên quan,Rất liên quan,Rất liên quan,Rất liên quan,Rất liên quan,Khá liên quan
3/16/2026 18:29:25,Nam,24,Nông thôn,Cao Đẳng/ Đại học,Có,Có,Không,Trung lập,Không đồng ý,Không đồng ý,Đồng ý,Không đồng ý,Đồng ý,Không đồng ý,Trung lập,Hoàn toàn đồng ý,Đồng ý,Không đồng ý,Đồng ý,Trung lập,Trung lập,Không đồng ý,Đồng ý,Không đồng ý,Đồng ý,Không đồng ý,Đồng ý,Không đồng ý,Không đồng ý,Khá quan tâm,Khá quan tâm,Khá quan tâm,Có hứng thú một chút,Có hứng thú một chút,Có hứng thú một chút,Khá quan tâm,Khá quan tâm,Khá quan tâm,Khá quan tâm,Quan tâm ở mức trung bình,Quan tâm ở mức trung bình,Quan tâm ở mức trung bình,Quan tâm ở mức trung bình,Có hứng thú một chút,Có hứng thú một chút,Có hứng thú một chút,Có hứng thú một chút,Khá quan tâm,Khá quan tâm,Rất liên quan,Khá liên quan,Khá liên quan,Khá liên quan,Khá liên quan,Hơi liên quan,Khá liên quan,Khá liên quan,Hơi liên quan,Khá liên quan,Khá liên quan,Khá liên quan,Khá liên quan,Khá liên quan,Khá liên quan
3/16/2026 18:38:59,Nam,25,Thành thị,Cao Đẳng/ Đại học,Không,Không,Có,Trung lập,Trung lập,Trung lập,Trung lập,Trung lập,Trung lập,Trung lập,Trung lập,Trung lập,Trung lập,Trung lập,Trung lập,Trung lập,Trung lập,Trung lập,Trung lập,Trung lập,Trung lập,Trung lập,Trung lập,Trung lập,Trung lập,Quan tâm ở mức trung bình,Quan tâm ở mức trung bình,Quan tâm ở mức trung bình,Quan tâm ở mức trung bình,Quan tâm ở mức trung bình,Quan tâm ở mức trung bình,Quan tâm ở mức trung bình,Quan tâm ở mức trung bình,Quan tâm ở mức trung bình,Quan tâm ở mức trung bình,Quan tâm ở mức trung bình,Quan tâm ở mức trung bình,Quan tâm ở mức trung bình,Quan tâm ở mức trung bình,Quan tâm ở mức trung bình,Quan tâm ở mức trung bình,Quan tâm ở mức trung bình,Quan tâm ở mức trung bình,Quan tâm ở mức trung bình,Quan tâm ở mức trung bình,Không liên quan,Không liên quan,Không liên quan,Không liên quan,Không liên quan,Không liên quan,Không liên quan,Không liên quan,Không liên quan,Không liên quan,Không liên quan,Không liên quan,Không liên quan,Không liên quan,Không liên quan
3/16/2026 19:05:41,Nam,24,Thành thị,Cao Đẳng/ Đại học,Có,Có,Có,Đồng ý,Đồng ý,Đồng ý,Đồng ý,Đồng ý,Đồng ý,Đồng ý,Trung lập,Trung lập,Đồng ý,Đồng ý,Trung lập,Trung lập,Trung lập,Đồng ý,Đồng ý,Đồng ý,Đồng ý,Đồng ý,Đồng ý,Đồng ý,Đồng ý,Khá quan tâm,Khá quan tâm,Quan tâm ở mức trung bình,Khá quan tâm,Quan tâm ở mức trung bình,Quan tâm ở mức trung bình,Quan tâm ở mức trung bình,Khá quan tâm,Quan tâm ở mức trung bình,Khá quan tâm,Khá quan tâm,Quan tâm ở mức trung bình,Quan tâm ở mức trung bình,Quan tâm ở mức trung bình,Quan tâm ở mức trung bình,Quan tâm ở mức trung bình,Khá quan tâm,Khá quan tâm,Khá quan tâm,Khá quan tâm,Khá liên quan,Khá liên quan,Khá liên quan,Hơi liên quan,Hơi liên quan,Hơi liên quan,Khá liên quan,Khá liên quan,Khá liên quan,Hơi liên quan,Hơi liên quan,Hơi liên quan,Hơi liên quan,Khá liên quan,Khá liên quan
3/16/2026 19:08:54,Nữ,24,Thành thị,Cao Đẳng/ Đại học,Có,Có,Không,Hoàn toàn đồng ý,Hoàn toàn không đồng ý,Hoàn toàn đồng ý,Hoàn toàn đồng ý,Hoàn toàn đồng ý,Hoàn toàn đồng ý,Hoàn toàn đồng ý,Hoàn toàn không đồng ý,Hoàn toàn không đồng ý,Không đồng ý,Hoàn toàn đồng ý,Không đồng ý,Không đồng ý,Không đồng ý,Không đồng ý,Không đồng ý,Không đồng ý,Trung lập,Trung lập,Trung lập,Trung lập,Trung lập,Khá quan tâm,Khá quan tâm,Khá quan tâm,Khá quan tâm,Khá quan tâm,Quan tâm ở mức trung bình,Khá quan tâm,Khá quan tâm,Khá quan tâm,Khá quan tâm,Khá quan tâm,Khá quan tâm,Khá quan tâm,Khá quan tâm,Khá quan tâm,Khá quan tâm,Khá quan tâm,Khá quan tâm,Khá quan tâm,Khá quan tâm,Khá liên quan,Khá liên quan,Khá liên quan,Khá liên quan,Khá liên quan,Khá liên quan,Khá liên quan,Khá liên quan,Khá liên quan,Khá liên quan,Khá liên quan,Khá liên quan,Khá liên quan,Khá liên quan,Khá liên quan
3/16/2026 19:50:39,Nữ,21,Nông thôn,Cao Đẳng/ Đại học,Có,Có,Không,Trung lập,Trung lập,Trung lập,Trung lập,Không đồng ý,Không đồng ý,Đồng ý,Trung lập,Đồng ý,Trung lập,Không đồng ý,Không đồng ý,Đồng ý,Không đồng ý,Không đồng ý,Không đồng ý,Không đồng ý,Không đồng ý,Không đồng ý,Không đồng ý,Không đồng ý,Không đồng ý,Quan tâm ở mức trung bình,Quan tâm ở mức trung bình,Quan tâm ở mức trung bình,Quan tâm ở mức trung bình,Quan tâm ở mức trung bình,Quan tâm ở mức trung bình,Quan tâm ở mức trung bình,Quan tâm ở mức trung bình,Quan tâm ở mức trung bình,Quan tâm ở mức trung bình,Quan tâm ở mức trung bình,Quan tâm ở mức trung bình,Quan tâm ở mức trung bình,Quan tâm ở mức trung bình,Quan tâm ở mức trung bình,Quan tâm ở mức trung bình,Quan tâm ở mức trung bình,Quan tâm ở mức trung bình,Quan tâm ở mức trung bình,Quan tâm ở mức trung bình,Hơi liên quan,Hơi liên quan,Hơi liên quan,Hơi liên quan,Hơi liên quan,Hơi liên quan,Hơi liên quan,Hơi liên quan,Hơi liên quan,Hơi liên quan,Hơi liên quan,Hơi liên quan,Hơi liên quan,Hơi liên quan,Hơi liên quan
3/16/2026 19:52:28,Nam,24,Thành thị,Sau Đại học,Có,Có,Không,Hoàn toàn đồng ý,Hoàn toàn đồng ý,Hoàn toàn đồng ý,Hoàn toàn đồng ý,Hoàn toàn đồng ý,Hoàn toàn đồng ý,Hoàn toàn đồng ý,Hoàn toàn đồng ý,Hoàn toàn đồng ý,Hoàn toàn đồng ý,Đồng ý,Đồng ý,Đồng ý,Đồng ý,Đồng ý,Đồng ý,Đồng ý,Đồng ý,Đồng ý,Đồng ý,Đồng ý,Đồng ý,Khá quan tâm,Khá quan tâm,Khá quan tâm,Khá quan tâm,Khá quan tâm,Khá quan tâm,Khá quan tâm,Khá quan tâm,Khá quan tâm,Khá quan tâm,Khá quan tâm,Khá quan tâm,Khá quan tâm,Khá quan tâm,Khá quan tâm,Khá quan tâm,Khá quan tâm,Khá quan tâm,Khá quan tâm,Khá quan tâm,Rất liên quan,Rất liên quan,Rất liên quan,Rất liên quan,Rất liên quan,Rất liên quan,Rất liên quan,Rất liên quan,Rất liên quan,Rất liên quan,Rất liên quan,Rất liên quan,Rất liên quan,Rất liên quan,Rất liên quan
3/16/2026 20:29:02,Nữ,24,Nông thôn,Cao Đẳng/ Đại học,Có,Có,Không,Đồng ý,Trung lập,Đồng ý,Đồng ý,Đồng ý,Trung lập,Không đồng ý,Trung lập,Đồng ý,Đồng ý,Không đồng ý,Đồng ý,Đồng ý,Trung lập,Đồng ý,Đồng ý,Đồng ý,Trung lập,Trung lập,Không đồng ý,Không đồng ý,Trung lập,Có hứng thú một chút,Quan tâm ở mức trung bình,Khá quan tâm,Có hứng thú một chút,Có hứng thú một chút,Có hứng thú một chút,Có hứng thú một chút,Có hứng thú một chút,Có hứng thú một chút,Có hứng thú một chút,Quan tâm ở mức trung bình,Có hứng thú một chút,Có hứng thú một chút,Quan tâm ở mức trung bình,Có hứng thú một chút,Có hứng thú một chút,Có hứng thú một chút,Có hứng thú một chút,Có hứng thú một chút,Có hứng thú một chút,Khá liên quan,Khá liên quan,Khá liên quan,Khá liên quan,Khá liên quan,Khá liên quan,Khá liên quan,Khá liên quan,Khá liên quan,Khá liên quan,Khá liên quan,Rất liên quan,Rất liên quan,Rất liên quan,Rất liên quan
3/16/2026 20:35:43,Nữ,19,Thành thị,Trung học phổ thông,Có,Không,Không,Trung lập,Không đồng ý,Không đồng ý,Hoàn toàn đồng ý,Không đồng ý,Không đồng ý,Không đồng ý,Đồng ý,Không đồng ý,Hoàn toàn không đồng ý,Đồng ý,Hoàn toàn đồng ý,Hoàn toàn đồng ý,Không đồng ý,Trung lập,Trung lập,Không đồng ý,Đồng ý,Trung lập,Trung lập,Trung lập,Không đồng ý,Khá quan tâm,Hoàn toàn không quan tâm,Hoàn toàn không quan tâm,Có hứng thú một chút,Có hứng thú một chút,Có hứng thú một chút,Có hứng thú một chút,Có hứng thú một chút,Có hứng thú một chút,Có hứng thú một chút,Khá quan tâm,Có hứng thú một chút,Có hứng thú một chút,Có hứng thú một chút,Khá quan tâm,Khá quan tâm,Có hứng thú một chút,Khá quan tâm,Có hứng thú một chút,Khá quan tâm,Rất liên quan,Rất liên quan,Khá liên quan,Khá liên quan,Khá liên quan,Khá liên quan,Hơi liên quan,Khá liên quan,Khá liên quan,Rất liên quan,Rất liên quan,Rất liên quan,Rất liên quan,Hơi liên quan,Không liên quan
3/16/2026 22:17:02,Nam,25,Thành thị,Cao Đẳng/ Đại học,Không,Không,Không,Đồng ý,Đồng ý,Trung lập,Đồng ý,Trung lập,Đồng ý,Đồng ý,Trung lập,Trung lập,Đồng ý,Trung lập,Đồng ý,Trung lập,Trung lập,Trung lập,Trung lập,Trung lập,Đồng ý,Đồng ý,Trung lập,Đồng ý,Trung lập,Quan tâm ở mức trung bình,Khá quan tâm,Khá quan tâm,Khá quan tâm,Khá quan tâm,Quan tâm ở mức trung bình,Quan tâm ở mức trung bình,Quan tâm ở mức trung bình,Quan tâm ở mức trung bình,Khá quan tâm,Khá quan tâm,Khá quan tâm,Quan tâm ở mức trung bình,Khá quan tâm,Khá quan tâm,Quan tâm ở mức trung bình,Quan tâm ở mức trung bình,Khá quan tâm,Khá quan tâm,Quan tâm ở mức trung bình,Khá liên quan,Khá liên quan,Khá liên quan,Khá liên quan,Hơi liên quan,Khá liên quan,Khá liên quan,Hơi liên quan,Hơi liên quan,Hơi liên quan,Khá liên quan,Hơi liên quan,Hơi liên quan,Hơi liên quan,Hơi liên quan
3/16/2026 23:40:56,Nam,25,Thành thị,Cao Đẳng/ Đại học,Có,Không,Không,Hoàn toàn không đồng ý,Trung lập,Trung lập,Đồng ý,Trung lập,Đồng ý,Đồng ý,Không đồng ý,Hoàn toàn đồng ý,Trung lập,Trung lập,Hoàn toàn đồng ý,Hoàn toàn đồng ý,Không đồng ý,Đồng ý,Đồng ý,Trung lập,Trung lập,Trung lập,Không đồng ý,Trung lập,Trung lập,Quan tâm ở mức trung bình,Khá quan tâm,Quan tâm ở mức trung bình,Có hứng thú một chút,Khá quan tâm,Rất quan tâm,Khá quan tâm,Khá quan tâm,Khá quan tâm,Quan tâm ở mức trung bình,Khá quan tâm,Quan tâm ở mức trung bình,Quan tâm ở mức trung bình,Quan tâm ở mức trung bình,Khá quan tâm,Khá quan tâm,Khá quan tâm,Khá quan tâm,Quan tâm ở mức trung bình,Khá quan tâm,Rất liên quan,Khá liên quan,Khá liên quan,Hơi liên quan,Khá liên quan,Khá liên quan,Khá liên quan,Khá liên quan,Hơi liên quan,Khá liên quan,Khá liên quan,Hơi liên quan,Khá liên quan,Rất liên quan,Khá liên quan
3/17/2026 2:16:38,Nam,21,Nông thôn,Cao Đẳng/ Đại học,Có,Có,Có,Đồng ý,Đồng ý,Đồng ý,Đồng ý,Đồng ý,Đồng ý,Trung lập,Trung lập,Trung lập,Đồng ý,Đồng ý,Đồng ý,Đồng ý,Đồng ý,Đồng ý,Đồng ý,Trung lập,Trung lập,Đồng ý,Đồng ý,Đồng ý,Đồng ý,Khá quan tâm,Khá quan tâm,Khá quan tâm,Khá quan tâm,Khá quan tâm,Khá quan tâm,Khá quan tâm,Khá quan tâm,Khá quan tâm,Khá quan tâm,Khá quan tâm,Khá quan tâm,Khá quan tâm,Khá quan tâm,Khá quan tâm,Khá quan tâm,Khá quan tâm,Khá quan tâm,Khá quan tâm,Khá quan tâm,Rất liên quan,Rất liên quan,Rất liên quan,Rất liên quan,Rất liên quan,Rất liên quan,Rất liên quan,Rất liên quan,Rất liên quan,Rất liên quan,Rất liên quan,Rất liên quan,Rất liên quan,Rất liên quan,Rất liên quan
3/17/2026 10:23:48,Nữ,18,Thành thị,Trung học phổ thông,Có,Có,Có,Đồng ý,Trung lập,Trung lập,Trung lập,Trung lập,Trung lập,Trung lập,Trung lập,Trung lập,Trung lập,Trung lập,Trung lập,Trung lập,Trung lập,Trung lập,Trung lập,Trung lập,Trung lập,Trung lập,Trung lập,Trung lập,Trung lập,Quan tâm ở mức trung bình,Quan tâm ở mức trung bình,Quan tâm ở mức trung bình,Quan tâm ở mức trung bình,Quan tâm ở mức trung bình,Quan tâm ở mức trung bình,Quan tâm ở mức trung bình,Quan tâm ở mức trung bình,Quan tâm ở mức trung bình,Quan tâm ở mức trung bình,Quan tâm ở mức trung bình,Quan tâm ở mức trung bình,Quan tâm ở mức trung bình,Quan tâm ở mức trung bình,Quan tâm ở mức trung bình,Quan tâm ở mức trung bình,Quan tâm ở mức trung bình,Quan tâm ở mức trung bình,Quan tâm ở mức trung bình,Quan tâm ở mức trung bình,Khá liên quan,Khá liên quan,Khá liên quan,Khá liên quan,Khá liên quan,Khá liên quan,Khá liên quan,Khá liên quan,Khá liên quan,Khá liên quan,Khá liên quan,Khá liên quan,Khá liên quan,Khá liên quan,Khá liên quan
3/17/2026 10:57:22,Nam,23,Thành thị,Cao Đẳng/ Đại học,Không,Không,Không,Đồng ý,Đồng ý,Trung lập,Đồng ý,Đồng ý,Đồng ý,Trung lập,Trung lập,Trung lập,Đồng ý,Đồng ý,Trung lập,Đồng ý,Trung lập,Đồng ý,Trung lập,Đồng ý,Trung lập,Trung lập,Trung lập,Trung lập,Trung lập,Khá quan tâm,Khá quan tâm,Rất quan tâm,Quan tâm ở mức trung bình,Khá quan tâm,Khá quan tâm,Rất quan tâm,Rất quan tâm,Khá quan tâm,Khá quan tâm,Khá quan tâm,Khá quan tâm,Khá quan tâm,Khá quan tâm,Quan tâm ở mức trung bình,Quan tâm ở mức trung bình,Quan tâm ở mức trung bình,Khá quan tâm,Khá quan tâm,Khá quan tâm,Khá liên quan,Khá liên quan,Khá liên quan,Rất liên quan,Rất liên quan,Khá liên quan,Rất liên quan,Rất liên quan,Rất liên quan,Rất liên quan,Khá liên quan,Rất liên quan,Rất liên quan,Khá liên quan,Hơi liên quan
3/17/2026 11:04:42,Nữ,25,Nông thôn,Sau Đại học,Có,Không,Không,Không đồng ý,Đồng ý,Trung lập,Đồng ý,Đồng ý,Đồng ý,Trung lập,Hoàn toàn không đồng ý,Đồng ý,Không đồng ý,Đồng ý,Hoàn toàn đồng ý,Hoàn toàn đồng ý,Hoàn toàn đồng ý,Hoàn toàn đồng ý,Hoàn toàn đồng ý,Hoàn toàn đồng ý,Đồng ý,Đồng ý,Không đồng ý,Không đồng ý,Không đồng ý,Hoàn toàn không quan tâm,Hoàn toàn không quan tâm,Có hứng thú một chút,Hoàn toàn không quan tâm,Có hứng thú một chút,Có hứng thú một chút,Có hứng thú một chút,Quan tâm ở mức trung bình,Có hứng thú một chút,Có hứng thú một chút,Có hứng thú một chút,Quan tâm ở mức trung bình,Có hứng thú một chút,Có hứng thú một chút,Quan tâm ở mức trung bình,Có hứng thú một chút,Có hứng thú một chút,Có hứng thú một chút,Có hứng thú một chút,Có hứng thú một chút,Hơi liên quan,Hơi liên quan,Khá liên quan,Khá liên quan,Hơi liên quan,Khá liên quan,Khá liên quan,Khá liên quan,Khá liên quan,Khá liên quan,Khá liên quan,Khá liên quan,Khá liên quan,Khá liên quan,Hơi liên quan
3/17/2026 11:46:31,Nam,23,Thành thị,Cao Đẳng/ Đại học,Có,Không,Không,Hoàn toàn không đồng ý,Đồng ý,Đồng ý,Đồng ý,Trung lập,Không đồng ý,Hoàn toàn không đồng ý,Đồng ý,Đồng ý,Đồng ý,Trung lập,Trung lập,Trung lập,Trung lập,Trung lập,Trung lập,Trung lập,Trung lập,Trung lập,Trung lập,Trung lập,Trung lập,Hoàn toàn không quan tâm,Hoàn toàn không quan tâm,Hoàn toàn không quan tâm,Hoàn toàn không quan tâm,Hoàn toàn không quan tâm,Hoàn toàn không quan tâm,Hoàn toàn không quan tâm,Hoàn toàn không quan tâm,Hoàn toàn không quan tâm,Hoàn toàn không quan tâm,Hoàn toàn không quan tâm,Hoàn toàn không quan tâm,Hoàn toàn không quan tâm,Hoàn toàn không quan tâm,Hoàn toàn không quan tâm,Hoàn toàn không quan tâm,Hoàn toàn không quan tâm,Hoàn toàn không quan tâm,Hoàn toàn không quan tâm,Hoàn toàn không quan tâm,Rất liên quan,Rất liên quan,Khá liên quan,Rất liên quan,Rất liên quan,Khá liên quan,Không liên quan,Hơi liên quan,Hơi liên quan,Khá liên quan,Rất liên quan,Rất liên quan,Rất liên quan,Khá liên quan,Hơi liên quan
3/17/2026 11:55:29,Nam,25,Thành thị,Cao Đẳng/ Đại học,Không,Có,Không,Hoàn toàn đồng ý,Không đồng ý,Hoàn toàn đồng ý,Hoàn toàn đồng ý,Hoàn toàn đồng ý,Hoàn toàn đồng ý,Hoàn toàn đồng ý,Không đồng ý,Trung lập,Không đồng ý,Đồng ý,Trung lập,Không đồng ý,Trung lập,Trung lập,Đồng ý,Không đồng ý,Đồng ý,Đồng ý,Đồng ý,Đồng ý,Đồng ý,Quan tâm ở mức trung bình,Quan tâm ở mức trung bình,Quan tâm ở mức trung bình,Quan tâm ở mức trung bình,Quan tâm ở mức trung bình,Quan tâm ở mức trung bình,Quan tâm ở mức trung bình,Quan tâm ở mức trung bình,Quan tâm ở mức trung bình,Quan tâm ở mức trung bình,Quan tâm ở mức trung bình,Quan tâm ở mức trung bình,Quan tâm ở mức trung bình,Quan tâm ở mức trung bình,Quan tâm ở mức trung bình,Quan tâm ở mức trung bình,Quan tâm ở mức trung bình,Quan tâm ở mức trung bình,Quan tâm ở mức trung bình,Hoàn toàn không quan tâm,Khá liên quan,Khá liên quan,Khá liên quan,Khá liên quan,Khá liên quan,Khá liên quan,Khá liên quan,Khá liên quan,Khá liên quan,Khá liên quan,Không liên quan,Hơi liên quan,Khá liên quan,Khá liên quan,Khá liên quan
3/17/2026 14:32:46,Nữ,24,Nông thôn,Cao Đẳng/ Đại học,Có,Có,Không,Hoàn toàn đồng ý,Hoàn toàn không đồng ý,Đồng ý,Trung lập,Đồng ý,Đồng ý,Trung lập,Không đồng ý,Trung lập,Trung lập,Không đồng ý,Đồng ý,Trung lập,Trung lập,Trung lập,Đồng ý,Đồng ý,Đồng ý,Đồng ý,Trung lập,Trung lập,Trung lập,Rất quan tâm,Rất quan tâm,Rất quan tâm,Rất quan tâm,Rất quan tâm,Rất quan tâm,Rất quan tâm,Rất quan tâm,Rất quan tâm,Rất quan tâm,Rất quan tâm,Rất quan tâm,Rất quan tâm,Rất quan tâm,Rất quan tâm,Rất quan tâm,Rất quan tâm,Rất quan tâm,Rất quan tâm,Khá quan tâm,Rất liên quan,Rất liên quan,Rất liên quan,Rất liên quan,Rất liên quan,Rất liên quan,Hơi liên quan,Hơi liên quan,Rất liên quan,Khá liên quan,Rất liên quan,Rất liên quan,Rất liên quan,Rất liên quan,Rất liên quan
3/17/2026 15:26:50,Nữ,18,Nông thôn,Trung học phổ thông,Có,Không,Không,Trung lập,Trung lập,Đồng ý,Đồng ý,Trung lập,Đồng ý,Đồng ý,Hoàn toàn không đồng ý,Hoàn toàn không đồng ý,Đồng ý,Trung lập,Không đồng ý,Đồng ý,Trung lập,Đồng ý,Đồng ý,Trung lập,Trung lập,Trung lập,Không đồng ý,Trung lập,Trung lập,Quan tâm ở mức trung bình,Quan tâm ở mức trung bình,Quan tâm ở mức trung bình,Quan tâm ở mức trung bình,Có hứng thú một chút,Quan tâm ở mức trung bình,Quan tâm ở mức trung bình,Quan tâm ở mức trung bình,Quan tâm ở mức trung bình,Quan tâm ở mức trung bình,Quan tâm ở mức trung bình,Quan tâm ở mức trung bình,Quan tâm ở mức trung bình,Quan tâm ở mức trung bình,Quan tâm ở mức trung bình,Có hứng thú một chút,Quan tâm ở mức trung bình,Quan tâm ở mức trung bình,Có hứng thú một chút,Quan tâm ở mức trung bình,Khá liên quan,Khá liên quan,Hơi liên quan,Khá liên quan,Khá liên quan,Khá liên quan,Hơi liên quan,Hơi liên quan,Khá liên quan,Khá liên quan,Khá liên quan,Khá liên quan,Khá liên quan,Khá liên quan,Khá liên quan
3/17/2026 15:54:25,Nam,20,Nông thôn,Cao Đẳng/ Đại học,Có,Không,Không,Trung lập,Trung lập,Đồng ý,Đồng ý,Hoàn toàn đồng ý,Hoàn toàn đồng ý,Hoàn toàn đồng ý,Trung lập,Trung lập,Hoàn toàn đồng ý,Trung lập,Đồng ý,Đồng ý,Không đồng ý,Trung lập,Trung lập,Trung lập,Trung lập,Trung lập,Không đồng ý,Trung lập,Trung lập,Quan tâm ở mức trung bình,Khá quan tâm,Khá quan tâm,Khá quan tâm,Khá quan tâm,Quan tâm ở mức trung bình,Có hứng thú một chút,Khá quan tâm,Quan tâm ở mức trung bình,Quan tâm ở mức trung bình,Khá quan tâm,Quan tâm ở mức trung bình,Hoàn toàn không quan tâm,Có hứng thú một chút,Có hứng thú một chút,Khá quan tâm,Khá quan tâm,Quan tâm ở mức trung bình,Quan tâm ở mức trung bình,Quan tâm ở mức trung bình,Khá liên quan,Khá liên quan,Hơi liên quan,Khá liên quan,Hơi liên quan,Khá liên quan,Rất liên quan,Hơi liên quan,Khá liên quan,Khá liên quan,Rất liên quan,Rất liên quan,Rất liên quan,Rất liên quan,Khá liên quan
3/17/2026 16:04:36,Nam,21,Nông thôn,Cao Đẳng/ Đại học,Có,Có,Không,Trung lập,Không đồng ý,Đồng ý,Hoàn toàn đồng ý,Đồng ý,Trung lập,Không đồng ý,Không đồng ý,Không đồng ý,Đồng ý,Không đồng ý,Trung lập,Trung lập,Trung lập,Đồng ý,Đồng ý,Đồng ý,Đồng ý,Hoàn toàn đồng ý,Hoàn toàn đồng ý,Đồng ý,Đồng ý,Có hứng thú một chút,Có hứng thú một chút,Có hứng thú một chút,Có hứng thú một chút,Có hứng thú một chút,Có hứng thú một chút,Có hứng thú một chút,Có hứng thú một chút,Quan tâm ở mức trung bình,Có hứng thú một chút,Có hứng thú một chút,Có hứng thú một chút,Có hứng thú một chút,Có hứng thú một chút,Có hứng thú một chút,Có hứng thú một chút,Có hứng thú một chút,Có hứng thú một chút,Có hứng thú một chút,Có hứng thú một chút,Khá liên quan,Khá liên quan,Khá liên quan,Khá liên quan,Khá liên quan,Khá liên quan,Khá liên quan,Khá liên quan,Khá liên quan,Hơi liên quan,Khá liên quan,Rất liên quan,Rất liên quan,Rất liên quan,Rất liên quan
3/17/2026 16:13:49,Nữ,20,Thành thị,Cao Đẳng/ Đại học,Có,Có,Không,Hoàn toàn đồng ý,Hoàn toàn không đồng ý,Đồng ý,Hoàn toàn đồng ý,Đồng ý,Đồng ý,Hoàn toàn đồng ý,Trung lập,Trung lập,Đồng ý,Không đồng ý,Trung lập,Trung lập,Trung lập,Trung lập,Trung lập,Trung lập,Trung lập,Trung lập,Trung lập,Trung lập,Trung lập,Khá quan tâm,Khá quan tâm,Rất quan tâm,Khá quan tâm,Rất quan tâm,Rất quan tâm,Rất quan tâm,Rất quan tâm,Rất quan tâm,Rất quan tâm,Khá quan tâm,Khá quan tâm,Khá quan tâm,Khá quan tâm,Khá quan tâm,Khá quan tâm,Khá quan tâm,Khá quan tâm,Khá quan tâm,Khá quan tâm,Rất liên quan,Rất liên quan,Khá liên quan,Rất liên quan,Rất liên quan,Rất liên quan,Rất liên quan,Rất liên quan,Khá liên quan,Rất liên quan,Rất liên quan,Rất liên quan,Rất liên quan,Rất liên quan,Rất liên quan
3/17/2026 16:15:18,Nữ,23,Thành thị,Cao Đẳng/ Đại học,Có,Có,Không,Đồng ý,Trung lập,Đồng ý,Đồng ý,Đồng ý,Đồng ý,Đồng ý,Đồng ý,Không đồng ý,Đồng ý,Trung lập,Trung lập,Đồng ý,Trung lập,Trung lập,Đồng ý,Đồng ý,Đồng ý,Đồng ý,Đồng ý,Đồng ý,Đồng ý,Khá quan tâm,Khá quan tâm,Khá quan tâm,Quan tâm ở mức trung bình,Quan tâm ở mức trung bình,Quan tâm ở mức trung bình,Khá quan tâm,Khá quan tâm,Quan tâm ở mức trung bình,Quan tâm ở mức trung bình,Quan tâm ở mức trung bình,Khá quan tâm,Quan tâm ở mức trung bình,Quan tâm ở mức trung bình,Quan tâm ở mức trung bình,Quan tâm ở mức trung bình,Quan tâm ở mức trung bình,Quan tâm ở mức trung bình,Quan tâm ở mức trung bình,Quan tâm ở mức trung bình,Khá liên quan,Khá liên quan,Khá liên quan,Khá liên quan,Khá liên quan,Khá liên quan,Không liên quan,Khá liên quan,Khá liên quan,Hơi liên quan,Hơi liên quan,Hơi liên quan,Khá liên quan,Khá liên quan,Khá liên quan
3/17/2026 16:17:16,Nữ,20,Nông thôn,Cao Đẳng/ Đại học,Có,Không,Không,Trung lập,Trung lập,Trung lập,Trung lập,Trung lập,Trung lập,Trung lập,Trung lập,Trung lập,Trung lập,Trung lập,Trung lập,Trung lập,Trung lập,Trung lập,Trung lập,Trung lập,Trung lập,Trung lập,Trung lập,Trung lập,Không đồng ý,Quan tâm ở mức trung bình,Khá quan tâm,Có hứng thú một chút,Quan tâm ở mức trung bình,Có hứng thú một chút,Có hứng thú một chút,Quan tâm ở mức trung bình,Quan tâm ở mức trung bình,Có hứng thú một chút,Quan tâm ở mức trung bình,Có hứng thú một chút,Quan tâm ở mức trung bình,Có hứng thú một chút,Quan tâm ở mức trung bình,Khá quan tâm,Quan tâm ở mức trung bình,Quan tâm ở mức trung bình,Quan tâm ở mức trung bình,Có hứng thú một chút,Quan tâm ở mức trung bình,Rất liên quan,Khá liên quan,Hơi liên quan,Khá liên quan,Khá liên quan,Khá liên quan,Hơi liên quan,Hơi liên quan,Khá liên quan,Khá liên quan,Khá liên quan,Khá liên quan,Khá liên quan,Hơi liên quan,Hơi liên quan
3/17/2026 16:20:40,Nữ,20,Nông thôn,Cao Đẳng/ Đại học,Có,Không,Không,Trung lập,Trung lập,Đồng ý,Đồng ý,Trung lập,Trung lập,Trung lập,Trung lập,Trung lập,Trung lập,Đồng ý,Đồng ý,Trung lập,Đồng ý,Trung lập,Trung lập,Trung lập,Trung lập,Trung lập,Trung lập,Trung lập,Trung lập,Quan tâm ở mức trung bình,Quan tâm ở mức trung bình,Quan tâm ở mức trung bình,Quan tâm ở mức trung bình,Quan tâm ở mức trung bình,Quan tâm ở mức trung bình,Quan tâm ở mức trung bình,Quan tâm ở mức trung bình,Quan tâm ở mức trung bình,Quan tâm ở mức trung bình,Quan tâm ở mức trung bình,Quan tâm ở mức trung bình,Quan tâm ở mức trung bình,Quan tâm ở mức trung bình,Quan tâm ở mức trung bình,Quan tâm ở mức trung bình,Quan tâm ở mức trung bình,Quan tâm ở mức trung bình,Quan tâm ở mức trung bình,Quan tâm ở mức trung bình,Khá liên quan,Hơi liên quan,Hơi liên quan,Hơi liên quan,Khá liên quan,Hơi liên quan,Hơi liên quan,Khá liên quan,Khá liên quan,Khá liên quan,Rất liên quan,Rất liên quan,Rất liên quan,Rất liên quan,Khá liên quan
3/17/2026 16:21:22,Nam,23,Thành thị,Cao Đẳng/ Đại học,Có,Không,Không,Không đồng ý,Trung lập,Trung lập,Trung lập,Trung lập,Trung lập,Đồng ý,Trung lập,Hoàn toàn đồng ý,Hoàn toàn không đồng ý,Đồng ý,Hoàn toàn đồng ý,Đồng ý,Trung lập,Trung lập,Trung lập,Trung lập,Trung lập,Trung lập,Không đồng ý,Không đồng ý,Đồng ý,Có hứng thú một chút,Có hứng thú một chút,Quan tâm ở mức trung bình,Hoàn toàn không quan tâm,Hoàn toàn không quan tâm,Hoàn toàn không quan tâm,Hoàn toàn không quan tâm,Hoàn toàn không quan tâm,Hoàn toàn không quan tâm,Hoàn toàn không quan tâm,Rất quan tâm,Quan tâm ở mức trung bình,Có hứng thú một chút,Quan tâm ở mức trung bình,Quan tâm ở mức trung bình,Hoàn toàn không quan tâm,Hoàn toàn không quan tâm,Hoàn toàn không quan tâm,Hoàn toàn không quan tâm,Quan tâm ở mức trung bình,Rất liên quan,Rất liên quan,Rất liên quan,Rất liên quan,Rất liên quan,Rất liên quan,Hơi liên quan,Khá liên quan,Khá liên quan,Rất liên quan,Rất liên quan,Rất liên quan,Rất liên quan,Rất liên quan,Không liên quan
3/17/2026 16:43:37,Nữ,21,Nông thôn,Cao Đẳng/ Đại học,Có,Có,Có,Trung lập,Trung lập,Trung lập,Trung lập,Trung lập,Trung lập,Trung lập,Trung lập,Trung lập,Trung lập,Trung lập,Trung lập,Trung lập,Trung lập,Trung lập,Trung lập,Trung lập,Trung lập,Trung lập,Trung lập,Trung lập,Trung lập,Có hứng thú một chút,Có hứng thú một chút,Có hứng thú một chút,Có hứng thú một chút,Quan tâm ở mức trung bình,Quan tâm ở mức trung bình,Quan tâm ở mức trung bình,Quan tâm ở mức trung bình,Quan tâm ở mức trung bình,Quan tâm ở mức trung bình,Quan tâm ở mức trung bình,Quan tâm ở mức trung bình,Quan tâm ở mức trung bình,Quan tâm ở mức trung bình,Quan tâm ở mức trung bình,Quan tâm ở mức trung bình,Quan tâm ở mức trung bình,Quan tâm ở mức trung bình,Quan tâm ở mức trung bình,Quan tâm ở mức trung bình,Khá liên quan,Khá liên quan,Khá liên quan,Khá liên quan,Khá liên quan,Khá liên quan,Khá liên quan,Khá liên quan,Khá liên quan,Khá liên quan,Khá liên quan,Khá liên quan,Khá liên quan,Khá liên quan,Khá liên quan
3/17/2026 17:24:32,Nam,23,Thành thị,Cao Đẳng/ Đại học,Không,Không,Không,Đồng ý,Trung lập,Đồng ý,Không đồng ý,Trung lập,Không đồng ý,Trung lập,Đồng ý,Trung lập,Đồng ý,Đồng ý,Trung lập,Đồng ý,Trung lập,Trung lập,Đồng ý,Đồng ý,Trung lập,Trung lập,Trung lập,Đồng ý,Trung lập,Khá quan tâm,Quan tâm ở mức trung bình,Khá quan tâm,Khá quan tâm,Quan tâm ở mức trung bình,Quan tâm ở mức trung bình,Quan tâm ở mức trung bình,Quan tâm ở mức trung bình,Quan tâm ở mức trung bình,Quan tâm ở mức trung bình,Có hứng thú một chút,Khá quan tâm,Khá quan tâm,Rất quan tâm,Rất quan tâm,Khá quan tâm,Quan tâm ở mức trung bình,Khá quan tâm,Quan tâm ở mức trung bình,Khá quan tâm,Khá liên quan,Rất liên quan,Hơi liên quan,Khá liên quan,Rất liên quan,Hơi liên quan,Khá liên quan,Khá liên quan,Rất liên quan,Khá liên quan,Khá liên quan,Hơi liên quan,Hơi liên quan,Rất liên quan,Rất liên quan
3/17/2026 17:25:03,Nam,24,Thành thị,Cao Đẳng/ Đại học,Có,Có,Không,Trung lập,Trung lập,Trung lập,Trung lập,Trung lập,Trung lập,Trung lập,Trung lập,Trung lập,Trung lập,Trung lập,Trung lập,Trung lập,Trung lập,Trung lập,Trung lập,Trung lập,Trung lập,Trung lập,Trung lập,Trung lập,Trung lập,Quan tâm ở mức trung bình,Quan tâm ở mức trung bình,Quan tâm ở mức trung bình,Quan tâm ở mức trung bình,Quan tâm ở mức trung bình,Quan tâm ở mức trung bình,Quan tâm ở mức trung bình,Quan tâm ở mức trung bình,Quan tâm ở mức trung bình,Quan tâm ở mức trung bình,Quan tâm ở mức trung bình,Quan tâm ở mức trung bình,Quan tâm ở mức trung bình,Quan tâm ở mức trung bình,Quan tâm ở mức trung bình,Quan tâm ở mức trung bình,Quan tâm ở mức trung bình,Quan tâm ở mức trung bình,Quan tâm ở mức trung bình,Quan tâm ở mức trung bình,Khá liên quan,Khá liên quan,Khá liên quan,Khá liên quan,Khá liên quan,Khá liên quan,Khá liên quan,Khá liên quan,Khá liên quan,Khá liên quan,Khá liên quan,Khá liên quan,Khá liên quan,Khá liên quan,Khá liên quan
3/17/2026 17:35:21,Nam,24,Thành thị,Cao Đẳng/ Đại học,Có,Không,Không,Trung lập,Không đồng ý,Đồng ý,Đồng ý,Đồng ý,Trung lập,Trung lập,Trung lập,Trung lập,Đồng ý,Không đồng ý,Trung lập,Đồng ý,Trung lập,Đồng ý,Đồng ý,Trung lập,Trung lập,Trung lập,Trung lập,Trung lập,Trung lập,Có hứng thú một chút,Hoàn toàn không quan tâm,Hoàn toàn không quan tâm,Có hứng thú một chút,Hoàn toàn không quan tâm,Hoàn toàn không quan tâm,Hoàn toàn không quan tâm,Có hứng thú một chút,Hoàn toàn không quan tâm,Hoàn toàn không quan tâm,Có hứng thú một chút,Có hứng thú một chút,Hoàn toàn không quan tâm,Hoàn toàn không quan tâm,Quan tâm ở mức trung bình,Hoàn toàn không quan tâm,Hoàn toàn không quan tâm,Hoàn toàn không quan tâm,Hoàn toàn không quan tâm,Có hứng thú một chút,Khá liên quan,Rất liên quan,Hơi liên quan,Khá liên quan,Rất liên quan,Khá liên quan,Khá liên quan,Khá liên quan,Khá liên quan,Khá liên quan,Hơi liên quan,Khá liên quan,Khá liên quan,Hơi liên quan,Hơi liên quan
3/17/2026 17:49:16,Nam,20,Thành thị,Cao Đẳng/ Đại học,Không,Có,Không,Trung lập,Không đồng ý,Đồng ý,Hoàn toàn đồng ý,Đồng ý,Hoàn toàn đồng ý,Trung lập,Đồng ý,Đồng ý,Đồng ý,Trung lập,Trung lập,Trung lập,Trung lập,Trung lập,Trung lập,Trung lập,Trung lập,Trung lập,Trung lập,Trung lập,Trung lập,Quan tâm ở mức trung bình,Quan tâm ở mức trung bình,Quan tâm ở mức trung bình,Khá quan tâm,Có hứng thú một chút,Khá quan tâm,Khá quan tâm,Khá quan tâm,Khá quan tâm,Khá quan tâm,Khá quan tâm,Khá quan tâm,Khá quan tâm,Khá quan tâm,Khá quan tâm,Khá quan tâm,Quan tâm ở mức trung bình,Có hứng thú một chút,Khá quan tâm,Có hứng thú một chút,Khá liên quan,Khá liên quan,Hơi liên quan,Rất liên quan,Rất liên quan,Rất liên quan,Hơi liên quan,Khá liên quan,Hơi liên quan,Hơi liên quan,Hơi liên quan,Hơi liên quan,Khá liên quan,Rất liên quan,Rất liên quan
3/17/2026 17:58:51,Nữ,24,Nông thôn,Cao Đẳng/ Đại học,Có,Có,Có,Đồng ý,Hoàn toàn không đồng ý,Đồng ý,Đồng ý,Trung lập,Trung lập,Đồng ý,Hoàn toàn không đồng ý,Đồng ý,Đồng ý,Trung lập,Đồng ý,Đồng ý,Không đồng ý,Không đồng ý,Đồng ý,Đồng ý,Trung lập,Trung lập,Không đồng ý,Không đồng ý,Không đồng ý,Có hứng thú một chút,Có hứng thú một chút,Có hứng thú một chút,Có hứng thú một chút,Có hứng thú một chút,Có hứng thú một chút,Có hứng thú một chút,Quan tâm ở mức trung bình,Có hứng thú một chút,Quan tâm ở mức trung bình,Khá quan tâm,Khá quan tâm,Khá quan tâm,Quan tâm ở mức trung bình,Hoàn toàn không quan tâm,Hoàn toàn không quan tâm,Hoàn toàn không quan tâm,Hoàn toàn không quan tâm,Có hứng thú một chút,Có hứng thú một chút,Khá liên quan,Khá liên quan,Khá liên quan,Khá liên quan,Khá liên quan,Khá liên quan,Hơi liên quan,Khá liên quan,Khá liên quan,Khá liên quan,Khá liên quan,Khá liên quan,Hơi liên quan,Khá liên quan,Khá liên quan
3/17/2026 18:03:57,Nữ,23,Thành thị,Cao Đẳng/ Đại học,Có,Có,Không,Trung lập,Hoàn toàn không đồng ý,Đồng ý,Trung lập,Đồng ý,Trung lập,Trung lập,Không đồng ý,Không đồng ý,Đồng ý,Trung lập,Đồng ý,Đồng ý,Trung lập,Trung lập,Trung lập,Trung lập,Trung lập,Trung lập,Không đồng ý,Không đồng ý,Trung lập,Có hứng thú một chút,Có hứng thú một chút,Có hứng thú một chút,Có hứng thú một chút,Có hứng thú một chút,Có hứng thú một chút,Có hứng thú một chút,Có hứng thú một chút,Có hứng thú một chút,Có hứng thú một chút,Có hứng thú một chút,Có hứng thú một chút,Có hứng thú một chút,Có hứng thú một chút,Có hứng thú một chút,Có hứng thú một chút,Có hứng thú một chút,Có hứng thú một chút,Có hứng thú một chút,Có hứng thú một chút,Rất liên quan,Rất liên quan,Khá liên quan,Rất liên quan,Rất liên quan,Rất liên quan,Không liên quan,Không liên quan,Khá liên quan,Rất liên quan,Rất liên quan,Rất liên quan,Rất liên quan,Rất liên quan,Rất liên quan
3/17/2026 18:06:26,Nam,24,Thành thị,Cao Đẳng/ Đại học,Có,Có,Có,Không đồng ý,Không đồng ý,Đồng ý,Đồng ý,Đồng ý,Trung lập,Đồng ý,Không đồng ý,Đồng ý,Trung lập,Trung lập,Đồng ý,Đồng ý,Trung lập,Đồng ý,Đồng ý,Trung lập,Trung lập,Đồng ý,Trung lập,Trung lập,Trung lập,Khá quan tâm,Khá quan tâm,Khá quan tâm,Khá quan tâm,Khá quan tâm,Quan tâm ở mức trung bình,Quan tâm ở mức trung bình,Quan tâm ở mức trung bình,Khá quan tâm,Khá quan tâm,Khá quan tâm,Quan tâm ở mức trung bình,Quan tâm ở mức trung bình,Khá quan tâm,Khá quan tâm,Có hứng thú một chút,Có hứng thú một chút,Có hứng thú một chút,Khá quan tâm,Khá quan tâm,Rất liên quan,Khá liên quan,Rất liên quan,Rất liên quan,Rất liên quan,Rất liên quan,Khá liên quan,Khá liên quan,Rất liên quan,Khá liên quan,Rất liên quan,Rất liên quan,Rất liên quan,Rất liên quan,Khá liên quan
3/17/2026 18:07:05,Nữ,23,Nông thôn,Trung học phổ thông,Có,Không,Không,Đồng ý,Trung lập,Đồng ý,Đồng ý,Hoàn toàn đồng ý,Đồng ý,Đồng ý,Hoàn toàn không đồng ý,Trung lập,Trung lập,Đồng ý,Đồng ý,Trung lập,Đồng ý,Đồng ý,Đồng ý,Đồng ý,Đồng ý,Đồng ý,Đồng ý,Đồng ý,Đồng ý,Khá quan tâm,Khá quan tâm,Khá quan tâm,Khá quan tâm,Quan tâm ở mức trung bình,Quan tâm ở mức trung bình,Rất quan tâm,Rất quan tâm,Rất quan tâm,Rất quan tâm,Rất quan tâm,Rất quan tâm,Khá quan tâm,Quan tâm ở mức trung bình,Khá quan tâm,Khá quan tâm,Khá quan tâm,Khá quan tâm,Khá quan tâm,Khá quan tâm,Rất liên quan,Rất liên quan,Khá liên quan,Rất liên quan,Rất liên quan,Rất liên quan,Hơi liên quan,Khá liên quan,Khá liên quan,Rất liên quan,Rất liên quan,Rất liên quan,Rất liên quan,Rất liên quan,Rất liên quan
3/17/2026 18:07:15,Nữ,28,Thành thị,Cao Đẳng/ Đại học,Có,Có,Không,Đồng ý,Đồng ý,Đồng ý,Đồng ý,Đồng ý,Đồng ý,Đồng ý,Đồng ý,Trung lập,Đồng ý,Đồng ý,Hoàn toàn đồng ý,Hoàn toàn đồng ý,Hoàn toàn đồng ý,Hoàn toàn đồng ý,Đồng ý,Đồng ý,Đồng ý,Đồng ý,Đồng ý,Đồng ý,Đồng ý,Khá quan tâm,Khá quan tâm,Khá quan tâm,Khá quan tâm,Khá quan tâm,Khá quan tâm,Khá quan tâm,Khá quan tâm,Khá quan tâm,Khá quan tâm,Khá quan tâm,Khá quan tâm,Khá quan tâm,Khá quan tâm,Khá quan tâm,Khá quan tâm,Khá quan tâm,Khá quan tâm,Khá quan tâm,Khá quan tâm,Khá liên quan,Hơi liên quan,Khá liên quan,Khá liên quan,Hơi liên quan,Khá liên quan,Khá liên quan,Rất liên quan,Khá liên quan,Khá liên quan,Khá liên quan,Khá liên quan,Khá liên quan,Khá liên quan,Khá liên quan
3/17/2026 18:07:39,Nữ,24,Nông thôn,Cao Đẳng/ Đại học,Có,Có,Không,Trung lập,Đồng ý,Đồng ý,Đồng ý,Đồng ý,Trung lập,Đồng ý,Không đồng ý,Đồng ý,Trung lập,Trung lập,Trung lập,Trung lập,Đồng ý,Đồng ý,Đồng ý,Đồng ý,Đồng ý,Đồng ý,Trung lập,Đồng ý,Trung lập,Quan tâm ở mức trung bình,Quan tâm ở mức trung bình,Quan tâm ở mức trung bình,Quan tâm ở mức trung bình,Có hứng thú một chút,Quan tâm ở mức trung bình,Quan tâm ở mức trung bình,Quan tâm ở mức trung bình,Quan tâm ở mức trung bình,Quan tâm ở mức trung bình,Quan tâm ở mức trung bình,Quan tâm ở mức trung bình,Quan tâm ở mức trung bình,Quan tâm ở mức trung bình,Quan tâm ở mức trung bình,Quan tâm ở mức trung bình,Quan tâm ở mức trung bình,Quan tâm ở mức trung bình,Quan tâm ở mức trung bình,Quan tâm ở mức trung bình,Khá liên quan,Khá liên quan,Khá liên quan,Khá liên quan,Khá liên quan,Khá liên quan,Khá liên quan,Khá liên quan,Khá liên quan,Khá liên quan,Khá liên quan,Khá liên quan,Khá liên quan,Khá liên quan,Khá liên quan
3/17/2026 18:10:52,Nữ,20,Thành thị,Cao Đẳng/ Đại học,Có,Có,Không,Đồng ý,Không đồng ý,Trung lập,Đồng ý,Trung lập,Trung lập,Đồng ý,Không đồng ý,Đồng ý,Đồng ý,Không đồng ý,Trung lập,Trung lập,Đồng ý,Đồng ý,Trung lập,Trung lập,Đồng ý,Trung lập,Trung lập,Trung lập,Trung lập,Có hứng thú một chút,Quan tâm ở mức trung bình,Quan tâm ở mức trung bình,Có hứng thú một chút,Có hứng thú một chút,Có hứng thú một chút,Có hứng thú một chút,Có hứng thú một chút,Hoàn toàn không quan tâm,Hoàn toàn không quan tâm,Quan tâm ở mức trung bình,Quan tâm ở mức trung bình,Hoàn toàn không quan tâm,Có hứng thú một chút,Có hứng thú một chút,Có hứng thú một chút,Hoàn toàn không quan tâm,Hoàn toàn không quan tâm,Quan tâm ở mức trung bình,Quan tâm ở mức trung bình,Khá liên quan,Khá liên quan,Hơi liên quan,Hơi liên quan,Khá liên quan,Khá liên quan,Hơi liên quan,Hơi liên quan,Không liên quan,Hơi liên quan,Khá liên quan,Khá liên quan,Khá liên quan,Khá liên quan,Khá liên quan
3/17/2026 18:13:04,Nam,21,Thành thị,Cao Đẳng/ Đại học,Có,Không,Không,Hoàn toàn không đồng ý,Hoàn toàn đồng ý,Hoàn toàn không đồng ý,Hoàn toàn không đồng ý,Hoàn toàn không đồng ý,Hoàn toàn không đồng ý,Hoàn toàn không đồng ý,Hoàn toàn đồng ý,Hoàn toàn đồng ý,Hoàn toàn đồng ý,Hoàn toàn không đồng ý,Trung lập,Hoàn toàn đồng ý,Hoàn toàn không đồng ý,Hoàn toàn không đồng ý,Hoàn toàn không đồng ý,Hoàn toàn không đồng ý,Hoàn toàn không đồng ý,Hoàn toàn không đồng ý,Hoàn toàn không đồng ý,Hoàn toàn không đồng ý,Hoàn toàn không đồng ý,Hoàn toàn không quan tâm,Hoàn toàn không quan tâm,Hoàn toàn không quan tâm,Hoàn toàn không quan tâm,Hoàn toàn không quan tâm,Hoàn toàn không quan tâm,Hoàn toàn không quan tâm,Hoàn toàn không quan tâm,Hoàn toàn không quan tâm,Hoàn toàn không quan tâm,Hoàn toàn không quan tâm,Hoàn toàn không quan tâm,Hoàn toàn không quan tâm,Hoàn toàn không quan tâm,Hoàn toàn không quan tâm,Hoàn toàn không quan tâm,Hoàn toàn không quan tâm,Hoàn toàn không quan tâm,Hoàn toàn không quan tâm,Hoàn toàn không quan tâm,Không liên quan,Rất liên quan,Rất liên quan,Hơi liên quan,Không liên quan,Rất liên quan,Rất liên quan,Rất liên quan,Rất liên quan,Rất liên quan,Rất liên quan,Rất liên quan,Rất liên quan,Rất liên quan,Rất liên quan
3/17/2026 18:19:52,Nữ,20,Thành thị,Cao Đẳng/ Đại học,Có,Có,Có,Đồng ý,Đồng ý,Đồng ý,Đồng ý,Đồng ý,Đồng ý,Đồng ý,Đồng ý,Đồng ý,Đồng ý,Trung lập,Trung lập,Trung lập,Trung lập,Trung lập,Trung lập,Trung lập,Trung lập,Trung lập,Trung lập,Trung lập,Trung lập,Quan tâm ở mức trung bình,Quan tâm ở mức trung bình,Quan tâm ở mức trung bình,Quan tâm ở mức trung bình,Quan tâm ở mức trung bình,Quan tâm ở mức trung bình,Quan tâm ở mức trung bình,Quan tâm ở mức trung bình,Quan tâm ở mức trung bình,Quan tâm ở mức trung bình,Quan tâm ở mức trung bình,Quan tâm ở mức trung bình,Quan tâm ở mức trung bình,Quan tâm ở mức trung bình,Quan tâm ở mức trung bình,Quan tâm ở mức trung bình,Quan tâm ở mức trung bình,Quan tâm ở mức trung bình,Quan tâm ở mức trung bình,Quan tâm ở mức trung bình,Khá liên quan,Khá liên quan,Khá liên quan,Khá liên quan,Khá liên quan,Khá liên quan,Khá liên quan,Khá liên quan,Khá liên quan,Khá liên quan,Khá liên quan,Khá liên quan,Khá liên quan,Khá liên quan,Khá liên quan
3/17/2026 18:21:45,Nữ,23,Thành thị,Cao Đẳng/ Đại học,Có,Có,Không,Hoàn toàn đồng ý,Hoàn toàn đồng ý,Hoàn toàn đồng ý,Hoàn toàn đồng ý,Hoàn toàn đồng ý,Hoàn toàn đồng ý,Hoàn toàn đồng ý,Trung lập,Trung lập,Trung lập,Không đồng ý,Trung lập,Trung lập,Đồng ý,Đồng ý,Đồng ý,Đồng ý,Đồng ý,Không đồng ý,Đồng ý,Đồng ý,Đồng ý,Khá quan tâm,Khá quan tâm,Khá quan tâm,Khá quan tâm,Khá quan tâm,Khá quan tâm,Khá quan tâm,Khá quan tâm,Khá quan tâm,Khá quan tâm,Khá quan tâm,Khá quan tâm,Khá quan tâm,Khá quan tâm,Khá quan tâm,Khá quan tâm,Khá quan tâm,Khá quan tâm,Khá quan tâm,Khá quan tâm,Khá liên quan,Khá liên quan,Khá liên quan,Khá liên quan,Khá liên quan,Khá liên quan,Khá liên quan,Khá liên quan,Khá liên quan,Khá liên quan,Khá liên quan,Khá liên quan,Khá liên quan,Khá liên quan,Khá liên quan
3/17/2026 18:21:46,Nữ,19,Thành thị,Cao Đẳng/ Đại học,Có,Không,Không,Đồng ý,Không đồng ý,Đồng ý,Hoàn toàn đồng ý,Hoàn toàn đồng ý,Đồng ý,Đồng ý,Không đồng ý,Hoàn toàn không đồng ý,Đồng ý,Trung lập,Đồng ý,Đồng ý,Trung lập,Trung lập,Không đồng ý,Trung lập,Không đồng ý,Không đồng ý,Không đồng ý,Không đồng ý,Không đồng ý,Khá quan tâm,Khá quan tâm,Có hứng thú một chút,Khá quan tâm,Khá quan tâm,Khá quan tâm,Khá quan tâm,Khá quan tâm,Khá quan tâm,Rất quan tâm,Khá quan tâm,Rất quan tâm,Quan tâm ở mức trung bình,Khá quan tâm,Có hứng thú một chút,Có hứng thú một chút,Có hứng thú một chút,Có hứng thú một chút,Khá quan tâm,Khá quan tâm,Rất liên quan,Rất liên quan,Rất liên quan,Rất liên quan,Rất liên quan,Khá liên quan,Hơi liên quan,Hơi liên quan,Khá liên quan,Rất liên quan,Rất liên quan,Rất liên quan,Rất liên quan,Rất liên quan,Hơi liên quan
3/17/2026 18:30:48,Nữ,23,Nông thôn,Cao Đẳng/ Đại học,Có,Có,Không,Đồng ý,Đồng ý,Đồng ý,Đồng ý,Đồng ý,Đồng ý,Đồng ý,Đồng ý,Đồng ý,Đồng ý,Đồng ý,Đồng ý,Đồng ý,Đồng ý,Đồng ý,Đồng ý,Đồng ý,Đồng ý,Đồng ý,Đồng ý,Đồng ý,Đồng ý,Khá quan tâm,Khá quan tâm,Khá quan tâm,Khá quan tâm,Khá quan tâm,Khá quan tâm,Khá quan tâm,Khá quan tâm,Khá quan tâm,Khá quan tâm,Khá quan tâm,Khá quan tâm,Khá quan tâm,Khá quan tâm,Khá quan tâm,Khá quan tâm,Khá quan tâm,Khá quan tâm,Khá quan tâm,Khá quan tâm,Khá liên quan,Khá liên quan,Khá liên quan,Khá liên quan,Khá liên quan,Khá liên quan,Khá liên quan,Khá liên quan,Khá liên quan,Khá liên quan,Khá liên quan,Khá liên quan,Khá liên quan,Khá liên quan,Khá liên quan
3/17/2026 18:31:13,Nữ,23,Thành thị,Cao Đẳng/ Đại học,Không,Không,Không,Hoàn toàn không đồng ý,Hoàn toàn không đồng ý,Hoàn toàn không đồng ý,Trung lập,Trung lập,Trung lập,Trung lập,Trung lập,Không đồng ý,Không đồng ý,Trung lập,Trung lập,Trung lập,Trung lập,Trung lập,Trung lập,Trung lập,Trung lập,Trung lập,Trung lập,Trung lập,Trung lập,Quan tâm ở mức trung bình,Quan tâm ở mức trung bình,Quan tâm ở mức trung bình,Quan tâm ở mức trung bình,Quan tâm ở mức trung bình,Quan tâm ở mức trung bình,Quan tâm ở mức trung bình,Quan tâm ở mức trung bình,Quan tâm ở mức trung bình,Quan tâm ở mức trung bình,Quan tâm ở mức trung bình,Quan tâm ở mức trung bình,Quan tâm ở mức trung bình,Quan tâm ở mức trung bình,Quan tâm ở mức trung bình,Quan tâm ở mức trung bình,Quan tâm ở mức trung bình,Quan tâm ở mức trung bình,Quan tâm ở mức trung bình,Quan tâm ở mức trung bình,Hơi liên quan,Không liên quan,Không liên quan,Khá liên quan,Khá liên quan,Khá liên quan,Khá liên quan,Khá liên quan,Khá liên quan,Khá liên quan,Khá liên quan,Khá liên quan,Khá liên quan,Khá liên quan,Khá liên quan
3/17/2026 18:31:23,Nữ,22,Thành thị,Cao Đẳng/ Đại học,Có,Có,Không,Trung lập,Hoàn toàn không đồng ý,Trung lập,Trung lập,Trung lập,Hoàn toàn không đồng ý,Trung lập,Hoàn toàn không đồng ý,Trung lập,Trung lập,Trung lập,Đồng ý,Trung lập,Không đồng ý,Trung lập,Trung lập,Trung lập,Trung lập,Trung lập,Không đồng ý,Không đồng ý,Trung lập,Quan tâm ở mức trung bình,Quan tâm ở mức trung bình,Quan tâm ở mức trung bình,Khá quan tâm,Quan tâm ở mức trung bình,Khá quan tâm,Khá quan tâm,Khá quan tâm,Khá quan tâm,Khá quan tâm,Khá quan tâm,Khá quan tâm,Khá quan tâm,Khá quan tâm,Quan tâm ở mức trung bình,Quan tâm ở mức trung bình,Quan tâm ở mức trung bình,Quan tâm ở mức trung bình,Quan tâm ở mức trung bình,Quan tâm ở mức trung bình,Rất liên quan,Rất liên quan,Rất liên quan,Rất liên quan,Rất liên quan,Khá liên quan,Khá liên quan,Khá liên quan,Khá liên quan,Khá liên quan,Rất liên quan,Rất liên quan,Rất liên quan,Hơi liên quan,Hơi liên quan
3/17/2026 18:31:27,Nữ,23,Nông thôn,Cao Đẳng/ Đại học,Có,Có,Có,Trung lập,Trung lập,Trung lập,Trung lập,Trung lập,Đồng ý,Đồng ý,Trung lập,Trung lập,Không đồng ý,Trung lập,Trung lập,Trung lập,Trung lập,Trung lập,Trung lập,Trung lập,Trung lập,Trung lập,Trung lập,Trung lập,Trung lập,Có hứng thú một chút,Khá quan tâm,Quan tâm ở mức trung bình,Quan tâm ở mức trung bình,Có hứng thú một chút,Có hứng thú một chút,Có hứng thú một chút,Có hứng thú một chút,Có hứng thú một chút,Có hứng thú một chút,Có hứng thú một chút,Có hứng thú một chút,Có hứng thú một chút,Có hứng thú một chút,Có hứng thú một chút,Có hứng thú một chút,Có hứng thú một chút,Có hứng thú một chút,Có hứng thú một chút,Có hứng thú một chút,Khá liên quan,Khá liên quan,Khá liên quan,Khá liên quan,Khá liên quan,Khá liên quan,Khá liên quan,Hơi liên quan,Hơi liên quan,Hơi liên quan,Hơi liên quan,Hơi liên quan,Hơi liên quan,Hơi liên quan,Hơi liên quan
3/17/2026 18:36:11,Nữ,24,Thành thị,Cao Đẳng/ Đại học,Có,Có,Không,Hoàn toàn đồng ý,Không đồng ý,Đồng ý,Đồng ý,Đồng ý,Trung lập,Đồng ý,Không đồng ý,Không đồng ý,Đồng ý,Trung lập,Trung lập,Trung lập,Trung lập,Trung lập,Trung lập,Không đồng ý,Không đồng ý,Không đồng ý,Không đồng ý,Không đồng ý,Trung lập,Có hứng thú một chút,Quan tâm ở mức trung bình,Có hứng thú một chút,Có hứng thú một chút,Có hứng thú một chút,Có hứng thú một chút,Quan tâm ở mức trung bình,Quan tâm ở mức trung bình,Quan tâm ở mức trung bình,Quan tâm ở mức trung bình,Quan tâm ở mức trung bình,Quan tâm ở mức trung bình,Có hứng thú một chút,Quan tâm ở mức trung bình,Quan tâm ở mức trung bình,Có hứng thú một chút,Có hứng thú một chút,Có hứng thú một chút,Có hứng thú một chút,Quan tâm ở mức trung bình,Rất liên quan,Rất liên quan,Rất liên quan,Rất liên quan,Rất liên quan,Rất liên quan,Rất liên quan,Rất liên quan,Rất liên quan,Khá liên quan,Khá liên quan,Rất liên quan,Rất liên quan,Khá liên quan,Hơi liên quan
3/17/2026 18:38:05,Nữ,22,Nông thôn,Cao Đẳng/ Đại học,Có,Có,Không,Đồng ý,Đồng ý,Hoàn toàn đồng ý,Hoàn toàn đồng ý,Đồng ý,Trung lập,Đồng ý,Không đồng ý,Trung lập,Đồng ý,Trung lập,Đồng ý,Trung lập,Đồng ý,Đồng ý,Hoàn toàn đồng ý,Đồng ý,Hoàn toàn đồng ý,Đồng ý,Trung lập,Trung lập,Đồng ý,Quan tâm ở mức trung bình,Quan tâm ở mức trung bình,Có hứng thú một chút,Khá quan tâm,Có hứng thú một chút,Quan tâm ở mức trung bình,Có hứng thú một chút,Quan tâm ở mức trung bình,Có hứng thú một chút,Quan tâm ở mức trung bình,Quan tâm ở mức trung bình,Quan tâm ở mức trung bình,Hoàn toàn không quan tâm,Hoàn toàn không quan tâm,Có hứng thú một chút,Hoàn toàn không quan tâm,Có hứng thú một chút,Hoàn toàn không quan tâm,Quan tâm ở mức trung bình,Quan tâm ở mức trung bình,Rất liên quan,Khá liên quan,Hơi liên quan,Khá liên quan,Khá liên quan,Rất liên quan,Khá liên quan,Khá liên quan,Hơi liên quan,Khá liên quan,Khá liên quan,Rất liên quan,Khá liên quan,Rất liên quan,Rất liên quan
3/17/2026 18:44:19,Nữ,24,Thành thị,Cao Đẳng/ Đại học,Có,Có,Có,Đồng ý,Đồng ý,Trung lập,Đồng ý,Đồng ý,Đồng ý,Hoàn toàn đồng ý,Trung lập,Đồng ý,Đồng ý,Đồng ý,Hoàn toàn đồng ý,Đồng ý,Trung lập,Đồng ý,Đồng ý,Đồng ý,Hoàn toàn đồng ý,Hoàn toàn đồng ý,Đồng ý,Hoàn toàn đồng ý,Đồng ý,Khá quan tâm,Quan tâm ở mức trung bình,Khá quan tâm,Quan tâm ở mức trung bình,Khá quan tâm,Rất quan tâm,Rất quan tâm,Khá quan tâm,Quan tâm ở mức trung bình,Khá quan tâm,Khá quan tâm,Quan tâm ở mức trung bình,Khá quan tâm,Khá quan tâm,Rất quan tâm,Quan tâm ở mức trung bình,Rất quan tâm,Quan tâm ở mức trung bình,Khá quan tâm,Rất quan tâm,Khá liên quan,Khá liên quan,Hơi liên quan,Hơi liên quan,Khá liên quan,Khá liên quan,Khá liên quan,Hơi liên quan,Rất liên quan,Rất liên quan,Rất liên quan,Rất liên quan,Khá liên quan,Khá liên quan,Khá liên quan
3/17/2026 18:49:59,Nam,25,Thành thị,Sau Đại học,Có,Không,Không,Không đồng ý,Trung lập,Trung lập,Trung lập,Không đồng ý,Không đồng ý,Đồng ý,Trung lập,Đồng ý,Đồng ý,Trung lập,Hoàn toàn đồng ý,Đồng ý,Trung lập,Trung lập,Đồng ý,Trung lập,Không đồng ý,Trung lập,Không đồng ý,Không đồng ý,Không đồng ý,Hoàn toàn không quan tâm,Hoàn toàn không quan tâm,Hoàn toàn không quan tâm,Hoàn toàn không quan tâm,Hoàn toàn không quan tâm,Hoàn toàn không quan tâm,Hoàn toàn không quan tâm,Hoàn toàn không quan tâm,Hoàn toàn không quan tâm,Hoàn toàn không quan tâm,Hoàn toàn không quan tâm,Hoàn toàn không quan tâm,Hoàn toàn không quan tâm,Hoàn toàn không quan tâm,Hoàn toàn không quan tâm,Hoàn toàn không quan tâm,Hoàn toàn không quan tâm,Hoàn toàn không quan tâm,Hoàn toàn không quan tâm,Có hứng thú một chút,Rất liên quan,Khá liên quan,Khá liên quan,Rất liên quan,Rất liên quan,Rất liên quan,Hơi liên quan,Hơi liên quan,Khá liên quan,Khá liên quan,Rất liên quan,Rất liên quan,Rất liên quan,Rất liên quan,Rất liên quan
3/17/2026 19:15:26,Nữ,26,Thành thị,Cao Đẳng/ Đại học,Có,Có,Không,Trung lập,Không đồng ý,Trung lập,Đồng ý,Đồng ý,Trung lập,Đồng ý,Không đồng ý,Trung lập,Trung lập,Trung lập,Đồng ý,Đồng ý,Trung lập,Trung lập,Đồng ý,Đồng ý,Đồng ý,Trung lập,Trung lập,Trung lập,Trung lập,Có hứng thú một chút,Có hứng thú một chút,Có hứng thú một chút,Có hứng thú một chút,Quan tâm ở mức trung bình,Có hứng thú một chút,Quan tâm ở mức trung bình,Quan tâm ở mức trung bình,Có hứng thú một chút,Có hứng thú một chút,Có hứng thú một chút,Có hứng thú một chút,Có hứng thú một chút,Có hứng thú một chút,Có hứng thú một chút,Có hứng thú một chút,Có hứng thú một chút,Có hứng thú một chút,Có hứng thú một chút,Có hứng thú một chút,Rất liên quan,Rất liên quan,Khá liên quan,Rất liên quan,Rất liên quan,Rất liên quan,Khá liên quan,Khá liên quan,Khá liên quan,Khá liên quan,Rất liên quan,Rất liên quan,Khá liên quan,Khá liên quan,Khá liên quan
3/17/2026 19:17:29,Nữ,25,Thành thị,Cao Đẳng/ Đại học,Có,Không,Không,Đồng ý,Không đồng ý,Đồng ý,Đồng ý,Đồng ý,Trung lập,Đồng ý,Không đồng ý,Không đồng ý,Đồng ý,Không đồng ý,Trung lập,Trung lập,Đồng ý,Đồng ý,Đồng ý,Trung lập,Đồng ý,Trung lập,Trung lập,Trung lập,Đồng ý,Quan tâm ở mức trung bình,Khá quan tâm,Khá quan tâm,Khá quan tâm,Khá quan tâm,Khá quan tâm,Khá quan tâm,Khá quan tâm,Khá quan tâm,Khá quan tâm,Khá quan tâm,Khá quan tâm,Khá quan tâm,Quan tâm ở mức trung bình,Khá quan tâm,Rất quan tâm,Rất quan tâm,Rất quan tâm,Rất quan tâm,Quan tâm ở mức trung bình,Khá liên quan,Khá liên quan,Khá liên quan,Khá liên quan,Rất liên quan,Rất liên quan,Rất liên quan,Hơi liên quan,Rất liên quan,Rất liên quan,Hơi liên quan,Hơi liên quan,Hơi liên quan,Khá liên quan,Khá liên quan
3/17/2026 19:28:41,Nam,24,Nông thôn,Cao Đẳng/ Đại học,Có,Có,Không,Đồng ý,Đồng ý,Đồng ý,Đồng ý,Đồng ý,Đồng ý,Đồng ý,Trung lập,Không đồng ý,Trung lập,Trung lập,Trung lập,Đồng ý,Đồng ý,Trung lập,Đồng ý,Đồng ý,Đồng ý,Trung lập,Trung lập,Trung lập,Đồng ý,Khá quan tâm,Khá quan tâm,Quan tâm ở mức trung bình,Khá quan tâm,Khá quan tâm,Quan tâm ở mức trung bình,Khá quan tâm,Khá quan tâm,Khá quan tâm,Rất quan tâm,Rất quan tâm,Rất quan tâm,Rất quan tâm,Rất quan tâm,Rất quan tâm,Rất quan tâm,Khá quan tâm,Rất quan tâm,Khá quan tâm,Rất quan tâm,Rất liên quan,Rất liên quan,Rất liên quan,Rất liên quan,Rất liên quan,Rất liên quan,Rất liên quan,Khá liên quan,Khá liên quan,Khá liên quan,Khá liên quan,Rất liên quan,Khá liên quan,Khá liên quan,Khá liên quan
3/17/2026 19:48:25,Nữ,22,Nông thôn,Cao Đẳng/ Đại học,Có,Không,Không,Đồng ý,Đồng ý,Đồng ý,Đồng ý,Đồng ý,Đồng ý,Đồng ý,Trung lập,Trung lập,Trung lập,Trung lập,Trung lập,Đồng ý,Trung lập,Đồng ý,Trung lập,Trung lập,Trung lập,Trung lập,Trung lập,Trung lập,Trung lập,Quan tâm ở mức trung bình,Quan tâm ở mức trung bình,Quan tâm ở mức trung bình,Khá quan tâm,Khá quan tâm,Khá quan tâm,Khá quan tâm,Quan tâm ở mức trung bình,Quan tâm ở mức trung bình,Khá quan tâm,Khá quan tâm,Khá quan tâm,Quan tâm ở mức trung bình,Khá quan tâm,Quan tâm ở mức trung bình,Có hứng thú một chút,Có hứng thú một chút,Quan tâm ở mức trung bình,Quan tâm ở mức trung bình,Quan tâm ở mức trung bình,Khá liên quan,Khá liên quan,Khá liên quan,Khá liên quan,Khá liên quan,Khá liên quan,Khá liên quan,Khá liên quan,Khá liên quan,Khá liên quan,Khá liên quan,Khá liên quan,Khá liên quan,Khá liên quan,Khá liên quan
3/17/2026 19:57:38,Nữ,24,Thành thị,Cao Đẳng/ Đại học,Có,Không,Không,Trung lập,Trung lập,Trung lập,Hoàn toàn đồng ý,Đồng ý,Đồng ý,Hoàn toàn đồng ý,Trung lập,Đồng ý,Đồng ý,Trung lập,Trung lập,Hoàn toàn đồng ý,Không đồng ý,Trung lập,Hoàn toàn không đồng ý,Không đồng ý,Trung lập,Không đồng ý,Không đồng ý,Không đồng ý,Không đồng ý,Quan tâm ở mức trung bình,Quan tâm ở mức trung bình,Khá quan tâm,Có hứng thú một chút,Hoàn toàn không quan tâm,Hoàn toàn không quan tâm,Hoàn toàn không quan tâm,Hoàn toàn không quan tâm,Quan tâm ở mức trung bình,Có hứng thú một chút,Khá quan tâm,Có hứng thú một chút,Quan tâm ở mức trung bình,Có hứng thú một chút,Quan tâm ở mức trung bình,Quan tâm ở mức trung bình,Quan tâm ở mức trung bình,Có hứng thú một chút,Quan tâm ở mức trung bình,Quan tâm ở mức trung bình,Khá liên quan,Khá liên quan,Khá liên quan,Khá liên quan,Khá liên quan,Khá liên quan,Khá liên quan,Khá liên quan,Khá liên quan,Khá liên quan,Khá liên quan,Khá liên quan,Khá liên quan,Khá liên quan,Khá liên quan
3/17/2026 20:00:51,Nam,22,Thành thị,Cao Đẳng/ Đại học,Không,Không,Không,Hoàn toàn không đồng ý,Hoàn toàn không đồng ý,Hoàn toàn không đồng ý,Trung lập,Hoàn toàn không đồng ý,Hoàn toàn không đồng ý,Hoàn toàn không đồng ý,Đồng ý,Trung lập,Trung lập,Trung lập,Trung lập,Trung lập,Không đồng ý,Không đồng ý,Không đồng ý,Hoàn toàn không đồng ý,Không đồng ý,Hoàn toàn không đồng ý,Hoàn toàn không đồng ý,Hoàn toàn không đồng ý,Hoàn toàn không đồng ý,Hoàn toàn không quan tâm,Hoàn toàn không quan tâm,Hoàn toàn không quan tâm,Hoàn toàn không quan tâm,Hoàn toàn không quan tâm,Hoàn toàn không quan tâm,Hoàn toàn không quan tâm,Hoàn toàn không quan tâm,Hoàn toàn không quan tâm,Hoàn toàn không quan tâm,Hoàn toàn không quan tâm,Hoàn toàn không quan tâm,Hoàn toàn không quan tâm,Hoàn toàn không quan tâm,Hoàn toàn không quan tâm,Hoàn toàn không quan tâm,Hoàn toàn không quan tâm,Hoàn toàn không quan tâm,Hoàn toàn không quan tâm,Hoàn toàn không quan tâm,Rất liên quan,Khá liên quan,Rất liên quan,Rất liên quan,Rất liên quan,Rất liên quan,Khá liên quan,Khá liên quan,Rất liên quan,Rất liên quan,Rất liên quan,Rất liên quan,Rất liên quan,Rất liên quan,Hơi liên quan
3/17/2026 20:01:21,Nữ,20,Thành thị,Cao Đẳng/ Đại học,Có,Có,Không,Đồng ý,Không đồng ý,Trung lập,Đồng ý,Đồng ý,Trung lập,Trung lập,Không đồng ý,Trung lập,Đồng ý,Trung lập,Đồng ý,Đồng ý,Trung lập,Đồng ý,Đồng ý,Đồng ý,Đồng ý,Trung lập,Trung lập,Trung lập,Đồng ý,Khá quan tâm,Khá quan tâm,Rất quan tâm,Rất quan tâm,Khá quan tâm,Khá quan tâm,Khá quan tâm,Khá quan tâm,Rất quan tâm,Rất quan tâm,Rất quan tâm,Rất quan tâm,Rất quan tâm,Quan tâm ở mức trung bình,Quan tâm ở mức trung bình,Khá quan tâm,Khá quan tâm,Khá quan tâm,Khá quan tâm,Quan tâm ở mức trung bình,Rất liên quan,Rất liên quan,Khá liên quan,Rất liên quan,Rất liên quan,Rất liên quan,Rất liên quan,Rất liên quan,Khá liên quan,Rất liên quan,Rất liên quan,Rất liên quan,Rất liên quan,Hơi liên quan,Rất liên quan
3/17/2026 20:01:37,Nữ,24,Thành thị,Cao Đẳng/ Đại học,Có,Không,Không,Không đồng ý,Không đồng ý,Đồng ý,Trung lập,Đồng ý,Đồng ý,Đồng ý,Không đồng ý,Không đồng ý,Trung lập,Trung lập,Đồng ý,Đồng ý,Trung lập,Trung lập,Trung lập,Trung lập,Trung lập,Trung lập,Không đồng ý,Trung lập,Trung lập,Quan tâm ở mức trung bình,Có hứng thú một chút,Quan tâm ở mức trung bình,Có hứng thú một chút,Có hứng thú một chút,Khá quan tâm,Quan tâm ở mức trung bình,Khá quan tâm,Khá quan tâm,Quan tâm ở mức trung bình,Quan tâm ở mức trung bình,Có hứng thú một chút,Có hứng thú một chút,Có hứng thú một chút,Quan tâm ở mức trung bình,Quan tâm ở mức trung bình,Quan tâm ở mức trung bình,Có hứng thú một chút,Có hứng thú một chút,Có hứng thú một chút,Hơi liên quan,Hơi liên quan,Khá liên quan,Khá liên quan,Khá liên quan,Khá liên quan,Hơi liên quan,Hơi liên quan,Hơi liên quan,Khá liên quan,Khá liên quan,Rất liên quan,Khá liên quan,Khá liên quan,Khá liên quan
3/17/2026 20:15:07,Nữ,24,Thành thị,Cao Đẳng/ Đại học,Có,Có,Không,Trung lập,Trung lập,Trung lập,Trung lập,Trung lập,Trung lập,Trung lập,Trung lập,Trung lập,Trung lập,Trung lập,Đồng ý,Đồng ý,Trung lập,Trung lập,Trung lập,Trung lập,Trung lập,Trung lập,Trung lập,Trung lập,Trung lập,Quan tâm ở mức trung bình,Quan tâm ở mức trung bình,Quan tâm ở mức trung bình,Quan tâm ở mức trung bình,Quan tâm ở mức trung bình,Quan tâm ở mức trung bình,Quan tâm ở mức trung bình,Quan tâm ở mức trung bình,Quan tâm ở mức trung bình,Quan tâm ở mức trung bình,Quan tâm ở mức trung bình,Quan tâm ở mức trung bình,Quan tâm ở mức trung bình,Quan tâm ở mức trung bình,Quan tâm ở mức trung bình,Quan tâm ở mức trung bình,Quan tâm ở mức trung bình,Quan tâm ở mức trung bình,Quan tâm ở mức trung bình,Quan tâm ở mức trung bình,Khá liên quan,Khá liên quan,Khá liên quan,Khá liên quan,Rất liên quan,Rất liên quan,Khá liên quan,Rất liên quan,Khá liên quan,Khá liên quan,Khá liên quan,Rất liên quan,Rất liên quan,Hơi liên quan,Khá liên quan
3/17/2026 20:21:42,Nam,25,Nông thôn,Sau Đại học,Có,Có,Không,Trung lập,Không đồng ý,Trung lập,Đồng ý,Đồng ý,Đồng ý,Đồng ý,Trung lập,Không đồng ý,Trung lập,Trung lập,Hoàn toàn đồng ý,Hoàn toàn đồng ý,Đồng ý,Trung lập,Trung lập,Trung lập,Trung lập,Trung lập,Hoàn toàn không đồng ý,Không đồng ý,Không đồng ý,Quan tâm ở mức trung bình,Quan tâm ở mức trung bình,Quan tâm ở mức trung bình,Quan tâm ở mức trung bình,Quan tâm ở mức trung bình,Quan tâm ở mức trung bình,Quan tâm ở mức trung bình,Quan tâm ở mức trung bình,Khá quan tâm,Quan tâm ở mức trung bình,Quan tâm ở mức trung bình,Quan tâm ở mức trung bình,Quan tâm ở mức trung bình,Quan tâm ở mức trung bình,Khá quan tâm,Quan tâm ở mức trung bình,Quan tâm ở mức trung bình,Quan tâm ở mức trung bình,Quan tâm ở mức trung bình,Quan tâm ở mức trung bình,Khá liên quan,Khá liên quan,Khá liên quan,Hơi liên quan,Hơi liên quan,Khá liên quan,Hơi liên quan,Hơi liên quan,Khá liên quan,Hơi liên quan,Hơi liên quan,Hơi liên quan,Hơi liên quan,Hơi liên quan,Hơi liên quan
3/17/2026 20:23:10,Nữ,23,Thành thị,Cao Đẳng/ Đại học,Có,Có,Có,Trung lập,Trung lập,Đồng ý,Hoàn toàn đồng ý,Đồng ý,Hoàn toàn đồng ý,Không đồng ý,Trung lập,Đồng ý,Đồng ý,Không đồng ý,Đồng ý,Trung lập,Đồng ý,Đồng ý,Đồng ý,Trung lập,Đồng ý,Trung lập,Đồng ý,Trung lập,Đồng ý,Quan tâm ở mức trung bình,Có hứng thú một chút,Quan tâm ở mức trung bình,Có hứng thú một chút,Quan tâm ở mức trung bình,Có hứng thú một chút,Quan tâm ở mức trung bình,Có hứng thú một chút,Quan tâm ở mức trung bình,Có hứng thú một chút,Quan tâm ở mức trung bình,Có hứng thú một chút,Quan tâm ở mức trung bình,Có hứng thú một chút,Quan tâm ở mức trung bình,Có hứng thú một chút,Quan tâm ở mức trung bình,Có hứng thú một chút,Quan tâm ở mức trung bình,Có hứng thú một chút,Rất liên quan,Rất liên quan,Rất liên quan,Rất liên quan,Rất liên quan,Rất liên quan,Rất liên quan,Rất liên quan,Rất liên quan,Rất liên quan,Rất liên quan,Rất liên quan,Rất liên quan,Rất liên quan,Rất liên quan
3/17/2026 20:32:12,Nữ,25,Thành thị,Sau Đại học,Không,Có,Không,Hoàn toàn đồng ý,Trung lập,Hoàn toàn đồng ý,Hoàn toàn đồng ý,Đồng ý,Đồng ý,Hoàn toàn đồng ý,Trung lập,Đồng ý,Không đồng ý,Trung lập,Đồng ý,Đồng ý,Trung lập,Không đồng ý,Trung lập,Trung lập,Đồng ý,Trung lập,Không đồng ý,Không đồng ý,Không đồng ý,Khá quan tâm,Khá quan tâm,Khá quan tâm,Quan tâm ở mức trung bình,Có hứng thú một chút,Có hứng thú một chút,Quan tâm ở mức trung bình,Quan tâm ở mức trung bình,Quan tâm ở mức trung bình,Có hứng thú một chút,Quan tâm ở mức trung bình,Quan tâm ở mức trung bình,Khá quan tâm,Quan tâm ở mức trung bình,Có hứng thú một chút,Có hứng thú một chút,Hoàn toàn không quan tâm,Có hứng thú một chút,Có hứng thú một chút,Hoàn toàn không quan tâm,Khá liên quan,Rất liên quan,Khá liên quan,Rất liên quan,Rất liên quan,Rất liên quan,Rất liên quan,Rất liên quan,Khá liên quan,Khá liên quan,Khá liên quan,Rất liên quan,Rất liên quan,Khá liên quan,Hơi liên quan
3/17/2026 20:34:06,Nam,24,Nông thôn,Cao Đẳng/ Đại học,Có,Có,Không,Đồng ý,Đồng ý,Đồng ý,Đồng ý,Đồng ý,Trung lập,Đồng ý,Trung lập,Đồng ý,Đồng ý,Đồng ý,Đồng ý,Đồng ý,Đồng ý,Đồng ý,Đồng ý,Đồng ý,Đồng ý,Đồng ý,Đồng ý,Đồng ý,Trung lập,Khá quan tâm,Khá quan tâm,Có hứng thú một chút,Khá quan tâm,Khá quan tâm,Quan tâm ở mức trung bình,Quan tâm ở mức trung bình,Khá quan tâm,Khá quan tâm,Khá quan tâm,Khá quan tâm,Quan tâm ở mức trung bình,Quan tâm ở mức trung bình,Quan tâm ở mức trung bình,Khá quan tâm,Có hứng thú một chút,Có hứng thú một chút,Có hứng thú một chút,Có hứng thú một chút,Khá quan tâm,Khá liên quan,Khá liên quan,Khá liên quan,Khá liên quan,Khá liên quan,Khá liên quan,Khá liên quan,Khá liên quan,Khá liên quan,Khá liên quan,Khá liên quan,Khá liên quan,Khá liên quan,Khá liên quan,Khá liên quan
3/17/2026 20:35:41,Nữ,24,Nông thôn,Cao Đẳng/ Đại học,Có,Có,Không,Đồng ý,Không đồng ý,Đồng ý,Hoàn toàn đồng ý,Đồng ý,Đồng ý,Đồng ý,Không đồng ý,Trung lập,Đồng ý,Trung lập,Đồng ý,Trung lập,Trung lập,Đồng ý,Đồng ý,Trung lập,Đồng ý,Trung lập,Trung lập,Trung lập,Trung lập,Có hứng thú một chút,Quan tâm ở mức trung bình,Có hứng thú một chút,Quan tâm ở mức trung bình,Khá quan tâm,Khá quan tâm,Khá quan tâm,Khá quan tâm,Khá quan tâm,Khá quan tâm,Quan tâm ở mức trung bình,Quan tâm ở mức trung bình,Quan tâm ở mức trung bình,Khá quan tâm,Có hứng thú một chút,Khá quan tâm,Khá quan tâm,Khá quan tâm,Quan tâm ở mức trung bình,Khá quan tâm,Khá liên quan,Rất liên quan,Rất liên quan,Rất liên quan,Rất liên quan,Rất liên quan,Rất liên quan,Rất liên quan,Rất liên quan,Rất liên quan,Rất liên quan,Rất liên quan,Rất liên quan,Khá liên quan,Rất liên quan
3/17/2026 20:39:01,Nữ,23,Nông thôn,Cao Đẳng/ Đại học,Có,Không,Không,Trung lập,Trung lập,Trung lập,Đồng ý,Trung lập,Đồng ý,Đồng ý,Trung lập,Trung lập,Trung lập,Trung lập,Đồng ý,Đồng ý,Trung lập,Trung lập,Trung lập,Trung lập,Trung lập,Trung lập,Trung lập,Trung lập,Trung lập,Có hứng thú một chút,Quan tâm ở mức trung bình,Khá quan tâm,Quan tâm ở mức trung bình,Có hứng thú một chút,Có hứng thú một chút,Có hứng thú một chút,Có hứng thú một chút,Có hứng thú một chút,Có hứng thú một chút,Quan tâm ở mức trung bình,Quan tâm ở mức trung bình,Có hứng thú một chút,Có hứng thú một chút,Có hứng thú một chút,Quan tâm ở mức trung bình,Quan tâm ở mức trung bình,Có hứng thú một chút,Có hứng thú một chút,Có hứng thú một chút,Khá liên quan,Khá liên quan,Khá liên quan,Khá liên quan,Khá liên quan,Khá liên quan,Khá liên quan,Khá liên quan,Khá liên quan,Khá liên quan,Rất liên quan,Rất liên quan,Rất liên quan,Hơi liên quan,Khá liên quan
3/17/2026 20:53:33,Nữ,20,Thành thị,Cao Đẳng/ Đại học,Có,Có,Không,Không đồng ý,Hoàn toàn không đồng ý,Trung lập,Hoàn toàn đồng ý,Không đồng ý,Hoàn toàn không đồng ý,Hoàn toàn không đồng ý,Đồng ý,Hoàn toàn đồng ý,Hoàn toàn đồng ý,Hoàn toàn đồng ý,Hoàn toàn đồng ý,Hoàn toàn đồng ý,Hoàn toàn không đồng ý,Không đồng ý,Hoàn toàn không đồng ý,Hoàn toàn không đồng ý,Hoàn toàn không đồng ý,Hoàn toàn không đồng ý,Hoàn toàn không đồng ý,Hoàn toàn không đồng ý,Hoàn toàn không đồng ý,Hoàn toàn không quan tâm,Hoàn toàn không quan tâm,Có hứng thú một chút,Hoàn toàn không quan tâm,Hoàn toàn không quan tâm,Hoàn toàn không quan tâm,Hoàn toàn không quan tâm,Hoàn toàn không quan tâm,Hoàn toàn không quan tâm,Hoàn toàn không quan tâm,Hoàn toàn không quan tâm,Hoàn toàn không quan tâm,Hoàn toàn không quan tâm,Hoàn toàn không quan tâm,Hoàn toàn không quan tâm,Hoàn toàn không quan tâm,Hoàn toàn không quan tâm,Hoàn toàn không quan tâm,Có hứng thú một chút,Hoàn toàn không quan tâm,Rất liên quan,Rất liên quan,Rất liên quan,Rất liên quan,Rất liên quan,Rất liên quan,Rất liên quan,Rất liên quan,Hơi liên quan,Rất liên quan,Rất liên quan,Rất liên quan,Rất liên quan,Rất liên quan,Rất liên quan
3/17/2026 20:55:25,Nữ,25,Thành thị,Cao Đẳng/ Đại học,Có,Không,Không,Hoàn toàn đồng ý,Hoàn toàn đồng ý,Đồng ý,Đồng ý,Đồng ý,Trung lập,Đồng ý,Không đồng ý,Không đồng ý,Không đồng ý,Trung lập,Đồng ý,Trung lập,Đồng ý,Đồng ý,Hoàn toàn đồng ý,Hoàn toàn đồng ý,Hoàn toàn đồng ý,Đồng ý,Trung lập,Trung lập,Đồng ý,Khá quan tâm,Khá quan tâm,Khá quan tâm,Quan tâm ở mức trung bình,Hoàn toàn không quan tâm,Quan tâm ở mức trung bình,Khá quan tâm,Khá quan tâm,Khá quan tâm,Khá quan tâm,Khá quan tâm,Quan tâm ở mức trung bình,Quan tâm ở mức trung bình,Quan tâm ở mức trung bình,Khá quan tâm,Khá quan tâm,Khá quan tâm,Khá quan tâm,Khá quan tâm,Khá quan tâm,Khá liên quan,Khá liên quan,Rất liên quan,Rất liên quan,Khá liên quan,Rất liên quan,Khá liên quan,Khá liên quan,Rất liên quan,Khá liên quan,Rất liên quan,Rất liên quan,Rất liên quan,Rất liên quan,Rất liên quan
3/17/2026 20:59:35,Nữ,19,Nông thôn,Cao Đẳng/ Đại học,Có,Có,Không,Trung lập,Trung lập,Trung lập,Hoàn toàn đồng ý,Đồng ý,Trung lập,Trung lập,Trung lập,Đồng ý,Đồng ý,Trung lập,Đồng ý,Đồng ý,Đồng ý,Đồng ý,Đồng ý,Trung lập,Trung lập,Trung lập,Trung lập,Trung lập,Trung lập,Quan tâm ở mức trung bình,Khá quan tâm,Khá quan tâm,Khá quan tâm,Khá quan tâm,Khá quan tâm,Khá quan tâm,Khá quan tâm,Khá quan tâm,Khá quan tâm,Khá quan tâm,Khá quan tâm,Khá quan tâm,Khá quan tâm,Khá quan tâm,Quan tâm ở mức trung bình,Khá quan tâm,Quan tâm ở mức trung bình,Khá quan tâm,Có hứng thú một chút,Khá liên quan,Khá liên quan,Rất liên quan,Rất liên quan,Rất liên quan,Rất liên quan,Hơi liên quan,Rất liên quan,Rất liên quan,Rất liên quan,Rất liên quan,Rất liên quan,Rất liên quan,Khá liên quan,Khá liên quan
3/17/2026 21:13:44,Nam,25,Thành thị,Sau Đại học,Có,Có,Có,Trung lập,Trung lập,Đồng ý,Đồng ý,Trung lập,Trung lập,Trung lập,Không đồng ý,Trung lập,Trung lập,Trung lập,Đồng ý,Đồng ý,Đồng ý,Đồng ý,Trung lập,Đồng ý,Đồng ý,Trung lập,Không đồng ý,Trung lập,Trung lập,Khá quan tâm,Khá quan tâm,Khá quan tâm,Quan tâm ở mức trung bình,Quan tâm ở mức trung bình,Quan tâm ở mức trung bình,Quan tâm ở mức trung bình,Quan tâm ở mức trung bình,Quan tâm ở mức trung bình,Quan tâm ở mức trung bình,Khá quan tâm,Khá quan tâm,Khá quan tâm,Quan tâm ở mức trung bình,Quan tâm ở mức trung bình,Quan tâm ở mức trung bình,Quan tâm ở mức trung bình,Quan tâm ở mức trung bình,Khá quan tâm,Khá quan tâm,Khá liên quan,Khá liên quan,Khá liên quan,Khá liên quan,Khá liên quan,Khá liên quan,Hơi liên quan,Khá liên quan,Khá liên quan,Khá liên quan,Khá liên quan,Khá liên quan,Khá liên quan,Khá liên quan,Khá liên quan
3/17/2026 21:50:53,Nam,19,Thành thị,Trung học phổ thông,Không,Không,Không,Đồng ý,Không đồng ý,Đồng ý,Đồng ý,Đồng ý,Đồng ý,Đồng ý,Không đồng ý,Trung lập,Không đồng ý,Trung lập,Đồng ý,Trung lập,Đồng ý,Trung lập,Trung lập,Trung lập,Trung lập,Trung lập,Không đồng ý,Đồng ý,Trung lập,Khá quan tâm,Khá quan tâm,Khá quan tâm,Quan tâm ở mức trung bình,Quan tâm ở mức trung bình,Khá quan tâm,Khá quan tâm,Khá quan tâm,Khá quan tâm,Khá quan tâm,Khá quan tâm,Khá quan tâm,Khá quan tâm,Quan tâm ở mức trung bình,Có hứng thú một chút,Khá quan tâm,Khá quan tâm,Khá quan tâm,Khá quan tâm,Khá quan tâm,Khá liên quan,Khá liên quan,Khá liên quan,Khá liên quan,Khá liên quan,Khá liên quan,Khá liên quan,Khá liên quan,Khá liên quan,Rất liên quan,Khá liên quan,Rất liên quan,Rất liên quan,Rất liên quan,Khá liên quan
3/17/2026 22:24:33,Nam,24,Thành thị,Sau Đại học,Có,Có,Không,Đồng ý,Đồng ý,Đồng ý,Đồng ý,Đồng ý,Đồng ý,Đồng ý,Đồng ý,Đồng ý,Đồng ý,Đồng ý,Đồng ý,Đồng ý,Đồng ý,Đồng ý,Đồng ý,Đồng ý,Đồng ý,Đồng ý,Đồng ý,Đồng ý,Đồng ý,Khá quan tâm,Khá quan tâm,Khá quan tâm,Khá quan tâm,Khá quan tâm,Khá quan tâm,Khá quan tâm,Khá quan tâm,Khá quan tâm,Khá quan tâm,Khá quan tâm,Khá quan tâm,Khá quan tâm,Khá quan tâm,Khá quan tâm,Khá quan tâm,Khá quan tâm,Khá quan tâm,Khá quan tâm,Khá quan tâm,Khá liên quan,Khá liên quan,Khá liên quan,Khá liên quan,Khá liên quan,Khá liên quan,Khá liên quan,Khá liên quan,Khá liên quan,Khá liên quan,Khá liên quan,Khá liên quan,Khá liên quan,Khá liên quan,Khá liên quan
3/17/2026 22:29:08,Nữ,20,Nông thôn,Cao Đẳng/ Đại học,Có,Có,Không,Hoàn toàn đồng ý,Hoàn toàn không đồng ý,Hoàn toàn đồng ý,Hoàn toàn đồng ý,Hoàn toàn đồng ý,Hoàn toàn đồng ý,Hoàn toàn đồng ý,Hoàn toàn đồng ý,Hoàn toàn đồng ý,Hoàn toàn đồng ý,Đồng ý,Đồng ý,Đồng ý,Đồng ý,Đồng ý,Đồng ý,Đồng ý,Đồng ý,Đồng ý,Đồng ý,Đồng ý,Đồng ý,Khá quan tâm,Khá quan tâm,Khá quan tâm,Khá quan tâm,Khá quan tâm,Khá quan tâm,Khá quan tâm,Khá quan tâm,Khá quan tâm,Khá quan tâm,Khá quan tâm,Khá quan tâm,Khá quan tâm,Khá quan tâm,Khá quan tâm,Khá quan tâm,Khá quan tâm,Khá quan tâm,Khá quan tâm,Khá quan tâm,Rất liên quan,Rất liên quan,Rất liên quan,Rất liên quan,Rất liên quan,Rất liên quan,Rất liên quan,Rất liên quan,Rất liên quan,Rất liên quan,Rất liên quan,Rất liên quan,Rất liên quan,Rất liên quan,Rất liên quan
3/17/2026 22:33:43,Nữ,22,Thành thị,Cao Đẳng/ Đại học,Có,Có,Có,Trung lập,Không đồng ý,Đồng ý,Hoàn toàn đồng ý,Hoàn toàn đồng ý,Đồng ý,Trung lập,Trung lập,Trung lập,Đồng ý,Hoàn toàn không đồng ý,Đồng ý,Đồng ý,Đồng ý,Đồng ý,Hoàn toàn đồng ý,Hoàn toàn đồng ý,Hoàn toàn đồng ý,Hoàn toàn đồng ý,Hoàn toàn đồng ý,Trung lập,Trung lập,Rất quan tâm,Rất quan tâm,Rất quan tâm,Rất quan tâm,Khá quan tâm,Khá quan tâm,Khá quan tâm,Khá quan tâm,Rất quan tâm,Khá quan tâm,Khá quan tâm,Khá quan tâm,Khá quan tâm,Quan tâm ở mức trung bình,Quan tâm ở mức trung bình,Hoàn toàn không quan tâm,Có hứng thú một chút,Hoàn toàn không quan tâm,Có hứng thú một chút,Có hứng thú một chút,Rất liên quan,Rất liên quan,Khá liên quan,Rất liên quan,Rất liên quan,Rất liên quan,Rất liên quan,Rất liên quan,Rất liên quan,Rất liên quan,Rất liên quan,Rất liên quan,Rất liên quan,Rất liên quan,Rất liên quan
3/17/2026 23:04:20,Nữ,23,Nông thôn,Cao Đẳng/ Đại học,Có,Không,Không,Không đồng ý,Không đồng ý,Trung lập,Đồng ý,Trung lập,Trung lập,Trung lập,Trung lập,Không đồng ý,Trung lập,Không đồng ý,Trung lập,Trung lập,Trung lập,Trung lập,Trung lập,Trung lập,Trung lập,Trung lập,Trung lập,Trung lập,Trung lập,Có hứng thú một chút,Có hứng thú một chút,Có hứng thú một chút,Có hứng thú một chút,Có hứng thú một chút,Có hứng thú một chút,Có hứng thú một chút,Có hứng thú một chút,Có hứng thú một chút,Có hứng thú một chút,Có hứng thú một chút,Có hứng thú một chút,Hoàn toàn không quan tâm,Có hứng thú một chút,Có hứng thú một chút,Có hứng thú một chút,Có hứng thú một chút,Có hứng thú một chút,Hoàn toàn không quan tâm,Có hứng thú một chút,Rất liên quan,Rất liên quan,Rất liên quan,Rất liên quan,Rất liên quan,Rất liên quan,Hơi liên quan,Hơi liên quan,Rất liên quan,Rất liên quan,Rất liên quan,Rất liên quan,Rất liên quan,Rất liên quan,Rất liên quan
3/18/2026 8:00:49,Nữ,24,Nông thôn,Cao Đẳng/ Đại học,Không,Không,Không,Đồng ý,Đồng ý,Đồng ý,Đồng ý,Đồng ý,Đồng ý,Đồng ý,Đồng ý,Đồng ý,Đồng ý,Đồng ý,Đồng ý,Đồng ý,Đồng ý,Đồng ý,Đồng ý,Đồng ý,Đồng ý,Đồng ý,Đồng ý,Đồng ý,Đồng ý,Khá quan tâm,Khá quan tâm,Khá quan tâm,Khá quan tâm,Khá quan tâm,Khá quan tâm,Khá quan tâm,Khá quan tâm,Khá quan tâm,Khá quan tâm,Khá quan tâm,Khá quan tâm,Khá quan tâm,Khá quan tâm,Khá quan tâm,Khá quan tâm,Khá quan tâm,Khá quan tâm,Khá quan tâm,Khá quan tâm,Rất liên quan,Rất liên quan,Rất liên quan,Rất liên quan,Rất liên quan,Rất liên quan,Rất liên quan,Rất liên quan,Rất liên quan,Rất liên quan,Rất liên quan,Rất liên quan,Rất liên quan,Rất liên quan,Rất liên quan
3/18/2026 8:59:08,Nữ,19,Nông thôn,Trung học phổ thông,Không,Có,Không,Không đồng ý,Không đồng ý,Không đồng ý,Không đồng ý,Không đồng ý,Không đồng ý,Không đồng ý,Không đồng ý,Không đồng ý,Không đồng ý,Trung lập,Trung lập,Trung lập,Trung lập,Trung lập,Trung lập,Trung lập,Trung lập,Trung lập,Trung lập,Trung lập,Trung lập,Quan tâm ở mức trung bình,Quan tâm ở mức trung bình,Quan tâm ở mức trung bình,Quan tâm ở mức trung bình,Quan tâm ở mức trung bình,Quan tâm ở mức trung bình,Quan tâm ở mức trung bình,Quan tâm ở mức trung bình,Quan tâm ở mức trung bình,Quan tâm ở mức trung bình,Quan tâm ở mức trung bình,Quan tâm ở mức trung bình,Quan tâm ở mức trung bình,Quan tâm ở mức trung bình,Quan tâm ở mức trung bình,Quan tâm ở mức trung bình,Quan tâm ở mức trung bình,Quan tâm ở mức trung bình,Quan tâm ở mức trung bình,Quan tâm ở mức trung bình,Không liên quan,Không liên quan,Không liên quan,Không liên quan,Không liên quan,Không liên quan,Không liên quan,Không liên quan,Không liên quan,Không liên quan,Không liên quan,Không liên quan,Không liên quan,Không liên quan,Không liên quan
3/18/2026 9:31:49,Nữ,25,Thành thị,Cao Đẳng/ Đại học,Có,Có,Không,Đồng ý,Không đồng ý,Hoàn toàn đồng ý,Hoàn toàn đồng ý,Hoàn toàn đồng ý,Đồng ý,Trung lập,Không đồng ý,Không đồng ý,Trung lập,Không đồng ý,Trung lập,Trung lập,Trung lập,Đồng ý,Đồng ý,Đồng ý,Đồng ý,Đồng ý,Trung lập,Trung lập,Trung lập,Có hứng thú một chút,Quan tâm ở mức trung bình,Quan tâm ở mức trung bình,Khá quan tâm,Khá quan tâm,Quan tâm ở mức trung bình,Quan tâm ở mức trung bình,Quan tâm ở mức trung bình,Khá quan tâm,Quan tâm ở mức trung bình,Có hứng thú một chút,Quan tâm ở mức trung bình,Quan tâm ở mức trung bình,Có hứng thú một chút,Quan tâm ở mức trung bình,Quan tâm ở mức trung bình,Quan tâm ở mức trung bình,Quan tâm ở mức trung bình,Quan tâm ở mức trung bình,Quan tâm ở mức trung bình,Rất liên quan,Khá liên quan,Khá liên quan,Rất liên quan,Rất liên quan,Khá liên quan,Khá liên quan,Khá liên quan,Khá liên quan,Khá liên quan,Khá liên quan,Khá liên quan,Khá liên quan,Khá liên quan,Khá liên quan
3/18/2026 9:34:24,Nữ,24,Thành thị,Cao Đẳng/ Đại học,Có,Không,Không,Hoàn toàn đồng ý,Hoàn toàn không đồng ý,Hoàn toàn đồng ý,Hoàn toàn đồng ý,Hoàn toàn đồng ý,Hoàn toàn đồng ý,Hoàn toàn đồng ý,Trung lập,Đồng ý,Hoàn toàn không đồng ý,Trung lập,Hoàn toàn đồng ý,Hoàn toàn đồng ý,Trung lập,Không đồng ý,Trung lập,Trung lập,Trung lập,Trung lập,Hoàn toàn không đồng ý,Trung lập,Trung lập,Khá quan tâm,Khá quan tâm,Khá quan tâm,Rất quan tâm,Rất quan tâm,Rất quan tâm,Khá quan tâm,Khá quan tâm,Khá quan tâm,Khá quan tâm,Khá quan tâm,Khá quan tâm,Quan tâm ở mức trung bình,Khá quan tâm,Có hứng thú một chút,Có hứng thú một chút,Có hứng thú một chút,Quan tâm ở mức trung bình,Khá quan tâm,Khá quan tâm,Rất liên quan,Rất liên quan,Rất liên quan,Rất liên quan,Rất liên quan,Rất liên quan,Khá liên quan,Khá liên quan,Khá liên quan,Rất liên quan,Rất liên quan,Rất liên quan,Rất liên quan,Rất liên quan,Khá liên quan
3/18/2026 9:38:07,Nam,23,Thành thị,Sau Đại học,Có,Có,Có,Không đồng ý,Trung lập,Trung lập,Đồng ý,Không đồng ý,Không đồng ý,Đồng ý,Không đồng ý,Đồng ý,Đồng ý,Trung lập,Đồng ý,Đồng ý,Đồng ý,Đồng ý,Đồng ý,Đồng ý,Đồng ý,Đồng ý,Trung lập,Trung lập,Trung lập,Quan tâm ở mức trung bình,Có hứng thú một chút,Hoàn toàn không quan tâm,Hoàn toàn không quan tâm,Hoàn toàn không quan tâm,Hoàn toàn không quan tâm,Có hứng thú một chút,Có hứng thú một chút,Hoàn toàn không quan tâm,Có hứng thú một chút,Hoàn toàn không quan tâm,Quan tâm ở mức trung bình,Hoàn toàn không quan tâm,Hoàn toàn không quan tâm,Hoàn toàn không quan tâm,Hoàn toàn không quan tâm,Hoàn toàn không quan tâm,Hoàn toàn không quan tâm,Hoàn toàn không quan tâm,Khá quan tâm,Rất liên quan,Khá liên quan,Khá liên quan,Rất liên quan,Rất liên quan,Rất liên quan,Hơi liên quan,Rất liên quan,Hơi liên quan,Khá liên quan,Hơi liên quan,Rất liên quan,Rất liên quan,Rất liên quan,Không liên quan
3/18/2026 9:51:56,Nam,20,Thành thị,Cao Đẳng/ Đại học,Không,Không,Không,Hoàn toàn không đồng ý,Hoàn toàn đồng ý,Hoàn toàn không đồng ý,Hoàn toàn đồng ý,Hoàn toàn không đồng ý,Hoàn toàn không đồng ý,Không đồng ý,Hoàn toàn đồng ý,Hoàn toàn đồng ý,Hoàn toàn đồng ý,Không đồng ý,Không đồng ý,Hoàn toàn đồng ý,Không đồng ý,Không đồng ý,Không đồng ý,Không đồng ý,Không đồng ý,Không đồng ý,Không đồng ý,Không đồng ý,Không đồng ý,Hoàn toàn không quan tâm,Hoàn toàn không quan tâm,Hoàn toàn không quan tâm,Hoàn toàn không quan tâm,Hoàn toàn không quan tâm,Hoàn toàn không quan tâm,Hoàn toàn không quan tâm,Hoàn toàn không quan tâm,Hoàn toàn không quan tâm,Hoàn toàn không quan tâm,Hoàn toàn không quan tâm,Hoàn toàn không quan tâm,Hoàn toàn không quan tâm,Hoàn toàn không quan tâm,Hoàn toàn không quan tâm,Khá quan tâm,Hoàn toàn không quan tâm,Hoàn toàn không quan tâm,Hoàn toàn không quan tâm,Khá quan tâm,Khá liên quan,Khá liên quan,Khá liên quan,Khá liên quan,Khá liên quan,Khá liên quan,Khá liên quan,Khá liên quan,Không liên quan,Không liên quan,Khá liên quan,Khá liên quan,Khá liên quan,Khá liên quan,Khá liên quan
3/18/2026 9:52:17,Nam,20,Nông thôn,Cao Đẳng/ Đại học,Có,Có,Không,Trung lập,Không đồng ý,Đồng ý,Đồng ý,Trung lập,Đồng ý,Đồng ý,Không đồng ý,Trung lập,Đồng ý,Không đồng ý,Không đồng ý,Đồng ý,Trung lập,Không đồng ý,Không đồng ý,Không đồng ý,Không đồng ý,Trung lập,Không đồng ý,Không đồng ý,Trung lập,Hoàn toàn không quan tâm,Có hứng thú một chút,Có hứng thú một chút,Quan tâm ở mức trung bình,Khá quan tâm,Có hứng thú một chút,Có hứng thú một chút,Có hứng thú một chút,Quan tâm ở mức trung bình,Có hứng thú một chút,Có hứng thú một chút,Có hứng thú một chút,Hoàn toàn không quan tâm,Có hứng thú một chút,Hoàn toàn không quan tâm,Hoàn toàn không quan tâm,Có hứng thú một chút,Có hứng thú một chút,Có hứng thú một chút,Quan tâm ở mức trung bình,Rất liên quan,Khá liên quan,Khá liên quan,Khá liên quan,Rất liên quan,Rất liên quan,Hơi liên quan,Hơi liên quan,Khá liên quan,Khá liên quan,Rất liên quan,Rất liên quan,Rất liên quan,Hơi liên quan,Không liên quan
3/18/2026 10:45:53,Nữ,19,Nông thôn,Trung học phổ thông,Có,Có,Có,Đồng ý,Trung lập,Đồng ý,Đồng ý,Đồng ý,Đồng ý,Đồng ý,Đồng ý,Đồng ý,Đồng ý,Đồng ý,Đồng ý,Đồng ý,Đồng ý,Đồng ý,Đồng ý,Đồng ý,Đồng ý,Đồng ý,Đồng ý,Đồng ý,Đồng ý,Rất quan tâm,Rất quan tâm,Rất quan tâm,Rất quan tâm,Rất quan tâm,Rất quan tâm,Rất quan tâm,Rất quan tâm,Rất quan tâm,Rất quan tâm,Rất quan tâm,Rất quan tâm,Rất quan tâm,Rất quan tâm,Rất quan tâm,Rất quan tâm,Rất quan tâm,Rất quan tâm,Rất quan tâm,Rất quan tâm,Rất liên quan,Rất liên quan,Rất liên quan,Rất liên quan,Rất liên quan,Rất liên quan,Rất liên quan,Rất liên quan,Rất liên quan,Rất liên quan,Rất liên quan,Rất liên quan,Rất liên quan,Rất liên quan,Rất liên quan
3/18/2026 10:46:41,Nam,20,Thành thị,Trung học phổ thông,Có,Có,Không,Hoàn toàn đồng ý,Hoàn toàn đồng ý,Hoàn toàn đồng ý,Hoàn toàn đồng ý,Hoàn toàn đồng ý,Hoàn toàn đồng ý,Hoàn toàn đồng ý,Trung lập,Trung lập,Đồng ý,Trung lập,Đồng ý,Trung lập,Trung lập,Trung lập,Trung lập,Trung lập,Trung lập,Đồng ý,Trung lập,Không đồng ý,Trung lập,Quan tâm ở mức trung bình,Quan tâm ở mức trung bình,Có hứng thú một chút,Hoàn toàn không quan tâm,Hoàn toàn không quan tâm,Hoàn toàn không quan tâm,Có hứng thú một chút,Có hứng thú một chút,Hoàn toàn không quan tâm,Hoàn toàn không quan tâm,Quan tâm ở mức trung bình,Khá quan tâm,Hoàn toàn không quan tâm,Khá quan tâm,Hoàn toàn không quan tâm,Hoàn toàn không quan tâm,Hoàn toàn không quan tâm,Hoàn toàn không quan tâm,Có hứng thú một chút,Quan tâm ở mức trung bình,Rất liên quan,Rất liên quan,Rất liên quan,Rất liên quan,Rất liên quan,Rất liên quan,Hơi liên quan,Hơi liên quan,Khá liên quan,Hơi liên quan,Khá liên quan,Rất liên quan,Rất liên quan,Rất liên quan,Hơi liên quan
3/18/2026 11:02:21,Nữ,24,Nông thôn,Cao Đẳng/ Đại học,Có,Có,Không,Đồng ý,Trung lập,Đồng ý,Trung lập,Đồng ý,Trung lập,Đồng ý,Đồng ý,Trung lập,Đồng ý,Trung lập,Đồng ý,Không đồng ý,Trung lập,Trung lập,Trung lập,Không đồng ý,Trung lập,Trung lập,Trung lập,Đồng ý,Đồng ý,Có hứng thú một chút,Có hứng thú một chút,Quan tâm ở mức trung bình,Quan tâm ở mức trung bình,Quan tâm ở mức trung bình,Có hứng thú một chút,Quan tâm ở mức trung bình,Quan tâm ở mức trung bình,Có hứng thú một chút,Có hứng thú một chút,Quan tâm ở mức trung bình,Quan tâm ở mức trung bình,Quan tâm ở mức trung bình,Quan tâm ở mức trung bình,Quan tâm ở mức trung bình,Quan tâm ở mức trung bình,Quan tâm ở mức trung bình,Có hứng thú một chút,Quan tâm ở mức trung bình,Quan tâm ở mức trung bình,Khá liên quan,Hơi liên quan,Khá liên quan,Khá liên quan,Khá liên quan,Hơi liên quan,Khá liên quan,Khá liên quan,Khá liên quan,Hơi liên quan,Hơi liên quan,Hơi liên quan,Hơi liên quan,Khá liên quan,Khá liên quan
3/18/2026 11:03:17,Nam,24,Thành thị,Cao Đẳng/ Đại học,Có,Có,Có,Hoàn toàn đồng ý,Hoàn toàn đồng ý,Hoàn toàn đồng ý,Hoàn toàn đồng ý,Hoàn toàn đồng ý,Hoàn toàn đồng ý,Hoàn toàn đồng ý,Hoàn toàn đồng ý,Hoàn toàn đồng ý,Hoàn toàn đồng ý,Hoàn toàn đồng ý,Hoàn toàn đồng ý,Hoàn toàn đồng ý,Hoàn toàn đồng ý,Hoàn toàn đồng ý,Hoàn toàn đồng ý,Hoàn toàn đồng ý,Hoàn toàn đồng ý,Hoàn toàn đồng ý,Hoàn toàn đồng ý,Hoàn toàn đồng ý,Hoàn toàn đồng ý,Khá quan tâm,Khá quan tâm,Khá quan tâm,Khá quan tâm,Khá quan tâm,Khá quan tâm,Khá quan tâm,Khá quan tâm,Khá quan tâm,Khá quan tâm,Khá quan tâm,Khá quan tâm,Khá quan tâm,Khá quan tâm,Khá quan tâm,Khá quan tâm,Khá quan tâm,Khá quan tâm,Khá quan tâm,Khá quan tâm,Rất liên quan,Rất liên quan,Rất liên quan,Rất liên quan,Rất liên quan,Rất liên quan,Rất liên quan,Rất liên quan,Rất liên quan,Rất liên quan,Rất liên quan,Rất liên quan,Rất liên quan,Rất liên quan,Rất liên quan
3/18/2026 11:25:19,Nữ,20,Nông thôn,Cao Đẳng/ Đại học,Không,Không,Không,Đồng ý,Trung lập,Đồng ý,Hoàn toàn đồng ý,Đồng ý,Trung lập,Hoàn toàn đồng ý,Đồng ý,Hoàn toàn đồng ý,Đồng ý,Đồng ý,Đồng ý,Đồng ý,Hoàn toàn đồng ý,Đồng ý,Hoàn toàn đồng ý,Hoàn toàn đồng ý,Đồng ý,Hoàn toàn đồng ý,Đồng ý,Hoàn toàn đồng ý,Đồng ý,Khá quan tâm,Khá quan tâm,Khá quan tâm,Quan tâm ở mức trung bình,Khá quan tâm,Quan tâm ở mức trung bình,Khá quan tâm,Quan tâm ở mức trung bình,Khá quan tâm,Rất quan tâm,Rất quan tâm,Rất quan tâm,Rất quan tâm,Rất quan tâm,Rất quan tâm,Rất quan tâm,Rất quan tâm,Khá quan tâm,Khá quan tâm,Rất quan tâm,Rất liên quan,Khá liên quan,Rất liên quan,Rất liên quan,Khá liên quan,Rất liên quan,Rất liên quan,Khá liên quan,Rất liên quan,Rất liên quan,Rất liên quan,Khá liên quan,Rất liên quan,Khá liên quan,Khá liên quan
3/18/2026 12:16:45,Nữ,20,Nông thôn,Cao Đẳng/ Đại học,Có,Có,Có,Đồng ý,Đồng ý,Đồng ý,Đồng ý,Đồng ý,Đồng ý,Đồng ý,Đồng ý,Đồng ý,Đồng ý,Đồng ý,Đồng ý,Đồng ý,Đồng ý,Đồng ý,Đồng ý,Đồng ý,Đồng ý,Đồng ý,Đồng ý,Đồng ý,Đồng ý,Khá quan tâm,Khá quan tâm,Khá quan tâm,Khá quan tâm,Khá quan tâm,Khá quan tâm,Khá quan tâm,Khá quan tâm,Khá quan tâm,Khá quan tâm,Khá quan tâm,Khá quan tâm,Khá quan tâm,Khá quan tâm,Khá quan tâm,Khá quan tâm,Khá quan tâm,Khá quan tâm,Khá quan tâm,Khá quan tâm,Rất liên quan,Rất liên quan,Rất liên quan,Rất liên quan,Rất liên quan,Rất liên quan,Rất liên quan,Rất liên quan,Rất liên quan,Rất liên quan,Rất liên quan,Rất liên quan,Rất liên quan,Rất liên quan,Rất liên quan
3/18/2026 14:27:15,Nữ,20,Thành thị,Cao Đẳng/ Đại học,Có,Có,Có,Đồng ý,Hoàn toàn không đồng ý,Hoàn toàn đồng ý,Hoàn toàn đồng ý,Hoàn toàn đồng ý,Hoàn toàn đồng ý,Hoàn toàn đồng ý,Không đồng ý,Trung lập,Trung lập,Hoàn toàn không đồng ý,Hoàn toàn đồng ý,Hoàn toàn đồng ý,Không đồng ý,Không đồng ý,Trung lập,Không đồng ý,Trung lập,Không đồng ý,Hoàn toàn không đồng ý,Hoàn toàn không đồng ý,Không đồng ý,Rất quan tâm,Rất quan tâm,Khá quan tâm,Rất quan tâm,Rất quan tâm,Rất quan tâm,Rất quan tâm,Rất quan tâm,Rất quan tâm,Rất quan tâm,Rất quan tâm,Rất quan tâm,Rất quan tâm,Rất quan tâm,Rất quan tâm,Rất quan tâm,Rất quan tâm,Rất quan tâm,Rất quan tâm,Rất quan tâm,Rất liên quan,Rất liên quan,Rất liên quan,Rất liên quan,Rất liên quan,Rất liên quan,Rất liên quan,Rất liên quan,Rất liên quan,Rất liên quan,Rất liên quan,Rất liên quan,Rất liên quan,Rất liên quan,Rất liên quan
3/18/2026 15:41:33,Nữ,19,Nông thôn,Trung học phổ thông,Có,Có,Có,Đồng ý,Đồng ý,Đồng ý,Đồng ý,Đồng ý,Đồng ý,Đồng ý,Đồng ý,Đồng ý,Đồng ý,Đồng ý,Đồng ý,Đồng ý,Đồng ý,Đồng ý,Đồng ý,Đồng ý,Đồng ý,Đồng ý,Đồng ý,Đồng ý,Đồng ý,Khá quan tâm,Khá quan tâm,Khá quan tâm,Khá quan tâm,Khá quan tâm,Khá quan tâm,Khá quan tâm,Khá quan tâm,Khá quan tâm,Khá quan tâm,Khá quan tâm,Khá quan tâm,Khá quan tâm,Khá quan tâm,Khá quan tâm,Khá quan tâm,Khá quan tâm,Khá quan tâm,Khá quan tâm,Khá quan tâm,Rất liên quan,Rất liên quan,Rất liên quan,Rất liên quan,Rất liên quan,Rất liên quan,Rất liên quan,Rất liên quan,Rất liên quan,Rất liên quan,Rất liên quan,Rất liên quan,Rất liên quan,Rất liên quan,Rất liên quan
3/18/2026 16:22:43,Nam,25,Thành thị,Cao Đẳng/ Đại học,Không,Không,Không,Hoàn toàn không đồng ý,Trung lập,Không đồng ý,Hoàn toàn không đồng ý,Đồng ý,Trung lập,Hoàn toàn không đồng ý,Đồng ý,Hoàn toàn đồng ý,Hoàn toàn đồng ý,Không đồng ý,Trung lập,Trung lập,Trung lập,Trung lập,Trung lập,Trung lập,Trung lập,Trung lập,Trung lập,Trung lập,Trung lập,Có hứng thú một chút,Có hứng thú một chút,Khá quan tâm,Có hứng thú một chút,Có hứng thú một chút,Có hứng thú một chút,Có hứng thú một chút,Có hứng thú một chút,Có hứng thú một chút,Có hứng thú một chút,Có hứng thú một chút,Có hứng thú một chút,Có hứng thú một chút,Có hứng thú một chút,Khá quan tâm,Rất quan tâm,Rất quan tâm,Rất quan tâm,Có hứng thú một chút,Rất quan tâm,Rất liên quan,Rất liên quan,Hơi liên quan,Rất liên quan,Rất liên quan,Rất liên quan,Rất liên quan,Rất liên quan,Rất liên quan,Rất liên quan,Rất liên quan,Rất liên quan,Rất liên quan,Rất liên quan,Rất liên quan
3/18/2026 16:45:25,Nữ,24,Thành thị,Cao Đẳng/ Đại học,Có,Có,Không,Trung lập,Không đồng ý,Hoàn toàn đồng ý,Đồng ý,Hoàn toàn đồng ý,Hoàn toàn đồng ý,Hoàn toàn đồng ý,Hoàn toàn không đồng ý,Hoàn toàn không đồng ý,Trung lập,Không đồng ý,Đồng ý,Trung lập,Trung lập,Trung lập,Trung lập,Trung lập,Đồng ý,Trung lập,Trung lập,Đồng ý,Đồng ý,Rất quan tâm,Rất quan tâm,Quan tâm ở mức trung bình,Rất quan tâm,Rất quan tâm,Rất quan tâm,Rất quan tâm,Khá quan tâm,Khá quan tâm,Khá quan tâm,Rất quan tâm,Khá quan tâm,Rất quan tâm,Khá quan tâm,Khá quan tâm,Khá quan tâm,Khá quan tâm,Khá quan tâm,Khá quan tâm,Quan tâm ở mức trung bình,Rất liên quan,Rất liên quan,Rất liên quan,Rất liên quan,Rất liên quan,Rất liên quan,Rất liên quan,Rất liên quan,Rất liên quan,Rất liên quan,Rất liên quan,Rất liên quan,Rất liên quan,Rất liên quan,Rất liên quan
3/18/2026 18:51:32,Nam,19,Nông thôn,Cao Đẳng/ Đại học,Có,Có,Có,Đồng ý,Không đồng ý,Đồng ý,Đồng ý,Đồng ý,Đồng ý,Đồng ý,Trung lập,Trung lập,Trung lập,Đồng ý,Trung lập,Đồng ý,Trung lập,Đồng ý,Trung lập,Đồng ý,Đồng ý,Đồng ý,Đồng ý,Đồng ý,Đồng ý,Quan tâm ở mức trung bình,Quan tâm ở mức trung bình,Khá quan tâm,Rất quan tâm,Rất quan tâm,Quan tâm ở mức trung bình,Rất quan tâm,Rất quan tâm,Quan tâm ở mức trung bình,Rất quan tâm,Rất quan tâm,Rất quan tâm,Rất quan tâm,Rất quan tâm,Rất quan tâm,Quan tâm ở mức trung bình,Quan tâm ở mức trung bình,Rất quan tâm,Rất quan tâm,Quan tâm ở mức trung bình,Khá liên quan,Khá liên quan,Khá liên quan,Khá liên quan,Khá liên quan,Khá liên quan,Khá liên quan,Khá liên quan,Khá liên quan,Khá liên quan,Khá liên quan,Khá liên quan,Khá liên quan,Khá liên quan,Khá liên quan
3/18/2026 18:55:08,Nam,18,Nông thôn,Cao Đẳng/ Đại học,Có,Có,Không,Hoàn toàn đồng ý,Đồng ý,Đồng ý,Đồng ý,Đồng ý,Đồng ý,Đồng ý,Đồng ý,Đồng ý,Đồng ý,Trung lập,Trung lập,Trung lập,Trung lập,Trung lập,Trung lập,Trung lập,Trung lập,Trung lập,Trung lập,Trung lập,Trung lập,Quan tâm ở mức trung bình,Quan tâm ở mức trung bình,Quan tâm ở mức trung bình,Quan tâm ở mức trung bình,Quan tâm ở mức trung bình,Quan tâm ở mức trung bình,Quan tâm ở mức trung bình,Quan tâm ở mức trung bình,Quan tâm ở mức trung bình,Quan tâm ở mức trung bình,Quan tâm ở mức trung bình,Quan tâm ở mức trung bình,Quan tâm ở mức trung bình,Quan tâm ở mức trung bình,Quan tâm ở mức trung bình,Quan tâm ở mức trung bình,Quan tâm ở mức trung bình,Quan tâm ở mức trung bình,Quan tâm ở mức trung bình,Quan tâm ở mức trung bình,Khá liên quan,Khá liên quan,Khá liên quan,Khá liên quan,Khá liên quan,Khá liên quan,Khá liên quan,Khá liên quan,Khá liên quan,Khá liên quan,Khá liên quan,Khá liên quan,Khá liên quan,Khá liên quan,Khá liên quan
3/18/2026 18:57:03,Nữ,18,Thành thị,Cao Đẳng/ Đại học,Có,Không,Không,Hoàn toàn không đồng ý,Hoàn toàn không đồng ý,Không đồng ý,Hoàn toàn không đồng ý,Hoàn toàn không đồng ý,Hoàn toàn không đồng ý,Không đồng ý,Hoàn toàn không đồng ý,Không đồng ý,Hoàn toàn không đồng ý,Hoàn toàn không đồng ý,Hoàn toàn đồng ý,Đồng ý,Đồng ý,Đồng ý,Đồng ý,Đồng ý,Trung lập,Đồng ý,Đồng ý,Đồng ý,Đồng ý,Hoàn toàn không quan tâm,Có hứng thú một chút,Quan tâm ở mức trung bình,Quan tâm ở mức trung bình,Hoàn toàn không quan tâm,Hoàn toàn không quan tâm,Quan tâm ở mức trung bình,Quan tâm ở mức trung bình,Quan tâm ở mức trung bình,Hoàn toàn không quan tâm,Quan tâm ở mức trung bình,Quan tâm ở mức trung bình,Quan tâm ở mức trung bình,Quan tâm ở mức trung bình,Quan tâm ở mức trung bình,Quan tâm ở mức trung bình,Hoàn toàn không quan tâm,Hoàn toàn không quan tâm,Hoàn toàn không quan tâm,Quan tâm ở mức trung bình,Không liên quan,Khá liên quan,Hơi liên quan,Không liên quan,Khá liên quan,Không liên quan,Khá liên quan,Không liên quan,Không liên quan,Khá liên quan,Khá liên quan,Không liên quan,Không liên quan,Khá liên quan,Khá liên quan
3/18/2026 19:16:22,Nam,18,Nông thôn,Trung học phổ thông,Có,Có,Không,Hoàn toàn không đồng ý,Không đồng ý,Hoàn toàn không đồng ý,Hoàn toàn không đồng ý,Không đồng ý,Trung lập,Trung lập,Không đồng ý,Không đồng ý,Hoàn toàn không đồng ý,Trung lập,Đồng ý,Đồng ý,Đồng ý,Không đồng ý,Không đồng ý,Hoàn toàn không đồng ý,Hoàn toàn không đồng ý,Không đồng ý,Trung lập,Trung lập,Đồng ý,Khá quan tâm,Khá quan tâm,Rất quan tâm,Quan tâm ở mức trung bình,Quan tâm ở mức trung bình,Khá quan tâm,Rất quan tâm,Khá quan tâm,Quan tâm ở mức trung bình,Khá quan tâm,Khá quan tâm,Rất quan tâm,Khá quan tâm,Quan tâm ở mức trung bình,Quan tâm ở mức trung bình,Có hứng thú một chút,Khá quan tâm,Rất quan tâm,Rất quan tâm,Rất quan tâm,Rất liên quan,Khá liên quan,Khá liên quan,Khá liên quan,Rất liên quan,Khá liên quan,Hơi liên quan,Khá liên quan,Khá liên quan,Hơi liên quan,Rất liên quan,Rất liên quan,Rất liên quan,Rất liên quan,Khá liên quan
3/18/2026 19:36:11,Nữ,18,Nông thôn,Trung học phổ thông,Có,Có,Có,Hoàn toàn đồng ý,Hoàn toàn đồng ý,Hoàn toàn đồng ý,Hoàn toàn đồng ý,Hoàn toàn đồng ý,Hoàn toàn đồng ý,Hoàn toàn đồng ý,Hoàn toàn đồng ý,Hoàn toàn đồng ý,Hoàn toàn đồng ý,Đồng ý,Đồng ý,Đồng ý,Đồng ý,Đồng ý,Đồng ý,Đồng ý,Đồng ý,Đồng ý,Đồng ý,Đồng ý,Đồng ý,Khá quan tâm,Khá quan tâm,Khá quan tâm,Khá quan tâm,Khá quan tâm,Khá quan tâm,Khá quan tâm,Khá quan tâm,Khá quan tâm,Khá quan tâm,Khá quan tâm,Khá quan tâm,Khá quan tâm,Khá quan tâm,Khá quan tâm,Khá quan tâm,Khá quan tâm,Khá quan tâm,Khá quan tâm,Khá quan tâm,Rất liên quan,Rất liên quan,Rất liên quan,Rất liên quan,Rất liên quan,Rất liên quan,Rất liên quan,Rất liên quan,Rất liên quan,Rất liên quan,Rất liên quan,Rất liên quan,Rất liên quan,Rất liên quan,Rất liên quan
3/18/2026 20:10:17,Nữ,18,Thành thị,Trung học phổ thông,Không,Có,Không,Không đồng ý,Không đồng ý,Trung lập,Đồng ý,Không đồng ý,Không đồng ý,Hoàn toàn đồng ý,Đồng ý,Không đồng ý,Trung lập,Trung lập,Không đồng ý,Trung lập,Không đồng ý,Trung lập,Không đồng ý,Trung lập,Trung lập,Trung lập,Không đồng ý,Không đồng ý,Trung lập,Có hứng thú một chút,Hoàn toàn không quan tâm,Hoàn toàn không quan tâm,Hoàn toàn không quan tâm,Hoàn toàn không quan tâm,Hoàn toàn không quan tâm,Hoàn toàn không quan tâm,Hoàn toàn không quan tâm,Hoàn toàn không quan tâm,Hoàn toàn không quan tâm,Hoàn toàn không quan tâm,Hoàn toàn không quan tâm,Hoàn toàn không quan tâm,Hoàn toàn không quan tâm,Hoàn toàn không quan tâm,Hoàn toàn không quan tâm,Hoàn toàn không quan tâm,Hoàn toàn không quan tâm,Hoàn toàn không quan tâm,Hoàn toàn không quan tâm,Rất liên quan,Rất liên quan,Rất liên quan,Rất liên quan,Rất liên quan,Rất liên quan,Rất liên quan,Rất liên quan,Rất liên quan,Rất liên quan,Rất liên quan,Rất liên quan,Rất liên quan,Rất liên quan,Rất liên quan
3/18/2026 20:12:20,Nữ,18,Nông thôn,Trung học phổ thông,Có,Có,Có,Trung lập,Đồng ý,Hoàn toàn đồng ý,Hoàn toàn đồng ý,Hoàn toàn đồng ý,Đồng ý,Hoàn toàn đồng ý,Không đồng ý,Trung lập,Đồng ý,Không đồng ý,Đồng ý,Đồng ý,Đồng ý,Hoàn toàn đồng ý,Hoàn toàn đồng ý,Hoàn toàn đồng ý,Đồng ý,Đồng ý,Đồng ý,Đồng ý,Đồng ý,Có hứng thú một chút,Quan tâm ở mức trung bình,Khá quan tâm,Hoàn toàn không quan tâm,Có hứng thú một chút,Quan tâm ở mức trung bình,Quan tâm ở mức trung bình,Có hứng thú một chút,Khá quan tâm,Rất quan tâm,Khá quan tâm,Khá quan tâm,Có hứng thú một chút,Có hứng thú một chút,Quan tâm ở mức trung bình,Quan tâm ở mức trung bình,Quan tâm ở mức trung bình,Khá quan tâm,Quan tâm ở mức trung bình,Rất quan tâm,Rất liên quan,Khá liên quan,Hơi liên quan,Khá liên quan,Khá liên quan,Rất liên quan,Rất liên quan,Rất liên quan,Khá liên quan,Khá liên quan,Rất liên quan,Rất liên quan,Rất liên quan,Khá liên quan,Hơi liên quan
3/18/2026 20:18:59,Nam,18,Nông thôn,Trung học phổ thông,Không,Không,Không,Hoàn toàn không đồng ý,Đồng ý,Không đồng ý,Trung lập,Không đồng ý,Không đồng ý,Đồng ý,Đồng ý,Đồng ý,Hoàn toàn đồng ý,Không đồng ý,Đồng ý,Trung lập,Trung lập,Không đồng ý,Hoàn toàn không đồng ý,Không đồng ý,Không đồng ý,Trung lập,Hoàn toàn không đồng ý,Trung lập,Đồng ý,Quan tâm ở mức trung bình,Có hứng thú một chút,Có hứng thú một chút,Khá quan tâm,Khá quan tâm,Khá quan tâm,Rất quan tâm,Rất quan tâm,Quan tâm ở mức trung bình,Khá quan tâm,Rất quan tâm,Rất quan tâm,Khá quan tâm,Hoàn toàn không quan tâm,Khá quan tâm,Quan tâm ở mức trung bình,Quan tâm ở mức trung bình,Khá quan tâm,Có hứng thú một chút,Hoàn toàn không quan tâm,Khá liên quan,Hơi liên quan,Rất liên quan,Rất liên quan,Rất liên quan,Hơi liên quan,Không liên quan,Không liên quan,Hơi liên quan,Rất liên quan,Rất liên quan,Rất liên quan,Rất liên quan,Khá liên quan,Rất liên quan
3/18/2026 21:40:53,Nam,20,Nông thôn,Trung học phổ thông,Có,Có,Không,Không đồng ý,Đồng ý,Trung lập,Đồng ý,Không đồng ý,Trung lập,Trung lập,Không đồng ý,Đồng ý,Đồng ý,Trung lập,Trung lập,Trung lập,Trung lập,Trung lập,Trung lập,Trung lập,Trung lập,Trung lập,Trung lập,Trung lập,Trung lập,Quan tâm ở mức trung bình,Quan tâm ở mức trung bình,Quan tâm ở mức trung bình,Quan tâm ở mức trung bình,Quan tâm ở mức trung bình,Quan tâm ở mức trung bình,Quan tâm ở mức trung bình,Quan tâm ở mức trung bình,Quan tâm ở mức trung bình,Quan tâm ở mức trung bình,Quan tâm ở mức trung bình,Quan tâm ở mức trung bình,Quan tâm ở mức trung bình,Quan tâm ở mức trung bình,Quan tâm ở mức trung bình,Quan tâm ở mức trung bình,Quan tâm ở mức trung bình,Quan tâm ở mức trung bình,Quan tâm ở mức trung bình,Quan tâm ở mức trung bình,Khá liên quan,Rất liên quan,Khá liên quan,Khá liên quan,Khá liên quan,Khá liên quan,Khá liên quan,Khá liên quan,Khá liên quan,Khá liên quan,Khá liên quan,Khá liên quan,Khá liên quan,Khá liên quan,Khá liên quan
3/18/2026 23:00:40,Nữ,20,Thành thị,Cao Đẳng/ Đại học,Có,Không,Không,Đồng ý,Không đồng ý,Trung lập,Trung lập,Đồng ý,Đồng ý,Đồng ý,Không đồng ý,Không đồng ý,Trung lập,Trung lập,Trung lập,Trung lập,Trung lập,Đồng ý,Trung lập,Trung lập,Trung lập,Trung lập,Trung lập,Trung lập,Trung lập,Khá quan tâm,Có hứng thú một chút,Quan tâm ở mức trung bình,Có hứng thú một chút,Quan tâm ở mức trung bình,Khá quan tâm,Khá quan tâm,Khá quan tâm,Khá quan tâm,Quan tâm ở mức trung bình,Quan tâm ở mức trung bình,Khá quan tâm,Quan tâm ở mức trung bình,Quan tâm ở mức trung bình,Quan tâm ở mức trung bình,Quan tâm ở mức trung bình,Quan tâm ở mức trung bình,Quan tâm ở mức trung bình,Quan tâm ở mức trung bình,Quan tâm ở mức trung bình,Khá liên quan,Hơi liên quan,Khá liên quan,Hơi liên quan,Khá liên quan,Khá liên quan,Không liên quan,Không liên quan,Khá liên quan,Khá liên quan,Khá liên quan,Khá liên quan,Khá liên quan,Khá liên quan,Khá liên quan
3/18/2026 23:09:27,Nam,19,Nông thôn,Cao Đẳng/ Đại học,Có,Có,Không,Trung lập,Trung lập,Trung lập,Trung lập,Trung lập,Trung lập,Trung lập,Trung lập,Trung lập,Trung lập,Trung lập,Trung lập,Trung lập,Trung lập,Trung lập,Trung lập,Trung lập,Trung lập,Trung lập,Trung lập,Trung lập,Trung lập,Quan tâm ở mức trung bình,Quan tâm ở mức trung bình,Quan tâm ở mức trung bình,Quan tâm ở mức trung bình,Quan tâm ở mức trung bình,Quan tâm ở mức trung bình,Quan tâm ở mức trung bình,Quan tâm ở mức trung bình,Quan tâm ở mức trung bình,Quan tâm ở mức trung bình,Quan tâm ở mức trung bình,Quan tâm ở mức trung bình,Quan tâm ở mức trung bình,Quan tâm ở mức trung bình,Quan tâm ở mức trung bình,Quan tâm ở mức trung bình,Quan tâm ở mức trung bình,Quan tâm ở mức trung bình,Quan tâm ở mức trung bình,Quan tâm ở mức trung bình,Khá liên quan,Khá liên quan,Khá liên quan,Khá liên quan,Khá liên quan,Khá liên quan,Khá liên quan,Khá liên quan,Khá liên quan,Khá liên quan,Khá liên quan,Khá liên quan,Khá liên quan,Khá liên quan,Khá liên quan
3/18/2026 23:13:51,Nam,19,Thành thị,Cao Đẳng/ Đại học,Không,Không,Không,Hoàn toàn không đồng ý,Hoàn toàn đồng ý,Trung lập,Trung lập,Đồng ý,Trung lập,Trung lập,Đồng ý,Đồng ý,Trung lập,Không đồng ý,Không đồng ý,Không đồng ý,Trung lập,Không đồng ý,Đồng ý,Trung lập,Trung lập,Trung lập,Không đồng ý,Trung lập,Trung lập,Có hứng thú một chút,Có hứng thú một chút,Có hứng thú một chút,Có hứng thú một chút,Có hứng thú một chút,Có hứng thú một chút,Có hứng thú một chút,Có hứng thú một chút,Có hứng thú một chút,Có hứng thú một chút,Có hứng thú một chút,Có hứng thú một chút,Có hứng thú một chút,Có hứng thú một chút,Có hứng thú một chút,Có hứng thú một chút,Có hứng thú một chút,Có hứng thú một chút,Có hứng thú một chút,Có hứng thú một chút,Hơi liên quan,Hơi liên quan,Khá liên quan,Khá liên quan,Khá liên quan,Khá liên quan,Khá liên quan,Khá liên quan,Hơi liên quan,Khá liên quan,Khá liên quan,Khá liên quan,Khá liên quan,Khá liên quan,Khá liên quan
3/18/2026 23:14:22,Nam,18,Nông thôn,Cao Đẳng/ Đại học,Có,Có,Không,Đồng ý,Đồng ý,Đồng ý,Trung lập,Đồng ý,Hoàn toàn đồng ý,Đồng ý,Hoàn toàn đồng ý,Đồng ý,Đồng ý,Hoàn toàn đồng ý,Đồng ý,Đồng ý,Hoàn toàn đồng ý,Đồng ý,Hoàn toàn đồng ý,Đồng ý,Đồng ý,Hoàn toàn đồng ý,Hoàn toàn đồng ý,Đồng ý,Trung lập,Khá quan tâm,Quan tâm ở mức trung bình,Khá quan tâm,Rất quan tâm,Khá quan tâm,Quan tâm ở mức trung bình,Rất quan tâm,Khá quan tâm,Khá quan tâm,Rất quan tâm,Rất quan tâm,Khá quan tâm,Khá quan tâm,Rất quan tâm,Rất quan tâm,Khá quan tâm,Khá quan tâm,Rất quan tâm,Rất quan tâm,Khá quan tâm,Khá liên quan,Hơi liên quan,Rất liên quan,Khá liên quan,Khá liên quan,Rất liên quan,Khá liên quan,Hơi liên quan,Rất liên quan,Khá liên quan,Khá liên quan,Hơi liên quan,Khá liên quan,Khá liên quan,Khá liên quan
3/18/2026 23:24:42,Nữ,21,Thành thị,Cao Đẳng/ Đại học,Có,Không,Không,Đồng ý,Trung lập,Trung lập,Đồng ý,Trung lập,Trung lập,Trung lập,Hoàn toàn không đồng ý,Trung lập,Không đồng ý,Không đồng ý,Đồng ý,Trung lập,Trung lập,Trung lập,Trung lập,Trung lập,Trung lập,Trung lập,Không đồng ý,Không đồng ý,Trung lập,Có hứng thú một chút,Có hứng thú một chút,Có hứng thú một chút,Có hứng thú một chút,Có hứng thú một chút,Có hứng thú một chút,Có hứng thú một chút,Quan tâm ở mức trung bình,Quan tâm ở mức trung bình,Khá quan tâm,Khá quan tâm,Quan tâm ở mức trung bình,Hoàn toàn không quan tâm,Có hứng thú một chút,Khá quan tâm,Có hứng thú một chút,Có hứng thú một chút,Có hứng thú một chút,Quan tâm ở mức trung bình,Quan tâm ở mức trung bình,Khá liên quan,Khá liên quan,Khá liên quan,Hơi liên quan,Hơi liên quan,Hơi liên quan,Hơi liên quan,Khá liên quan,Hơi liên quan,Hơi liên quan,Khá liên quan,Khá liên quan,Hơi liên quan,Khá liên quan,Hơi liên quan
3/18/2026 23:26:29,Nữ,18,Nông thôn,Trung học phổ thông,Có,Không,Không,Hoàn toàn đồng ý,Hoàn toàn không đồng ý,Hoàn toàn đồng ý,Trung lập,Hoàn toàn đồng ý,Hoàn toàn đồng ý,Hoàn toàn đồng ý,Hoàn toàn không đồng ý,Trung lập,Không đồng ý,Hoàn toàn không đồng ý,Không đồng ý,Không đồng ý,Trung lập,Hoàn toàn đồng ý,Hoàn toàn đồng ý,Hoàn toàn đồng ý,Hoàn toàn đồng ý,Trung lập,Không đồng ý,Không đồng ý,Trung lập,Quan tâm ở mức trung bình,Quan tâm ở mức trung bình,Khá quan tâm,Quan tâm ở mức trung bình,Khá quan tâm,Khá quan tâm,Khá quan tâm,Khá quan tâm,Khá quan tâm,Khá quan tâm,Khá quan tâm,Khá quan tâm,Khá quan tâm,Khá quan tâm,Khá quan tâm,Khá quan tâm,Khá quan tâm,Khá quan tâm,Khá quan tâm,Khá quan tâm,Khá liên quan,Khá liên quan,Rất liên quan,Rất liên quan,Rất liên quan,Rất liên quan,Khá liên quan,Rất liên quan,Rất liên quan,Rất liên quan,Rất liên quan,Rất liên quan,Rất liên quan,Rất liên quan,Rất liên quan
3/18/2026 23:28:01,Nam,18,Thành thị,Cao Đẳng/ Đại học,Có,Không,Không,Trung lập,Trung lập,Trung lập,Trung lập,Trung lập,Trung lập,Trung lập,Trung lập,Trung lập,Trung lập,Trung lập,Trung lập,Trung lập,Trung lập,Trung lập,Trung lập,Trung lập,Trung lập,Trung lập,Trung lập,Trung lập,Trung lập,Quan tâm ở mức trung bình,Quan tâm ở mức trung bình,Quan tâm ở mức trung bình,Quan tâm ở mức trung bình,Quan tâm ở mức trung bình,Quan tâm ở mức trung bình,Quan tâm ở mức trung bình,Quan tâm ở mức trung bình,Quan tâm ở mức trung bình,Quan tâm ở mức trung bình,Quan tâm ở mức trung bình,Quan tâm ở mức trung bình,Quan tâm ở mức trung bình,Quan tâm ở mức trung bình,Quan tâm ở mức trung bình,Quan tâm ở mức trung bình,Quan tâm ở mức trung bình,Quan tâm ở mức trung bình,Quan tâm ở mức trung bình,Quan tâm ở mức trung bình,Rất liên quan,Rất liên quan,Rất liên quan,Rất liên quan,Rất liên quan,Rất liên quan,Rất liên quan,Rất liên quan,Rất liên quan,Rất liên quan,Rất liên quan,Rất liên quan,Rất liên quan,Rất liên quan,Rất liên quan
3/18/2026 23:50:55,Nữ,24,Thành thị,Sau Đại học,Có,Có,Không,Trung lập,Trung lập,Đồng ý,Đồng ý,Đồng ý,Trung lập,Đồng ý,Trung lập,Đồng ý,Đồng ý,Không đồng ý,Đồng ý,Đồng ý,Trung lập,Trung lập,Đồng ý,Đồng ý,Đồng ý,Đồng ý,Trung lập,Trung lập,Trung lập,Quan tâm ở mức trung bình,Quan tâm ở mức trung bình,Quan tâm ở mức trung bình,Có hứng thú một chút,Có hứng thú một chút,Có hứng thú một chút,Có hứng thú một chút,Quan tâm ở mức trung bình,Quan tâm ở mức trung bình,Quan tâm ở mức trung bình,Quan tâm ở mức trung bình,Quan tâm ở mức trung bình,Quan tâm ở mức trung bình,Quan tâm ở mức trung bình,Quan tâm ở mức trung bình,Quan tâm ở mức trung bình,Quan tâm ở mức trung bình,Quan tâm ở mức trung bình,Quan tâm ở mức trung bình,Quan tâm ở mức trung bình,Khá liên quan,Khá liên quan,Khá liên quan,Khá liên quan,Khá liên quan,Khá liên quan,Khá liên quan,Khá liên quan,Khá liên quan,Khá liên quan,Khá liên quan,Rất liên quan,Rất liên quan,Rất liên quan,Rất liên quan
3/19/2026 2:41:16,Nữ,19,Thành thị,Cao Đẳng/ Đại học,Không,Không,Không,Trung lập,Trung lập,Trung lập,Trung lập,Trung lập,Trung lập,Trung lập,Trung lập,Trung lập,Trung lập,Trung lập,Đồng ý,Trung lập,Trung lập,Trung lập,Trung lập,Trung lập,Trung lập,Trung lập,Trung lập,Trung lập,Trung lập,Quan tâm ở mức trung bình,Quan tâm ở mức trung bình,Quan tâm ở mức trung bình,Quan tâm ở mức trung bình,Quan tâm ở mức trung bình,Quan tâm ở mức trung bình,Quan tâm ở mức trung bình,Quan tâm ở mức trung bình,Quan tâm ở mức trung bình,Quan tâm ở mức trung bình,Quan tâm ở mức trung bình,Quan tâm ở mức trung bình,Quan tâm ở mức trung bình,Quan tâm ở mức trung bình,Quan tâm ở mức trung bình,Quan tâm ở mức trung bình,Quan tâm ở mức trung bình,Quan tâm ở mức trung bình,Quan tâm ở mức trung bình,Quan tâm ở mức trung bình,Khá liên quan,Khá liên quan,Khá liên quan,Khá liên quan,Khá liên quan,Khá liên quan,Khá liên quan,Khá liên quan,Khá liên quan,Khá liên quan,Khá liên quan,Khá liên quan,Khá liên quan,Khá liên quan,Khá liên quan
3/19/2026 10:11:13,Nam,23,Nông thôn,Cao Đẳng/ Đại học,Có,Không,Không,Trung lập,Đồng ý,Đồng ý,Đồng ý,Đồng ý,Đồng ý,Đồng ý,Đồng ý,Đồng ý,Đồng ý,Đồng ý,Trung lập,Đồng ý,Trung lập,Trung lập,Đồng ý,Đồng ý,Trung lập,Trung lập,Đồng ý,Trung lập,Trung lập,Khá quan tâm,Khá quan tâm,Quan tâm ở mức trung bình,Quan tâm ở mức trung bình,Quan tâm ở mức trung bình,Quan tâm ở mức trung bình,Khá quan tâm,Khá quan tâm,Quan tâm ở mức trung bình,Khá quan tâm,Quan tâm ở mức trung bình,Quan tâm ở mức trung bình,Khá quan tâm,Quan tâm ở mức trung bình,Quan tâm ở mức trung bình,Quan tâm ở mức trung bình,Quan tâm ở mức trung bình,Khá quan tâm,Quan tâm ở mức trung bình,Quan tâm ở mức trung bình,Hơi liên quan,Hơi liên quan,Hơi liên quan,Hơi liên quan,Hơi liên quan,Hơi liên quan,Hơi liên quan,Hơi liên quan,Hơi liên quan,Hơi liên quan,Hơi liên quan,Hơi liên quan,Hơi liên quan,Hơi liên quan,Hơi liên quan
3/19/2026 11:38:17,Nữ,19,Nông thôn,Cao Đẳng/ Đại học,Có,Có,Có,Đồng ý,Đồng ý,Đồng ý,Đồng ý,Đồng ý,Đồng ý,Đồng ý,Trung lập,Không đồng ý,Đồng ý,Trung lập,Trung lập,Trung lập,Trung lập,Trung lập,Trung lập,Trung lập,Trung lập,Trung lập,Trung lập,Trung lập,Trung lập,Quan tâm ở mức trung bình,Quan tâm ở mức trung bình,Quan tâm ở mức trung bình,Quan tâm ở mức trung bình,Quan tâm ở mức trung bình,Quan tâm ở mức trung bình,Quan tâm ở mức trung bình,Quan tâm ở mức trung bình,Quan tâm ở mức trung bình,Quan tâm ở mức trung bình,Quan tâm ở mức trung bình,Quan tâm ở mức trung bình,Quan tâm ở mức trung bình,Quan tâm ở mức trung bình,Quan tâm ở mức trung bình,Quan tâm ở mức trung bình,Quan tâm ở mức trung bình,Quan tâm ở mức trung bình,Quan tâm ở mức trung bình,Quan tâm ở mức trung bình,Hơi liên quan,Không liên quan,Hơi liên quan,Khá liên quan,Khá liên quan,Khá liên quan,Hơi liên quan,Hơi liên quan,Khá liên quan,Hơi liên quan,Hơi liên quan,Khá liên quan,Hơi liên quan,Hơi liên quan,Hơi liên quan
3/19/2026 11:41:27,Nữ,18,Thành thị,Trung học cơ sở,Có,Có,Không,Hoàn toàn không đồng ý,Đồng ý,Trung lập,Hoàn toàn đồng ý,Không đồng ý,Không đồng ý,Không đồng ý,Hoàn toàn đồng ý,Hoàn toàn đồng ý,Hoàn toàn đồng ý,Đồng ý,Trung lập,Trung lập,Trung lập,Trung lập,Trung lập,Trung lập,Trung lập,Trung lập,Trung lập,Trung lập,Trung lập,Hoàn toàn không quan tâm,Hoàn toàn không quan tâm,Hoàn toàn không quan tâm,Hoàn toàn không quan tâm,Hoàn toàn không quan tâm,Hoàn toàn không quan tâm,Hoàn toàn không quan tâm,Hoàn toàn không quan tâm,Hoàn toàn không quan tâm,Hoàn toàn không quan tâm,Hoàn toàn không quan tâm,Hoàn toàn không quan tâm,Hoàn toàn không quan tâm,Hoàn toàn không quan tâm,Hoàn toàn không quan tâm,Hoàn toàn không quan tâm,Hoàn toàn không quan tâm,Hoàn toàn không quan tâm,Hoàn toàn không quan tâm,Có hứng thú một chút,Khá liên quan,Khá liên quan,Rất liên quan,Rất liên quan,Rất liên quan,Rất liên quan,Khá liên quan,Khá liên quan,Rất liên quan,Khá liên quan,Khá liên quan,Khá liên quan,Rất liên quan,Rất liên quan,Rất liên quan
3/19/2026 15:53:36,Nữ,21,Thành thị,Cao Đẳng/ Đại học,Có,Có,Không,Đồng ý,Đồng ý,Đồng ý,Đồng ý,Đồng ý,Đồng ý,Đồng ý,Đồng ý,Đồng ý,Đồng ý,Đồng ý,Đồng ý,Đồng ý,Hoàn toàn đồng ý,Hoàn toàn đồng ý,Hoàn toàn đồng ý,Hoàn toàn đồng ý,Hoàn toàn đồng ý,Hoàn toàn đồng ý,Hoàn toàn đồng ý,Hoàn toàn đồng ý,Hoàn toàn đồng ý,Có hứng thú một chút,Có hứng thú một chút,Có hứng thú một chút,Có hứng thú một chút,Có hứng thú một chút,Có hứng thú một chút,Có hứng thú một chút,Có hứng thú một chút,Có hứng thú một chút,Có hứng thú một chút,Có hứng thú một chút,Có hứng thú một chút,Có hứng thú một chút,Có hứng thú một chút,Có hứng thú một chút,Có hứng thú một chút,Có hứng thú một chút,Có hứng thú một chút,Có hứng thú một chút,Có hứng thú một chút,Khá liên quan,Khá liên quan,Khá liên quan,Khá liên quan,Khá liên quan,Khá liên quan,Khá liên quan,Khá liên quan,Khá liên quan,Khá liên quan,Khá liên quan,Khá liên quan,Khá liên quan,Khá liên quan,Khá liên quan
3/20/2026 20:17:19,Nữ,18,Nông thôn,Trung học phổ thông,Có,Có,Không,Đồng ý,Không đồng ý,Đồng ý,Đồng ý,Đồng ý,Đồng ý,Trung lập,Trung lập,Đồng ý,Đồng ý,Trung lập,Đồng ý,Trung lập,Không đồng ý,Không đồng ý,Không đồng ý,Trung lập,Trung lập,Không đồng ý,Không đồng ý,Trung lập,Không đồng ý,Có hứng thú một chút,Có hứng thú một chút,Quan tâm ở mức trung bình,Quan tâm ở mức trung bình,Khá quan tâm,Khá quan tâm,Có hứng thú một chút,Có hứng thú một chút,Quan tâm ở mức trung bình,Quan tâm ở mức trung bình,Có hứng thú một chút,Khá quan tâm,Quan tâm ở mức trung bình,Khá quan tâm,Quan tâm ở mức trung bình,Quan tâm ở mức trung bình,Khá quan tâm,Quan tâm ở mức trung bình,Có hứng thú một chút,Có hứng thú một chút,Khá liên quan,Hơi liên quan,Khá liên quan,Khá liên quan,Khá liên quan,Rất liên quan,Khá liên quan,Khá liên quan,Hơi liên quan,Hơi liên quan,Khá liên quan,Khá liên quan,Khá liên quan,Hơi liên quan,Khá liên quan
3/21/2026 20:17:15,Nam,23,Thành thị,Cao Đẳng/ Đại học,Có,Có,Không,Đồng ý,Đồng ý,Đồng ý,Trung lập,Không đồng ý,Đồng ý,Đồng ý,Trung lập,Đồng ý,Đồng ý,Trung lập,Đồng ý,Đồng ý,Không đồng ý,Trung lập,Trung lập,Đồng ý,Đồng ý,Đồng ý,Đồng ý,Đồng ý,Đồng ý,Quan tâm ở mức trung bình,Có hứng thú một chút,Quan tâm ở mức trung bình,Quan tâm ở mức trung bình,Quan tâm ở mức trung bình,Quan tâm ở mức trung bình,Khá quan tâm,Quan tâm ở mức trung bình,Có hứng thú một chút,Quan tâm ở mức trung bình,Khá quan tâm,Khá quan tâm,Khá quan tâm,Quan tâm ở mức trung bình,Quan tâm ở mức trung bình,Quan tâm ở mức trung bình,Khá quan tâm,Có hứng thú một chút,Quan tâm ở mức trung bình,Khá quan tâm,Khá liên quan,Rất liên quan,Hơi liên quan,Khá liên quan,Rất liên quan,Khá liên quan,Hơi liên quan,Rất liên quan,Hơi liên quan,Khá liên quan,Khá liên quan,Hơi liên quan,Khá liên quan,Khá liên quan,Khá liên quan
3/22/2026 10:39:43,Nam,24,Nông thôn,Cao Đẳng/ Đại học,Có,Không,Không,Đồng ý,Đồng ý,Đồng ý,Đồng ý,Đồng ý,Đồng ý,Đồng ý,Đồng ý,Đồng ý,Đồng ý,Đồng ý,Đồng ý,Đồng ý,Đồng ý,Đồng ý,Đồng ý,Đồng ý,Đồng ý,Đồng ý,Đồng ý,Đồng ý,Đồng ý,Khá quan tâm,Khá quan tâm,Khá quan tâm,Rất quan tâm,Quan tâm ở mức trung bình,Rất quan tâm,Quan tâm ở mức trung bình,Rất quan tâm,Khá quan tâm,Quan tâm ở mức trung bình,Rất quan tâm,Khá quan tâm,Khá quan tâm,Khá quan tâm,Khá quan tâm,Khá quan tâm,Khá quan tâm,Khá quan tâm,Khá quan tâm,Khá quan tâm,Rất liên quan,Rất liên quan,Rất liên quan,Khá liên quan,Rất liên quan,Khá liên quan,Rất liên quan,Khá liên quan,Rất liên quan,Khá liên quan,Rất liên quan,Rất liên quan,Khá liên quan,Rất liên quan,Khá liên quan
3/25/2026 21:28:04,Nữ,24,Thành thị,Cao Đẳng/ Đại học,Có,Có,Không,Không đồng ý,Trung lập,Đồng ý,Đồng ý,Đồng ý,Trung lập,Đồng ý,Đồng ý,Hoàn toàn đồng ý,Đồng ý,Không đồng ý,Hoàn toàn đồng ý,Đồng ý,Đồng ý,Đồng ý,Đồng ý,Đồng ý,Đồng ý,Đồng ý,Trung lập,Đồng ý,Đồng ý,Khá quan tâm,Quan tâm ở mức trung bình,Khá quan tâm,Rất quan tâm,Khá quan tâm,Khá quan tâm,Rất quan tâm,Khá quan tâm,Rất quan tâm,Khá quan tâm,Quan tâm ở mức trung bình,Khá quan tâm,Khá quan tâm,Khá quan tâm,Quan tâm ở mức trung bình,Khá quan tâm,Khá quan tâm,Rất quan tâm,Khá quan tâm,Rất quan tâm,Rất liên quan,Khá liên quan,Khá liên quan,Rất liên quan,Khá liên quan,Rất liên quan,Khá liên quan,Rất liên quan,Khá liên quan,Rất liên quan,Khá liên quan,Rất liên quan,Khá liên quan,Khá liên quan,Khá liên quan
3/25/2026 21:29:41,Nữ,24,Thành thị,Cao Đẳng/ Đại học,Có,Có,Có,Trung lập,Không đồng ý,Đồng ý,Đồng ý,Đồng ý,Đồng ý,Đồng ý,Không đồng ý,Không đồng ý,Đồng ý,Trung lập,Trung lập,Đồng ý,Đồng ý,Đồng ý,Trung lập,Đồng ý,Đồng ý,Đồng ý,Trung lập,Trung lập,Đồng ý,Rất quan tâm,Rất quan tâm,Rất quan tâm,Khá quan tâm,Quan tâm ở mức trung bình,Khá quan tâm,Rất quan tâm,Quan tâm ở mức trung bình,Rất quan tâm,Rất quan tâm,Khá quan tâm,Rất quan tâm,Khá quan tâm,Rất quan tâm,Rất quan tâm,Khá quan tâm,Khá quan tâm,Khá quan tâm,Khá quan tâm,Quan tâm ở mức trung bình,Rất liên quan,Rất liên quan,Rất liên quan,Rất liên quan,Rất liên quan,Rất liên quan,Khá liên quan,Khá liên quan,Rất liên quan,Rất liên quan,Rất liên quan,Rất liên quan,Rất liên quan,Rất liên quan,Rất liên quan
3/25/2026 21:45:27,Nam,24,Nông thôn,Cao Đẳng/ Đại học,Có,Có,Không,Trung lập,Trung lập,Trung lập,Trung lập,Trung lập,Trung lập,Trung lập,Trung lập,Trung lập,Trung lập,Trung lập,Trung lập,Trung lập,Trung lập,Trung lập,Trung lập,Trung lập,Trung lập,Trung lập,Trung lập,Trung lập,Trung lập,Quan tâm ở mức trung bình,Quan tâm ở mức trung bình,Quan tâm ở mức trung bình,Quan tâm ở mức trung bình,Quan tâm ở mức trung bình,Quan tâm ở mức trung bình,Quan tâm ở mức trung bình,Quan tâm ở mức trung bình,Quan tâm ở mức trung bình,Quan tâm ở mức trung bình,Quan tâm ở mức trung bình,Quan tâm ở mức trung bình,Quan tâm ở mức trung bình,Quan tâm ở mức trung bình,Quan tâm ở mức trung bình,Quan tâm ở mức trung bình,Quan tâm ở mức trung bình,Quan tâm ở mức trung bình,Quan tâm ở mức trung bình,Quan tâm ở mức trung bình,Khá liên quan,Khá liên quan,Khá liên quan,Khá liên quan,Khá liên quan,Khá liên quan,Khá liên quan,Khá liên quan,Khá liên quan,Rất liên quan,Khá liên quan,Khá liên quan,Khá liên quan,Khá liên quan,Khá liên quan
3/25/2026 21:51:59,Nữ,23,Nông thôn,Cao Đẳng/ Đại học,Có,Có,Không,Trung lập,Trung lập,Hoàn toàn không đồng ý,Hoàn toàn không đồng ý,Hoàn toàn không đồng ý,Hoàn toàn không đồng ý,Hoàn toàn không đồng ý,Trung lập,Trung lập,Hoàn toàn không đồng ý,Trung lập,Hoàn toàn không đồng ý,Hoàn toàn không đồng ý,Hoàn toàn không đồng ý,Hoàn toàn không đồng ý,Hoàn toàn không đồng ý,Hoàn toàn không đồng ý,Hoàn toàn không đồng ý,Hoàn toàn không đồng ý,Hoàn toàn không đồng ý,Hoàn toàn không đồng ý,Hoàn toàn không đồng ý,Có hứng thú một chút,Có hứng thú một chút,Có hứng thú một chút,Có hứng thú một chút,Có hứng thú một chút,Có hứng thú một chút,Có hứng thú một chút,Có hứng thú một chút,Có hứng thú một chút,Có hứng thú một chút,Có hứng thú một chút,Có hứng thú một chút,Có hứng thú một chút,Có hứng thú một chút,Có hứng thú một chút,Có hứng thú một chút,Có hứng thú một chút,Có hứng thú một chút,Có hứng thú một chút,Có hứng thú một chút,Hơi liên quan,Hơi liên quan,Hơi liên quan,Hơi liên quan,Hơi liên quan,Hơi liên quan,Hơi liên quan,Hơi liên quan,Hơi liên quan,Hơi liên quan,Hơi liên quan,Hơi liên quan,Hơi liên quan,Hơi liên quan,Hơi liên quan
3/25/2026 21:55:54,Nữ,19,Thành thị,Cao Đẳng/ Đại học,Có,Có,Có,Hoàn toàn không đồng ý,Hoàn toàn không đồng ý,Hoàn toàn không đồng ý,Hoàn toàn không đồng ý,Hoàn toàn không đồng ý,Hoàn toàn không đồng ý,Hoàn toàn không đồng ý,Hoàn toàn không đồng ý,Hoàn toàn không đồng ý,Không đồng ý,Đồng ý,Hoàn toàn không đồng ý,Đồng ý,Đồng ý,Hoàn toàn không đồng ý,Hoàn toàn không đồng ý,Hoàn toàn không đồng ý,Hoàn toàn không đồng ý,Hoàn toàn không đồng ý,Hoàn toàn không đồng ý,Hoàn toàn không đồng ý,Hoàn toàn không đồng ý,Khá quan tâm,Hoàn toàn không quan tâm,Hoàn toàn không quan tâm,Hoàn toàn không quan tâm,Hoàn toàn không quan tâm,Khá quan tâm,Hoàn toàn không quan tâm,Hoàn toàn không quan tâm,Hoàn toàn không quan tâm,Hoàn toàn không quan tâm,Hoàn toàn không quan tâm,Hoàn toàn không quan tâm,Hoàn toàn không quan tâm,Hoàn toàn không quan tâm,Hoàn toàn không quan tâm,Hoàn toàn không quan tâm,Hoàn toàn không quan tâm,Hoàn toàn không quan tâm,Hoàn toàn không quan tâm,Hoàn toàn không quan tâm,Khá liên quan,Hơi liên quan,Khá liên quan,Hơi liên quan,Khá liên quan,Khá liên quan,Hơi liên quan,Khá liên quan,Hơi liên quan,Khá liên quan,Hơi liên quan,Khá liên quan,Hơi liên quan,Khá liên quan,Hơi liên quan
3/25/2026 21:57:39,Nam,24,Thành thị,Cao Đẳng/ Đại học,Có,Có,Không,Đồng ý,Trung lập,Đồng ý,Đồng ý,Hoàn toàn đồng ý,Đồng ý,Hoàn toàn đồng ý,Đồng ý,Hoàn toàn đồng ý,Đồng ý,Đồng ý,Trung lập,Đồng ý,Trung lập,Trung lập,Đồng ý,Trung lập,Đồng ý,Đồng ý,Đồng ý,Đồng ý,Trung lập,Quan tâm ở mức trung bình,Có hứng thú một chút,Hoàn toàn không quan tâm,Có hứng thú một chút,Khá quan tâm,Có hứng thú một chút,Khá quan tâm,Khá quan tâm,Quan tâm ở mức trung bình,Quan tâm ở mức trung bình,Khá quan tâm,Quan tâm ở mức trung bình,Quan tâm ở mức trung bình,Quan tâm ở mức trung bình,Khá quan tâm,Có hứng thú một chút,Quan tâm ở mức trung bình,Quan tâm ở mức trung bình,Khá quan tâm,Quan tâm ở mức trung bình,Khá liên quan,Khá liên quan,Không liên quan,Hơi liên quan,Hơi liên quan,Khá liên quan,Hơi liên quan,Khá liên quan,Khá liên quan,Khá liên quan,Khá liên quan,Khá liên quan,Hơi liên quan,Khá liên quan,Khá liên quan
3/25/2026 22:07:46,Nam,28,Nông thôn,Trung học phổ thông,Có,Có,Có,Hoàn toàn không đồng ý,Hoàn toàn không đồng ý,Hoàn toàn không đồng ý,Hoàn toàn không đồng ý,Hoàn toàn không đồng ý,Hoàn toàn không đồng ý,Hoàn toàn không đồng ý,Hoàn toàn không đồng ý,Hoàn toàn không đồng ý,Hoàn toàn không đồng ý,Hoàn toàn không đồng ý,Hoàn toàn không đồng ý,Hoàn toàn không đồng ý,Hoàn toàn không đồng ý,Hoàn toàn không đồng ý,Hoàn toàn không đồng ý,Hoàn toàn không đồng ý,Hoàn toàn không đồng ý,Hoàn toàn không đồng ý,Hoàn toàn không đồng ý,Hoàn toàn không đồng ý,Hoàn toàn không đồng ý,Có hứng thú một chút,Khá quan tâm,Có hứng thú một chút,Khá quan tâm,Quan tâm ở mức trung bình,Có hứng thú một chút,Quan tâm ở mức trung bình,Rất quan tâm,Hoàn toàn không quan tâm,Hoàn toàn không quan tâm,Rất quan tâm,Rất quan tâm,Hoàn toàn không quan tâm,Hoàn toàn không quan tâm,Khá quan tâm,Có hứng thú một chút,Hoàn toàn không quan tâm,Có hứng thú một chút,Quan tâm ở mức trung bình,Rất quan tâm,Hơi liên quan,Hơi liên quan,Khá liên quan,Không liên quan,Không liên quan,Khá liên quan,Không liên quan,Khá liên quan,Hơi liên quan,Hơi liên quan,Không liên quan,Khá liên quan,Không liên quan,Khá liên quan,Không liên quan
3/25/2026 22:10:14,Nam,23,Thành thị,Cao Đẳng/ Đại học,Có,Không,Không,Trung lập,Hoàn toàn không đồng ý,Trung lập,Đồng ý,Hoàn toàn đồng ý,Hoàn toàn đồng ý,Trung lập,Trung lập,Đồng ý,Hoàn toàn không đồng ý,Trung lập,Đồng ý,Đồng ý,Trung lập,Trung lập,Đồng ý,Không đồng ý,Không đồng ý,Không đồng ý,Không đồng ý,Hoàn toàn không đồng ý,Trung lập,Quan tâm ở mức trung bình,Quan tâm ở mức trung bình,Có hứng thú một chút,Có hứng thú một chút,Quan tâm ở mức trung bình,Quan tâm ở mức trung bình,Có hứng thú một chút,Có hứng thú một chút,Quan tâm ở mức trung bình,Quan tâm ở mức trung bình,Khá quan tâm,Khá quan tâm,Quan tâm ở mức trung bình,Khá quan tâm,Khá quan tâm,Quan tâm ở mức trung bình,Khá quan tâm,Khá quan tâm,Quan tâm ở mức trung bình,Quan tâm ở mức trung bình,Khá liên quan,Hơi liên quan,Rất liên quan,Hơi liên quan,Khá liên quan,Khá liên quan,Hơi liên quan,Khá liên quan,Hơi liên quan,Hơi liên quan,Khá liên quan,Hơi liên quan,Hơi liên quan,Khá liên quan,Hơi liên quan
3/25/2026 22:19:10,Nam,25,Thành thị,Cao Đẳng/ Đại học,Không,Không,Không,Trung lập,Không đồng ý,Trung lập,Trung lập,Đồng ý,Đồng ý,Trung lập,Trung lập,Đồng ý,Trung lập,Không đồng ý,Đồng ý,Trung lập,Trung lập,Trung lập,Đồng ý,Trung lập,Trung lập,Trung lập,Trung lập,Trung lập,Trung lập,Khá quan tâm,Khá quan tâm,Quan tâm ở mức trung bình,Quan tâm ở mức trung bình,Quan tâm ở mức trung bình,Khá quan tâm,Quan tâm ở mức trung bình,Khá quan tâm,Quan tâm ở mức trung bình,Khá quan tâm,Khá quan tâm,Quan tâm ở mức trung bình,Có hứng thú một chút,Có hứng thú một chút,Quan tâm ở mức trung bình,Khá quan tâm,Khá quan tâm,Khá quan tâm,Quan tâm ở mức trung bình,Khá quan tâm,Rất liên quan,Khá liên quan,Khá liên quan,Rất liên quan,Rất liên quan,Khá liên quan,Khá liên quan,Khá liên quan,Rất liên quan,Rất liên quan,Rất liên quan,Rất liên quan,Rất liên quan,Rất liên quan,Khá liên quan
3/25/2026 22:50:41,Nam,29,Nông thôn,Cao Đẳng/ Đại học,Không,Không,Không,Trung lập,Trung lập,Trung lập,Trung lập,Trung lập,Trung lập,Trung lập,Trung lập,Trung lập,Trung lập,Trung lập,Trung lập,Trung lập,Trung lập,Trung lập,Trung lập,Trung lập,Trung lập,Trung lập,Trung lập,Trung lập,Trung lập,Quan tâm ở mức trung bình,Quan tâm ở mức trung bình,Quan tâm ở mức trung bình,Quan tâm ở mức trung bình,Quan tâm ở mức trung bình,Quan tâm ở mức trung bình,Quan tâm ở mức trung bình,Quan tâm ở mức trung bình,Quan tâm ở mức trung bình,Quan tâm ở mức trung bình,Quan tâm ở mức trung bình,Quan tâm ở mức trung bình,Quan tâm ở mức trung bình,Quan tâm ở mức trung bình,Quan tâm ở mức trung bình,Quan tâm ở mức trung bình,Quan tâm ở mức trung bình,Quan tâm ở mức trung bình,Quan tâm ở mức trung bình,Quan tâm ở mức trung bình,Khá liên quan,Hơi liên quan,Khá liên quan,Khá liên quan,Khá liên quan,Khá liên quan,Khá liên quan,Khá liên quan,Hơi liên quan,Hơi liên quan,Khá liên quan,Hơi liên quan,Rất liên quan,Khá liên quan,Khá liên quan
3/25/2026 22:52:32,Nam,22,Nông thôn,Trung học phổ thông,Có,Có,Không,Hoàn toàn không đồng ý,Hoàn toàn đồng ý,Đồng ý,Hoàn toàn không đồng ý,Hoàn toàn đồng ý,Đồng ý,Hoàn toàn đồng ý,Đồng ý,Hoàn toàn không đồng ý,Hoàn toàn đồng ý,Trung lập,Trung lập,Trung lập,Trung lập,Trung lập,Trung lập,Trung lập,Trung lập,Trung lập,Trung lập,Trung lập,Trung lập,Quan tâm ở mức trung bình,Quan tâm ở mức trung bình,Quan tâm ở mức trung bình,Quan tâm ở mức trung bình,Quan tâm ở mức trung bình,Quan tâm ở mức trung bình,Quan tâm ở mức trung bình,Quan tâm ở mức trung bình,Quan tâm ở mức trung bình,Quan tâm ở mức trung bình,Quan tâm ở mức trung bình,Quan tâm ở mức trung bình,Quan tâm ở mức trung bình,Quan tâm ở mức trung bình,Quan tâm ở mức trung bình,Quan tâm ở mức trung bình,Quan tâm ở mức trung bình,Quan tâm ở mức trung bình,Quan tâm ở mức trung bình,Quan tâm ở mức trung bình,Rất liên quan,Khá liên quan,Hơi liên quan,Rất liên quan,Rất liên quan,Rất liên quan,Rất liên quan,Rất liên quan,Rất liên quan,Rất liên quan,Rất liên quan,Rất liên quan,Rất liên quan,Rất liên quan,Rất liên quan
3/25/2026 22:53:11,Nữ,18,Nông thôn,Trung học phổ thông,Có,Có,Không,Đồng ý,Đồng ý,Đồng ý,Đồng ý,Đồng ý,Đồng ý,Đồng ý,Đồng ý,Đồng ý,Đồng ý,Hoàn toàn không đồng ý,Hoàn toàn không đồng ý,Hoàn toàn không đồng ý,Hoàn toàn không đồng ý,Hoàn toàn không đồng ý,Hoàn toàn không đồng ý,Hoàn toàn không đồng ý,Hoàn toàn không đồng ý,Hoàn toàn không đồng ý,Hoàn toàn không đồng ý,Hoàn toàn không đồng ý,Hoàn toàn không đồng ý,Có hứng thú một chút,Quan tâm ở mức trung bình,Có hứng thú một chút,Khá quan tâm,Có hứng thú một chút,Có hứng thú một chút,Quan tâm ở mức trung bình,Quan tâm ở mức trung bình,Quan tâm ở mức trung bình,Có hứng thú một chút,Khá quan tâm,Có hứng thú một chút,Quan tâm ở mức trung bình,Quan tâm ở mức trung bình,Có hứng thú một chút,Có hứng thú một chút,Quan tâm ở mức trung bình,Có hứng thú một chút,Có hứng thú một chút,Có hứng thú một chút,Khá liên quan,Rất liên quan,Hơi liên quan,Khá liên quan,Hơi liên quan,Hơi liên quan,Hơi liên quan,Hơi liên quan,Hơi liên quan,Rất liên quan,Rất liên quan,Rất liên quan,Khá liên quan,Hơi liên quan,Hơi liên quan
3/25/2026 22:55:17,Nữ,22,Thành thị,Cao Đẳng/ Đại học,Có,Có,Không,Đồng ý,Đồng ý,Đồng ý,Đồng ý,Đồng ý,Đồng ý,Đồng ý,Đồng ý,Đồng ý,Đồng ý,Đồng ý,Đồng ý,Đồng ý,Đồng ý,Đồng ý,Đồng ý,Đồng ý,Đồng ý,Đồng ý,Đồng ý,Đồng ý,Đồng ý,Khá quan tâm,Khá quan tâm,Khá quan tâm,Khá quan tâm,Khá quan tâm,Khá quan tâm,Khá quan tâm,Khá quan tâm,Khá quan tâm,Khá quan tâm,Khá quan tâm,Khá quan tâm,Khá quan tâm,Khá quan tâm,Khá quan tâm,Khá quan tâm,Khá quan tâm,Khá quan tâm,Khá quan tâm,Khá quan tâm,Khá liên quan,Khá liên quan,Khá liên quan,Khá liên quan,Khá liên quan,Khá liên quan,Khá liên quan,Khá liên quan,Khá liên quan,Khá liên quan,Khá liên quan,Khá liên quan,Khá liên quan,Khá liên quan,Khá liên quan
3/25/2026 22:58:53,Nữ,29,Thành thị,Cao Đẳng/ Đại học,Có,Có,Có,Hoàn toàn đồng ý,Hoàn toàn đồng ý,Hoàn toàn đồng ý,Hoàn toàn đồng ý,Hoàn toàn đồng ý,Hoàn toàn đồng ý,Hoàn toàn đồng ý,Hoàn toàn đồng ý,Hoàn toàn đồng ý,Hoàn toàn đồng ý,Hoàn toàn đồng ý,Hoàn toàn đồng ý,Hoàn toàn đồng ý,Hoàn toàn đồng ý,Hoàn toàn đồng ý,Hoàn toàn đồng ý,Hoàn toàn đồng ý,Hoàn toàn đồng ý,Hoàn toàn đồng ý,Hoàn toàn đồng ý,Hoàn toàn đồng ý,Hoàn toàn đồng ý,Rất quan tâm,Rất quan tâm,Rất quan tâm,Rất quan tâm,Rất quan tâm,Rất quan tâm,Rất quan tâm,Rất quan tâm,Rất quan tâm,Rất quan tâm,Rất quan tâm,Rất quan tâm,Rất quan tâm,Rất quan tâm,Rất quan tâm,Rất quan tâm,Rất quan tâm,Rất quan tâm,Rất quan tâm,Rất quan tâm,Rất liên quan,Rất liên quan,Rất liên quan,Rất liên quan,Rất liên quan,Rất liên quan,Rất liên quan,Rất liên quan,Rất liên quan,Rất liên quan,Rất liên quan,Rất liên quan,Rất liên quan,Rất liên quan,Rất liên quan
3/25/2026 23:06:53,Nam,30,Nông thôn,Trung học phổ thông,Có,Có,Không,Trung lập,Trung lập,Trung lập,Trung lập,Trung lập,Trung lập,Trung lập,Trung lập,Trung lập,Trung lập,Trung lập,Trung lập,Trung lập,Trung lập,Trung lập,Trung lập,Trung lập,Trung lập,Trung lập,Trung lập,Trung lập,Trung lập,Có hứng thú một chút,Có hứng thú một chút,Có hứng thú một chút,Có hứng thú một chút,Có hứng thú một chút,Có hứng thú một chút,Có hứng thú một chút,Có hứng thú một chút,Có hứng thú một chút,Có hứng thú một chút,Có hứng thú một chút,Có hứng thú một chút,Có hứng thú một chút,Có hứng thú một chút,Có hứng thú một chút,Có hứng thú một chút,Có hứng thú một chút,Có hứng thú một chút,Có hứng thú một chút,Có hứng thú một chút,Rất liên quan,Rất liên quan,Rất liên quan,Rất liên quan,Rất liên quan,Rất liên quan,Rất liên quan,Rất liên quan,Rất liên quan,Rất liên quan,Rất liên quan,Rất liên quan,Rất liên quan,Rất liên quan,Rất liên quan
3/26/2026 6:01:12,Nữ,29,Nông thôn,Trung học phổ thông,Không,Có,Không,Đồng ý,Đồng ý,Đồng ý,Đồng ý,Đồng ý,Đồng ý,Đồng ý,Không đồng ý,Trung lập,Trung lập,Trung lập,Đồng ý,Đồng ý,Đồng ý,Đồng ý,Trung lập,Trung lập,Trung lập,Không đồng ý,Trung lập,Không đồng ý,Không đồng ý,Hoàn toàn không quan tâm,Có hứng thú một chút,Có hứng thú một chút,Có hứng thú một chút,Quan tâm ở mức trung bình,Quan tâm ở mức trung bình,Quan tâm ở mức trung bình,Quan tâm ở mức trung bình,Quan tâm ở mức trung bình,Quan tâm ở mức trung bình,Quan tâm ở mức trung bình,Quan tâm ở mức trung bình,Quan tâm ở mức trung bình,Quan tâm ở mức trung bình,Quan tâm ở mức trung bình,Quan tâm ở mức trung bình,Quan tâm ở mức trung bình,Quan tâm ở mức trung bình,Quan tâm ở mức trung bình,Quan tâm ở mức trung bình,Hơi liên quan,Hơi liên quan,Hơi liên quan,Khá liên quan,Khá liên quan,Khá liên quan,Không liên quan,Không liên quan,Khá liên quan,Hơi liên quan,Khá liên quan,Khá liên quan,Rất liên quan,Khá liên quan,Rất liên quan
3/26/2026 8:23:30,Nữ,30,Thành thị,Cao Đẳng/ Đại học,Có,Có,Không,Không đồng ý,Không đồng ý,Không đồng ý,Không đồng ý,Không đồng ý,Không đồng ý,Không đồng ý,Không đồng ý,Không đồng ý,Không đồng ý,Không đồng ý,Không đồng ý,Không đồng ý,Không đồng ý,Không đồng ý,Không đồng ý,Không đồng ý,Không đồng ý,Không đồng ý,Không đồng ý,Không đồng ý,Không đồng ý,Quan tâm ở mức trung bình,Quan tâm ở mức trung bình,Quan tâm ở mức trung bình,Quan tâm ở mức trung bình,Quan tâm ở mức trung bình,Quan tâm ở mức trung bình,Quan tâm ở mức trung bình,Quan tâm ở mức trung bình,Quan tâm ở mức trung bình,Quan tâm ở mức trung bình,Quan tâm ở mức trung bình,Quan tâm ở mức trung bình,Quan tâm ở mức trung bình,Quan tâm ở mức trung bình,Quan tâm ở mức trung bình,Quan tâm ở mức trung bình,Quan tâm ở mức trung bình,Quan tâm ở mức trung bình,Quan tâm ở mức trung bình,Quan tâm ở mức trung bình,Không liên quan,Không liên quan,Không liên quan,Không liên quan,Không liên quan,Không liên quan,Không liên quan,Không liên quan,Không liên quan,Không liên quan,Không liên quan,Không liên quan,Không liên quan,Không liên quan,Không liên quan
3/26/2026 11:36:48,Nữ,29,Nông thôn,Cao Đẳng/ Đại học,Có,Có,Không,Trung lập,Không đồng ý,Đồng ý,Đồng ý,Đồng ý,Không đồng ý,Không đồng ý,Trung lập,Đồng ý,Đồng ý,Trung lập,Trung lập,Trung lập,Trung lập,Trung lập,Trung lập,Trung lập,Trung lập,Trung lập,Trung lập,Trung lập,Trung lập,Có hứng thú một chút,Có hứng thú một chút,Quan tâm ở mức trung bình,Có hứng thú một chút,Có hứng thú một chút,Có hứng thú một chút,Có hứng thú một chút,Có hứng thú một chút,Có hứng thú một chút,Có hứng thú một chút,Có hứng thú một chút,Có hứng thú một chút,Có hứng thú một chút,Có hứng thú một chút,Có hứng thú một chút,Có hứng thú một chút,Có hứng thú một chút,Có hứng thú một chút,Có hứng thú một chút,Có hứng thú một chút,Hơi liên quan,Hơi liên quan,Hơi liên quan,Hơi liên quan,Hơi liên quan,Hơi liên quan,Hơi liên quan,Hơi liên quan,Hơi liên quan,Hơi liên quan,Hơi liên quan,Hơi liên quan,Hơi liên quan,Hơi liên quan,Hơi liên quan
3/26/2026 12:26:10,Nữ,24,Thành thị,Cao Đẳng/ Đại học,Có,Không,Không,Đồng ý,Không đồng ý,Đồng ý,Đồng ý,Đồng ý,Đồng ý,Đồng ý,Không đồng ý,Không đồng ý,Đồng ý,Trung lập,Đồng ý,Đồng ý,Trung lập,Không đồng ý,Trung lập,Trung lập,Trung lập,Trung lập,Trung lập,Trung lập,Trung lập,Có hứng thú một chút,Quan tâm ở mức trung bình,Quan tâm ở mức trung bình,Quan tâm ở mức trung bình,Quan tâm ở mức trung bình,Quan tâm ở mức trung bình,Quan tâm ở mức trung bình,Quan tâm ở mức trung bình,Quan tâm ở mức trung bình,Quan tâm ở mức trung bình,Quan tâm ở mức trung bình,Quan tâm ở mức trung bình,Quan tâm ở mức trung bình,Quan tâm ở mức trung bình,Quan tâm ở mức trung bình,Quan tâm ở mức trung bình,Quan tâm ở mức trung bình,Quan tâm ở mức trung bình,Quan tâm ở mức trung bình,Quan tâm ở mức trung bình,Khá liên quan,Khá liên quan,Khá liên quan,Khá liên quan,Khá liên quan,Hơi liên quan,Hơi liên quan,Hơi liên quan,Hơi liên quan,Khá liên quan,Khá liên quan,Rất liên quan,Rất liên quan,Khá liên quan,Không liên quan
3/26/2026 12:44:31,Nữ,29,Thành thị,Cao Đẳng/ Đại học,Có,Có,Có,Đồng ý,Trung lập,Trung lập,Đồng ý,Đồng ý,Trung lập,Đồng ý,Trung lập,Đồng ý,Trung lập,Không đồng ý,Trung lập,Đồng ý,Đồng ý,Đồng ý,Đồng ý,Trung lập,Đồng ý,Đồng ý,Trung lập,Trung lập,Trung lập,Có hứng thú một chút,Có hứng thú một chút,Quan tâm ở mức trung bình,Có hứng thú một chút,Có hứng thú một chút,Có hứng thú một chút,Có hứng thú một chút,Có hứng thú một chút,Có hứng thú một chút,Có hứng thú một chút,Khá quan tâm,Có hứng thú một chút,Có hứng thú một chút,Có hứng thú một chút,Có hứng thú một chút,Quan tâm ở mức trung bình,Quan tâm ở mức trung bình,Quan tâm ở mức trung bình,Có hứng thú một chút,Có hứng thú một chút,Hơi liên quan,Khá liên quan,Khá liên quan,Khá liên quan,Khá liên quan,Khá liên quan,Khá liên quan,Khá liên quan,Rất liên quan,Khá liên quan,Khá liên quan,Rất liên quan,Rất liên quan,Rất liên quan,Rất liên quan
3/26/2026 18:23:33,Nam,30,Nông thôn,Trung học phổ thông,Có,Có,Có,Trung lập,Đồng ý,Trung lập,Trung lập,Trung lập,Trung lập,Trung lập,Trung lập,Trung lập,Trung lập,Đồng ý,Trung lập,Trung lập,Trung lập,Trung lập,Trung lập,Trung lập,Trung lập,Trung lập,Trung lập,Trung lập,Trung lập,Rất quan tâm,Khá quan tâm,Khá quan tâm,Khá quan tâm,Khá quan tâm,Khá quan tâm,Quan tâm ở mức trung bình,Khá quan tâm,Khá quan tâm,Khá quan tâm,Quan tâm ở mức trung bình,Quan tâm ở mức trung bình,Quan tâm ở mức trung bình,Quan tâm ở mức trung bình,Quan tâm ở mức trung bình,Quan tâm ở mức trung bình,Quan tâm ở mức trung bình,Quan tâm ở mức trung bình,Quan tâm ở mức trung bình,Quan tâm ở mức trung bình,Khá liên quan,Khá liên quan,Khá liên quan,Rất liên quan,Khá liên quan,Rất liên quan,Không liên quan,Hơi liên quan,Hơi liên quan,Hơi liên quan,Hơi liên quan,Hơi liên quan,Hơi liên quan,Hơi liên quan,Hơi liên quan
3/30/2026 16:35:32,Nữ,23,Nông thôn,Cao Đẳng/ Đại học,Có,Có,Có,Trung lập,Trung lập,Trung lập,Trung lập,Trung lập,Trung lập,Trung lập,Trung lập,Trung lập,Trung lập,Trung lập,Trung lập,Trung lập,Trung lập,Trung lập,Trung lập,Trung lập,Trung lập,Trung lập,Trung lập,Trung lập,Trung lập,Quan tâm ở mức trung bình,Quan tâm ở mức trung bình,Quan tâm ở mức trung bình,Quan tâm ở mức trung bình,Quan tâm ở mức trung bình,Quan tâm ở mức trung bình,Quan tâm ở mức trung bình,Quan tâm ở mức trung bình,Quan tâm ở mức trung bình,Quan tâm ở mức trung bình,Quan tâm ở mức trung bình,Quan tâm ở mức trung bình,Quan tâm ở mức trung bình,Quan tâm ở mức trung bình,Quan tâm ở mức trung bình,Quan tâm ở mức trung bình,Quan tâm ở mức trung bình,Quan tâm ở mức trung bình,Quan tâm ở mức trung bình,Quan tâm ở mức trung bình,Khá liên quan,Khá liên quan,Khá liên quan,Khá liên quan,Khá liên quan,Khá liên quan,Khá liên quan,Khá liên quan,Khá liên quan,Khá liên quan,Khá liên quan,Khá liên quan,Khá liên quan,Khá liên quan,Khá liên quan
3/30/2026 16:37:22,Nam,24,Nông thôn,Cao Đẳng/ Đại học,Không,Không,Không,Trung lập,Trung lập,Đồng ý,Đồng ý,Đồng ý,Trung lập,Đồng ý,Đồng ý,Đồng ý,Đồng ý,Đồng ý,Đồng ý,Đồng ý,Trung lập,Đồng ý,Trung lập,Trung lập,Đồng ý,Đồng ý,Đồng ý,Đồng ý,Đồng ý,Quan tâm ở mức trung bình,Quan tâm ở mức trung bình,Quan tâm ở mức trung bình,Có hứng thú một chút,Quan tâm ở mức trung bình,Quan tâm ở mức trung bình,Có hứng thú một chút,Quan tâm ở mức trung bình,Quan tâm ở mức trung bình,Có hứng thú một chút,Quan tâm ở mức trung bình,Quan tâm ở mức trung bình,Quan tâm ở mức trung bình,Quan tâm ở mức trung bình,Quan tâm ở mức trung bình,Quan tâm ở mức trung bình,Có hứng thú một chút,Quan tâm ở mức trung bình,Quan tâm ở mức trung bình,Có hứng thú một chút,Khá liên quan,Khá liên quan,Khá liên quan,Khá liên quan,Hơi liên quan,Hơi liên quan,Hơi liên quan,Khá liên quan,Khá liên quan,Hơi liên quan,Khá liên quan,Khá liên quan,Khá liên quan,Hơi liên quan,Hơi liên quan
4/2/2026 12:32:54,Nữ,23,Nông thôn,Sau Đại học,Có,Không,Không,Đồng ý,Đồng ý,Đồng ý,Hoàn toàn đồng ý,Đồng ý,Đồng ý,Đồng ý,Đồng ý,Đồng ý,Đồng ý,Không đồng ý,Đồng ý,Trung lập,Đồng ý,Đồng ý,Đồng ý,Đồng ý,Đồng ý,Đồng ý,Đồng ý,Trung lập,Trung lập,Quan tâm ở mức trung bình,Khá quan tâm,Khá quan tâm,Khá quan tâm,Khá quan tâm,Khá quan tâm,Khá quan tâm,Khá quan tâm,Khá quan tâm,Khá quan tâm,Khá quan tâm,Khá quan tâm,Khá quan tâm,Khá quan tâm,Khá quan tâm,Khá quan tâm,Khá quan tâm,Khá quan tâm,Khá quan tâm,Khá quan tâm,Rất liên quan,Rất liên quan,Rất liên quan,Rất liên quan,Rất liên quan,Rất liên quan,Rất liên quan,Rất liên quan,Rất liên quan,Rất liên quan,Rất liên quan,Rất liên quan,Rất liên quan,Rất liên quan,Rất liên quan
4/2/2026 13:39:03,Nam,24,Nông thôn,Cao Đẳng/ Đại học,Có,Không,Không,Đồng ý,Hoàn toàn không đồng ý,Đồng ý,Đồng ý,Đồng ý,Trung lập,Đồng ý,Không đồng ý,Không đồng ý,Không đồng ý,Trung lập,Trung lập,Trung lập,Trung lập,Trung lập,Trung lập,Trung lập,Trung lập,Trung lập,Trung lập,Trung lập,Trung lập,Quan tâm ở mức trung bình,Quan tâm ở mức trung bình,Quan tâm ở mức trung bình,Quan tâm ở mức trung bình,Quan tâm ở mức trung bình,Quan tâm ở mức trung bình,Quan tâm ở mức trung bình,Quan tâm ở mức trung bình,Quan tâm ở mức trung bình,Quan tâm ở mức trung bình,Quan tâm ở mức trung bình,Quan tâm ở mức trung bình,Quan tâm ở mức trung bình,Quan tâm ở mức trung bình,Quan tâm ở mức trung bình,Quan tâm ở mức trung bình,Quan tâm ở mức trung bình,Quan tâm ở mức trung bình,Quan tâm ở mức trung bình,Quan tâm ở mức trung bình,Rất liên quan,Rất liên quan,Rất liên quan,Rất liên quan,Rất liên quan,Rất liên quan,Rất liên quan,Khá liên quan,Khá liên quan,Rất liên quan,Khá liên quan,Rất liên quan,Rất liên quan,Rất liên quan,Khá liên quan
4/2/2026 14:51:30,Nam,23,Thành thị,Cao Đẳng/ Đại học,Có,Không,Không,Hoàn toàn đồng ý,Không đồng ý,Đồng ý,Đồng ý,Đồng ý,Trung lập,Trung lập,Không đồng ý,Đồng ý,Đồng ý,Không đồng ý,Đồng ý,Trung lập,Trung lập,Đồng ý,Đồng ý,Trung lập,Đồng ý,Trung lập,Không đồng ý,Trung lập,Trung lập,Khá quan tâm,Khá quan tâm,Khá quan tâm,Quan tâm ở mức trung bình,Có hứng thú một chút,Có hứng thú một chút,Quan tâm ở mức trung bình,Có hứng thú một chút,Quan tâm ở mức trung bình,Quan tâm ở mức trung bình,Quan tâm ở mức trung bình,Có hứng thú một chút,Có hứng thú một chút,Quan tâm ở mức trung bình,Quan tâm ở mức trung bình,Quan tâm ở mức trung bình,Quan tâm ở mức trung bình,Quan tâm ở mức trung bình,Quan tâm ở mức trung bình,Quan tâm ở mức trung bình,Khá liên quan,Hơi liên quan,Hơi liên quan,Khá liên quan,Khá liên quan,Khá liên quan,Hơi liên quan,Hơi liên quan,Khá liên quan,Khá liên quan,Rất liên quan,Rất liên quan,Rất liên quan,Hơi liên quan,Hơi liên quan
4/2/2026 19:53:19,Nam,24,Thành thị,Cao Đẳng/ Đại học,Có,Có,Không,Hoàn toàn đồng ý,Hoàn toàn đồng ý,Hoàn toàn đồng ý,Hoàn toàn đồng ý,Đồng ý,Hoàn toàn đồng ý,Hoàn toàn đồng ý,Đồng ý,Đồng ý,Đồng ý,Hoàn toàn đồng ý,Đồng ý,Đồng ý,Đồng ý,Đồng ý,Đồng ý,Hoàn toàn đồng ý,Đồng ý,Hoàn toàn đồng ý,Đồng ý,Đồng ý,Đồng ý,Khá quan tâm,Khá quan tâm,Khá quan tâm,Quan tâm ở mức trung bình,Khá quan tâm,Khá quan tâm,Khá quan tâm,Khá quan tâm,Quan tâm ở mức trung bình,Rất quan tâm,Quan tâm ở mức trung bình,Khá quan tâm,Quan tâm ở mức trung bình,Khá quan tâm,Khá quan tâm,Khá quan tâm,Khá quan tâm,Rất quan tâm,Khá quan tâm,Rất quan tâm,Rất liên quan,Khá liên quan,Rất liên quan,Khá liên quan,Rất liên quan,Khá liên quan,Hơi liên quan,Hơi liên quan,Khá liên quan,Rất liên quan,Khá liên quan,Khá liên quan,Rất liên quan,Rất liên quan,Rất liên quan
4/3/2026 21:10:33,Nữ,24,Thành thị,Sau Đại học,Có,Không,Không,Đồng ý,Hoàn toàn không đồng ý,Đồng ý,Đồng ý,Đồng ý,Đồng ý,Đồng ý,Hoàn toàn không đồng ý,Hoàn toàn không đồng ý,Hoàn toàn không đồng ý,Trung lập,Đồng ý,Đồng ý,Không đồng ý,Trung lập,Đồng ý,Đồng ý,Đồng ý,Đồng ý,Đồng ý,Đồng ý,Đồng ý,Có hứng thú một chút,Quan tâm ở mức trung bình,Quan tâm ở mức trung bình,Có hứng thú một chút,Khá quan tâm,Khá quan tâm,Quan tâm ở mức trung bình,Khá quan tâm,Khá quan tâm,Quan tâm ở mức trung bình,Khá quan tâm,Quan tâm ở mức trung bình,Quan tâm ở mức trung bình,Có hứng thú một chút,Có hứng thú một chút,Có hứng thú một chút,Có hứng thú một chút,Quan tâm ở mức trung bình,Có hứng thú một chút,Có hứng thú một chút,Rất liên quan,Rất liên quan,Khá liên quan,Rất liên quan,Rất liên quan,Rất liên quan,Khá liên quan,Khá liên quan,Rất liên quan,Rất liên quan,Rất liên quan,Rất liên quan,Rất liên quan,Rất liên quan,Rất liên quan
4/6/2026 23:16:32,Nam,29,Thành thị,Cao Đẳng/ Đại học,Có,Có,Có,Trung lập,Đồng ý,Đồng ý,Hoàn toàn đồng ý,Đồng ý,Đồng ý,Đồng ý,Hoàn toàn đồng ý,Trung lập,Đồng ý,Không đồng ý,Trung lập,Đồng ý,Trung lập,Đồng ý,Không đồng ý,Trung lập,Đồng ý,Trung lập,Trung lập,Đồng ý,Trung lập,Khá quan tâm,Rất quan tâm,Khá quan tâm,Khá quan tâm,Quan tâm ở mức trung bình,Quan tâm ở mức trung bình,Khá quan tâm,Quan tâm ở mức trung bình,Khá quan tâm,Rất quan tâm,Quan tâm ở mức trung bình,Khá quan tâm,Quan tâm ở mức trung bình,Rất quan tâm,Khá quan tâm,Khá quan tâm,Khá quan tâm,Rất quan tâm,Khá quan tâm,Rất quan tâm,Hơi liên quan,Khá liên quan,Rất liên quan,Rất liên quan,Khá liên quan,Rất liên quan,Hơi liên quan,Khá liên quan,Khá liên quan,Rất liên quan,Khá liên quan,Khá liên quan,Hơi liên quan,Khá liên quan,Khá liên quan
4/6/2026 23:18:44,Nữ,20,Nông thôn,Cao Đẳng/ Đại học,Không,Có,Không,Hoàn toàn không đồng ý,Không đồng ý,Đồng ý,Trung lập,Không đồng ý,Hoàn toàn không đồng ý,Không đồng ý,Không đồng ý,Trung lập,Trung lập,Trung lập,Hoàn toàn không đồng ý,Không đồng ý,Không đồng ý,Trung lập,Không đồng ý,Trung lập,Không đồng ý,Trung lập,Trung lập,Trung lập,Không đồng ý,Có hứng thú một chút,Quan tâm ở mức trung bình,Có hứng thú một chút,Khá quan tâm,Khá quan tâm,Khá quan tâm,Khá quan tâm,Khá quan tâm,Khá quan tâm,Rất quan tâm,Khá quan tâm,Rất quan tâm,Khá quan tâm,Rất quan tâm,Quan tâm ở mức trung bình,Rất quan tâm,Khá quan tâm,Khá quan tâm,Rất quan tâm,Khá quan tâm,Khá liên quan,Hơi liên quan,Khá liên quan,Hơi liên quan,Khá liên quan,Khá liên quan,Hơi liên quan,Không liên quan,Hơi liên quan,Hơi liên quan,Hơi liên quan,Khá liên quan,Hơi liên quan,Không liên quan,Khá liên quan
4/6/2026 23:47:54,Nam,28,Thành thị,Sau Đại học,Có,Có,Không,Đồng ý,Trung lập,Trung lập,Đồng ý,Trung lập,Đồng ý,Trung lập,Đồng ý,Trung lập,Đồng ý,Không đồng ý,Trung lập,Đồng ý,Hoàn toàn đồng ý,Đồng ý,Đồng ý,Hoàn toàn đồng ý,Đồng ý,Đồng ý,Trung lập,Đồng ý,Đồng ý,Quan tâm ở mức trung bình,Có hứng thú một chút,Quan tâm ở mức trung bình,Quan tâm ở mức trung bình,Quan tâm ở mức trung bình,Có hứng thú một chút,Quan tâm ở mức trung bình,Quan tâm ở mức trung bình,Quan tâm ở mức trung bình,Quan tâm ở mức trung bình,Quan tâm ở mức trung bình,Quan tâm ở mức trung bình,Có hứng thú một chút,Quan tâm ở mức trung bình,Quan tâm ở mức trung bình,Có hứng thú một chút,Quan tâm ở mức trung bình,Quan tâm ở mức trung bình,Có hứng thú một chút,Quan tâm ở mức trung bình,Khá liên quan,Hơi liên quan,Khá liên quan,Rất liên quan,Hơi liên quan,Khá liên quan,Hơi liên quan,Hơi liên quan,Khá liên quan,Hơi liên quan,Không liên quan,Hơi liên quan,Hơi liên quan,Rất liên quan,Khá liên quan
4/6/2026 23:50:54,Nữ,19,Thành thị,Trung học phổ thông,Không,Không,Không,Hoàn toàn đồng ý,Hoàn toàn đồng ý,Đồng ý,Đồng ý,Hoàn toàn đồng ý,Đồng ý,Hoàn toàn đồng ý,Đồng ý,Hoàn toàn đồng ý,Đồng ý,Hoàn toàn không đồng ý,Hoàn toàn không đồng ý,Không đồng ý,Hoàn toàn đồng ý,Hoàn toàn đồng ý,Hoàn toàn đồng ý,Hoàn toàn đồng ý,Hoàn toàn đồng ý,Đồng ý,Đồng ý,Hoàn toàn đồng ý,Đồng ý,Rất quan tâm,Khá quan tâm,Rất quan tâm,Rất quan tâm,Khá quan tâm,Quan tâm ở mức trung bình,Khá quan tâm,Khá quan tâm,Rất quan tâm,Rất quan tâm,Khá quan tâm,Khá quan tâm,Khá quan tâm,Rất quan tâm,Rất quan tâm,Khá quan tâm,Khá quan tâm,Rất quan tâm,Khá quan tâm,Rất quan tâm,Rất liên quan,Khá liên quan,Rất liên quan,Rất liên quan,Rất liên quan,Khá liên quan,Khá liên quan,Khá liên quan,Khá liên quan,Rất liên quan,Rất liên quan,Rất liên quan,Khá liên quan,Rất liên quan,Rất liên quan
4/7/2026 0:03:12,Nam,23,Nông thôn,Cao Đẳng/ Đại học,Không,Có,Không,Đồng ý,Đồng ý,Trung lập,Đồng ý,Trung lập,Đồng ý,Đồng ý,Trung lập,Đồng ý,Đồng ý,Đồng ý,Trung lập,Trung lập,Đồng ý,Đồng ý,Đồng ý,Trung lập,Đồng ý,Trung lập,Đồng ý,Đồng ý,Trung lập,Quan tâm ở mức trung bình,Quan tâm ở mức trung bình,Quan tâm ở mức trung bình,Khá quan tâm,Khá quan tâm,Khá quan tâm,Khá quan tâm,Khá quan tâm,Quan tâm ở mức trung bình,Khá quan tâm,Khá quan tâm,Khá quan tâm,Khá quan tâm,Khá quan tâm,Khá quan tâm,Quan tâm ở mức trung bình,Khá quan tâm,Khá quan tâm,Khá quan tâm,Khá quan tâm,Rất liên quan,Khá liên quan,Khá liên quan,Khá liên quan,Rất liên quan,Rất liên quan,Rất liên quan,Rất liên quan,Khá liên quan,Khá liên quan,Khá liên quan,Khá liên quan,Khá liên quan,Rất liên quan,Rất liên quan
4/7/2026 0:04:51,Nam,24,Thành thị,Cao Đẳng/ Đại học,Có,Có,Không,Đồng ý,Trung lập,Đồng ý,Trung lập,Trung lập,Trung lập,Đồng ý,Đồng ý,Đồng ý,Đồng ý,Trung lập,Đồng ý,Đồng ý,Đồng ý,Đồng ý,Trung lập,Đồng ý,Đồng ý,Trung lập,Đồng ý,Đồng ý,Đồng ý,Quan tâm ở mức trung bình,Quan tâm ở mức trung bình,Quan tâm ở mức trung bình,Khá quan tâm,Khá quan tâm,Khá quan tâm,Khá quan tâm,Khá quan tâm,Quan tâm ở mức trung bình,Quan tâm ở mức trung bình,Khá quan tâm,Khá quan tâm,Khá quan tâm,Khá quan tâm,Quan tâm ở mức trung bình,Khá quan tâm,Khá quan tâm,Quan tâm ở mức trung bình,Quan tâm ở mức trung bình,Quan tâm ở mức trung bình,Rất liên quan,Rất liên quan,Khá liên quan,Khá liên quan,Khá liên quan,Rất liên quan,Rất liên quan,Rất liên quan,Rất liên quan,Rất liên quan,Khá liên quan,Khá liên quan,Khá liên quan,Rất liên quan,Rất liên quan
4/7/2026 0:06:20,Nam,24,Thành thị,Cao Đẳng/ Đại học,Có,Có,Không,Hoàn toàn đồng ý,Đồng ý,Đồng ý,Đồng ý,Đồng ý,Đồng ý,Đồng ý,Trung lập,Trung lập,Trung lập,Đồng ý,Trung lập,Đồng ý,Trung lập,Đồng ý,Đồng ý,Đồng ý,Đồng ý,Trung lập,Đồng ý,Đồng ý,Đồng ý,Khá quan tâm,Khá quan tâm,Khá quan tâm,Khá quan tâm,Quan tâm ở mức trung bình,Quan tâm ở mức trung bình,Khá quan tâm,Khá quan tâm,Khá quan tâm,Khá quan tâm,Khá quan tâm,Khá quan tâm,Khá quan tâm,Có hứng thú một chút,Có hứng thú một chút,Khá quan tâm,Khá quan tâm,Khá quan tâm,Khá quan tâm,Khá quan tâm,Khá liên quan,Khá liên quan,Rất liên quan,Rất liên quan,Rất liên quan,Khá liên quan,Khá liên quan,Khá liên quan,Khá liên quan,Rất liên quan,Rất liên quan,Rất liên quan,Rất liên quan,Rất liên quan,Rất liên quan
4/7/2026 8:05:57,Nữ,23,Thành thị,Cao Đẳng/ Đại học,Có,Có,Có,Hoàn toàn không đồng ý,Trung lập,Không đồng ý,Trung lập,Đồng ý,Đồng ý,Trung lập,Đồng ý,Trung lập,Không đồng ý,Không đồng ý,Đồng ý,Đồng ý,Không đồng ý,Trung lập,Không đồng ý,Đồng ý,Không đồng ý,Đồng ý,Không đồng ý,Đồng ý,Trung lập,Quan tâm ở mức trung bình,Khá quan tâm,Khá quan tâm,Quan tâm ở mức trung bình,Quan tâm ở mức trung bình,Khá quan tâm,Rất quan tâm,Quan tâm ở mức trung bình,Rất quan tâm,Khá quan tâm,Quan tâm ở mức trung bình,Khá quan tâm,Khá quan tâm,Quan tâm ở mức trung bình,Quan tâm ở mức trung bình,Rất quan tâm,Khá quan tâm,Quan tâm ở mức trung bình,Khá quan tâm,Khá quan tâm,Rất liên quan,Khá liên quan,Rất liên quan,Rất liên quan,Rất liên quan,Khá liên quan,Rất liên quan,Rất liên quan,Rất liên quan,Hơi liên quan,Rất liên quan,Rất liên quan,Rất liên quan,Rất liên quan,Rất liên quan
4/7/2026 8:07:55,Nam,23,Nông thôn,Cao Đẳng/ Đại học,Không,Không,Không,Hoàn toàn không đồng ý,Hoàn toàn không đồng ý,Hoàn toàn không đồng ý,Không đồng ý,Hoàn toàn không đồng ý,Hoàn toàn không đồng ý,Hoàn toàn không đồng ý,Hoàn toàn đồng ý,Không đồng ý,Đồng ý,Đồng ý,Trung lập,Đồng ý,Đồng ý,Đồng ý,Đồng ý,Không đồng ý,Đồng ý,Trung lập,Đồng ý,Đồng ý,Trung lập,Có hứng thú một chút,Quan tâm ở mức trung bình,Quan tâm ở mức trung bình,Có hứng thú một chút,Quan tâm ở mức trung bình,Có hứng thú một chút,Khá quan tâm,Có hứng thú một chút,Khá quan tâm,Quan tâm ở mức trung bình,Quan tâm ở mức trung bình,Khá quan tâm,Có hứng thú một chút,Khá quan tâm,Quan tâm ở mức trung bình,Khá quan tâm,Quan tâm ở mức trung bình,Khá quan tâm,Quan tâm ở mức trung bình,Khá quan tâm,Rất liên quan,Khá liên quan,Khá liên quan,Khá liên quan,Rất liên quan,Khá liên quan,Khá liên quan,Rất liên quan,Khá liên quan,Khá liên quan,Rất liên quan,Khá liên quan,Khá liên quan,Hơi liên quan,Khá liên quan
4/7/2026 17:19:59,Nữ,18,Thành thị,Cao Đẳng/ Đại học,Có,Có,Có,Đồng ý,Đồng ý,Đồng ý,Đồng ý,Đồng ý,Đồng ý,Đồng ý,Không đồng ý,Trung lập,Trung lập,Trung lập,Trung lập,Trung lập,Trung lập,Trung lập,Trung lập,Trung lập,Trung lập,Trung lập,Trung lập,Trung lập,Trung lập,Quan tâm ở mức trung bình,Quan tâm ở mức trung bình,Quan tâm ở mức trung bình,Quan tâm ở mức trung bình,Quan tâm ở mức trung bình,Quan tâm ở mức trung bình,Quan tâm ở mức trung bình,Quan tâm ở mức trung bình,Quan tâm ở mức trung bình,Quan tâm ở mức trung bình,Quan tâm ở mức trung bình,Quan tâm ở mức trung bình,Quan tâm ở mức trung bình,Quan tâm ở mức trung bình,Quan tâm ở mức trung bình,Quan tâm ở mức trung bình,Quan tâm ở mức trung bình,Quan tâm ở mức trung bình,Quan tâm ở mức trung bình,Quan tâm ở mức trung bình,Khá liên quan,Khá liên quan,Khá liên quan,Khá liên quan,Khá liên quan,Khá liên quan,Khá liên quan,Khá liên quan,Khá liên quan,Khá liên quan,Khá liên quan,Khá liên quan,Khá liên quan,Khá liên quan,Khá liên quan
4/7/2026 17:22:48,Nam,19,Thành thị,Cao Đẳng/ Đại học,Không,Có,Không,Trung lập,Trung lập,Trung lập,Đồng ý,Trung lập,Trung lập,Trung lập,Trung lập,Trung lập,Trung lập,Trung lập,Trung lập,Trung lập,Trung lập,Trung lập,Trung lập,Trung lập,Trung lập,Trung lập,Trung lập,Trung lập,Trung lập,Khá quan tâm,Khá quan tâm,Khá quan tâm,Khá quan tâm,Khá quan tâm,Khá quan tâm,Khá quan tâm,Khá quan tâm,Khá quan tâm,Khá quan tâm,Khá quan tâm,Khá quan tâm,Khá quan tâm,Khá quan tâm,Khá quan tâm,Khá quan tâm,Khá quan tâm,Khá quan tâm,Khá quan tâm,Khá quan tâm,Khá liên quan,Khá liên quan,Khá liên quan,Khá liên quan,Khá liên quan,Khá liên quan,Khá liên quan,Khá liên quan,Khá liên quan,Khá liên quan,Khá liên quan,Khá liên quan,Khá liên quan,Khá liên quan,Khá liên quan
4/7/2026 17:22:57,Nữ,26,Nông thôn,Cao Đẳng/ Đại học,Có,Có,Có,Trung lập,Trung lập,Trung lập,Trung lập,Trung lập,Đồng ý,Trung lập,Không đồng ý,Trung lập,Trung lập,Không đồng ý,Không đồng ý,Trung lập,Trung lập,Trung lập,Trung lập,Đồng ý,Đồng ý,Đồng ý,Đồng ý,Đồng ý,Trung lập,Quan tâm ở mức trung bình,Có hứng thú một chút,Quan tâm ở mức trung bình,Có hứng thú một chút,Quan tâm ở mức trung bình,Quan tâm ở mức trung bình,Quan tâm ở mức trung bình,Có hứng thú một chút,Quan tâm ở mức trung bình,Có hứng thú một chút,Quan tâm ở mức trung bình,Quan tâm ở mức trung bình,Có hứng thú một chút,Quan tâm ở mức trung bình,Có hứng thú một chút,Quan tâm ở mức trung bình,Quan tâm ở mức trung bình,Có hứng thú một chút,Quan tâm ở mức trung bình,Có hứng thú một chút,Khá liên quan,Hơi liên quan,Khá liên quan,Khá liên quan,Rất liên quan,Hơi liên quan,Khá liên quan,Khá liên quan,Khá liên quan,Khá liên quan,Khá liên quan,Khá liên quan,Khá liên quan,Khá liên quan,Khá liên quan
4/7/2026 17:24:32,Nữ,20,Thành thị,Trung học phổ thông,Có,Có,Có,Đồng ý,Hoàn toàn đồng ý,Đồng ý,Hoàn toàn đồng ý,Đồng ý,Hoàn toàn đồng ý,Đồng ý,Đồng ý,Đồng ý,Hoàn toàn đồng ý,Đồng ý,Đồng ý,Đồng ý,Trung lập,Đồng ý,Đồng ý,Trung lập,Đồng ý,Đồng ý,Trung lập,Đồng ý,Trung lập,Khá quan tâm,Quan tâm ở mức trung bình,Khá quan tâm,Quan tâm ở mức trung bình,Khá quan tâm,Quan tâm ở mức trung bình,Khá quan tâm,Khá quan tâm,Quan tâm ở mức trung bình,Khá quan tâm,Quan tâm ở mức trung bình,Khá quan tâm,Quan tâm ở mức trung bình,Khá quan tâm,Quan tâm ở mức trung bình,Khá quan tâm,Quan tâm ở mức trung bình,Khá quan tâm,Quan tâm ở mức trung bình,Khá quan tâm,Rất liên quan,Rất liên quan,Khá liên quan,Rất liên quan,Khá liên quan,Rất liên quan,Khá liên quan,Rất liên quan,Khá liên quan,Rất liên quan,Khá liên quan,Rất liên quan,Khá liên quan,Rất liên quan,Khá liên quan
4/7/2026 17:25:36,Nữ,22,Thành thị,Cao Đẳng/ Đại học,Có,Có,Không,Trung lập,Trung lập,Đồng ý,Đồng ý,Đồng ý,Trung lập,Trung lập,Không đồng ý,Đồng ý,Hoàn toàn đồng ý,Đồng ý,Đồng ý,Trung lập,Đồng ý,Đồng ý,Đồng ý,Đồng ý,Đồng ý,Đồng ý,Đồng ý,Đồng ý,Đồng ý,Khá quan tâm,Khá quan tâm,Khá quan tâm,Khá quan tâm,Khá quan tâm,Quan tâm ở mức trung bình,Khá quan tâm,Khá quan tâm,Khá quan tâm,Khá quan tâm,Khá quan tâm,Khá quan tâm,Khá quan tâm,Khá quan tâm,Khá quan tâm,Khá quan tâm,Khá quan tâm,Khá quan tâm,Khá quan tâm,Khá quan tâm,Rất liên quan,Rất liên quan,Rất liên quan,Rất liên quan,Rất liên quan,Rất liên quan,Rất liên quan,Rất liên quan,Rất liên quan,Rất liên quan,Rất liên quan,Rất liên quan,Rất liên quan,Rất liên quan,Rất liên quan
4/7/2026 17:25:45,Nam,20,Nông thôn,Trung học phổ thông,Không,Không,Không,Hoàn toàn không đồng ý,Hoàn toàn không đồng ý,Hoàn toàn không đồng ý,Trung lập,Không đồng ý,Không đồng ý,Không đồng ý,Đồng ý,Đồng ý,Đồng ý,Trung lập,Trung lập,Trung lập,Trung lập,Trung lập,Trung lập,Trung lập,Trung lập,Trung lập,Trung lập,Trung lập,Trung lập,Có hứng thú một chút,Có hứng thú một chút,Có hứng thú một chút,Có hứng thú một chút,Có hứng thú một chút,Có hứng thú một chút,Có hứng thú một chút,Có hứng thú một chút,Có hứng thú một chút,Có hứng thú một chút,Có hứng thú một chút,Có hứng thú một chút,Có hứng thú một chút,Có hứng thú một chút,Có hứng thú một chút,Có hứng thú một chút,Có hứng thú một chút,Có hứng thú một chút,Có hứng thú một chút,Có hứng thú một chút,Khá liên quan,Khá liên quan,Khá liên quan,Khá liên quan,Khá liên quan,Khá liên quan,Khá liên quan,Khá liên quan,Khá liên quan,Khá liên quan,Khá liên quan,Khá liên quan,Khá liên quan,Khá liên quan,Khá liên quan
4/7/2026 17:27:09,Nữ,19,Nông thôn,Cao Đẳng/ Đại học,Có,Có,Không,Đồng ý,Đồng ý,Đồng ý,Đồng ý,Hoàn toàn đồng ý,Trung lập,Trung lập,Không đồng ý,Không đồng ý,Đồng ý,Trung lập,Đồng ý,Đồng ý,Đồng ý,Trung lập,Trung lập,Đồng ý,Đồng ý,Không đồng ý,Không đồng ý,Trung lập,Trung lập,Quan tâm ở mức trung bình,Quan tâm ở mức trung bình,Có hứng thú một chút,Quan tâm ở mức trung bình,Có hứng thú một chút,Quan tâm ở mức trung bình,Quan tâm ở mức trung bình,Quan tâm ở mức trung bình,Quan tâm ở mức trung bình,Quan tâm ở mức trung bình,Quan tâm ở mức trung bình,Có hứng thú một chút,Có hứng thú một chút,Có hứng thú một chút,Có hứng thú một chút,Quan tâm ở mức trung bình,Khá quan tâm,Khá quan tâm,Có hứng thú một chút,Có hứng thú một chút,Rất liên quan,Khá liên quan,Rất liên quan,Rất liên quan,Rất liên quan,Khá liên quan,Khá liên quan,Khá liên quan,Khá liên quan,Rất liên quan,Rất liên quan,Rất liên quan,Rất liên quan,Hơi liên quan,Hơi liên quan
4/7/2026 17:27:14,Nam,22,Thành thị,Cao Đẳng/ Đại học,Có,Không,Không,Trung lập,Đồng ý,Trung lập,Đồng ý,Hoàn toàn đồng ý,Trung lập,Đồng ý,Đồng ý,Không đồng ý,Trung lập,Đồng ý,Hoàn toàn đồng ý,Hoàn toàn đồng ý,Không đồng ý,Hoàn toàn không đồng ý,Không đồng ý,Không đồng ý,Hoàn toàn không đồng ý,Không đồng ý,Hoàn toàn không đồng ý,Trung lập,Hoàn toàn không đồng ý,Có hứng thú một chút,Quan tâm ở mức trung bình,Có hứng thú một chút,Khá quan tâm,Khá quan tâm,Rất quan tâm,Khá quan tâm,Khá quan tâm,Có hứng thú một chút,Có hứng thú một chút,Quan tâm ở mức trung bình,Quan tâm ở mức trung bình,Có hứng thú một chút,Khá quan tâm,Hoàn toàn không quan tâm,Quan tâm ở mức trung bình,Khá quan tâm,Khá quan tâm,Khá quan tâm,Khá quan tâm,Rất liên quan,Rất liên quan,Rất liên quan,Rất liên quan,Rất liên quan,Hơi liên quan,Không liên quan,Khá liên quan,Không liên quan,Khá liên quan,Rất liên quan,Rất liên quan,Rất liên quan,Rất liên quan,Không liên quan
4/7/2026 17:27:46,Nữ,21,Nông thôn,Cao Đẳng/ Đại học,Có,Có,Có,Trung lập,Trung lập,Trung lập,Trung lập,Đồng ý,Trung lập,Trung lập,Không đồng ý,Không đồng ý,Đồng ý,Không đồng ý,Trung lập,Trung lập,Trung lập,Đồng ý,Đồng ý,Đồng ý,Đồng ý,Trung lập,Không đồng ý,Không đồng ý,Trung lập,Có hứng thú một chút,Có hứng thú một chút,Có hứng thú một chút,Có hứng thú một chút,Có hứng thú một chút,Có hứng thú một chút,Hoàn toàn không quan tâm,Hoàn toàn không quan tâm,Có hứng thú một chút,Có hứng thú một chút,Quan tâm ở mức trung bình,Có hứng thú một chút,Hoàn toàn không quan tâm,Hoàn toàn không quan tâm,Hoàn toàn không quan tâm,Hoàn toàn không quan tâm,Hoàn toàn không quan tâm,Hoàn toàn không quan tâm,Hoàn toàn không quan tâm,Hoàn toàn không quan tâm,Khá liên quan,Hơi liên quan,Hơi liên quan,Hơi liên quan,Hơi liên quan,Hơi liên quan,Không liên quan,Không liên quan,Không liên quan,Không liên quan,Khá liên quan,Khá liên quan,Khá liên quan,Khá liên quan,Không liên quan
4/10/2026 20:20:35,Nam,24,Nông thôn,Trung học phổ thông,Không,Không,Không,Hoàn toàn không đồng ý,Hoàn toàn không đồng ý,Hoàn toàn không đồng ý,Hoàn toàn không đồng ý,Hoàn toàn không đồng ý,Hoàn toàn không đồng ý,Hoàn toàn không đồng ý,Hoàn toàn đồng ý,Hoàn toàn đồng ý,Hoàn toàn đồng ý,Hoàn toàn không đồng ý,Hoàn toàn đồng ý,Hoàn toàn đồng ý,Trung lập,Trung lập,Đồng ý,Không đồng ý,Trung lập,Không đồng ý,Trung lập,Không đồng ý,Hoàn toàn không đồng ý,Hoàn toàn không quan tâm,Hoàn toàn không quan tâm,Hoàn toàn không quan tâm,Hoàn toàn không quan tâm,Hoàn toàn không quan tâm,Hoàn toàn không quan tâm,Hoàn toàn không quan tâm,Hoàn toàn không quan tâm,Hoàn toàn không quan tâm,Hoàn toàn không quan tâm,Hoàn toàn không quan tâm,Hoàn toàn không quan tâm,Hoàn toàn không quan tâm,Hoàn toàn không quan tâm,Hoàn toàn không quan tâm,Hoàn toàn không quan tâm,Hoàn toàn không quan tâm,Hoàn toàn không quan tâm,Hoàn toàn không quan tâm,Hoàn toàn không quan tâm,Rất liên quan,Rất liên quan,Khá liên quan,Khá liên quan,Khá liên quan,Rất liên quan,Không liên quan,Hơi liên quan,Rất liên quan,Hơi liên quan,Hơi liên quan,Rất liên quan,Rất liên quan,Rất liên quan,Không liên quan
4/14/2026 19:57:51,Nữ,27,Nông thôn,Trung học phổ thông,Không,Không,Không,Hoàn toàn không đồng ý,Hoàn toàn không đồng ý,Không đồng ý,Trung lập,Không đồng ý,Không đồng ý,Đồng ý,Không đồng ý,Trung lập,Trung lập,Đồng ý,Hoàn toàn đồng ý,Không đồng ý,Trung lập,Đồng ý,Không đồng ý,Trung lập,Đồng ý,Trung lập,Không đồng ý,Đồng ý,Đồng ý,Khá quan tâm,Khá quan tâm,Quan tâm ở mức trung bình,Khá quan tâm,Khá quan tâm,Khá quan tâm,Khá quan tâm,Khá quan tâm,Khá quan tâm,Khá quan tâm,Khá quan tâm,Khá quan tâm,Khá quan tâm,Khá quan tâm,Khá quan tâm,Khá quan tâm,Rất quan tâm,Khá quan tâm,Khá quan tâm,Quan tâm ở mức trung bình,Khá liên quan,Rất liên quan,Khá liên quan,Rất liên quan,Rất liên quan,Rất liên quan,Hơi liên quan,Khá liên quan,Khá liên quan,Khá liên quan,Rất liên quan,Rất liên quan,Rất liên quan,Không liên quan,Không liên quan
4/18/2026 14:53:55,Nữ,28,Thành thị,Cao Đẳng/ Đại học,Có,Có,Có,Hoàn toàn đồng ý,Hoàn toàn đồng ý,Đồng ý,Hoàn toàn đồng ý,Trung lập,Hoàn toàn đồng ý,Đồng ý,Hoàn toàn đồng ý,Đồng ý,Đồng ý,Hoàn toàn đồng ý,Hoàn toàn đồng ý,Hoàn toàn đồng ý,Hoàn toàn đồng ý,Đồng ý,Hoàn toàn đồng ý,Hoàn toàn đồng ý,Hoàn toàn đồng ý,Hoàn toàn đồng ý,Hoàn toàn đồng ý,Đồng ý,Hoàn toàn đồng ý,Rất quan tâm,Rất quan tâm,Có hứng thú một chút,Có hứng thú một chút,Hoàn toàn không quan tâm,Hoàn toàn không quan tâm,Khá quan tâm,Khá quan tâm,Rất quan tâm,Rất quan tâm,Rất quan tâm,Rất quan tâm,Hoàn toàn không quan tâm,Quan tâm ở mức trung bình,Quan tâm ở mức trung bình,Hoàn toàn không quan tâm,Hoàn toàn không quan tâm,Hoàn toàn không quan tâm,Quan tâm ở mức trung bình,Hoàn toàn không quan tâm,Rất liên quan,Rất liên quan,Khá liên quan,Rất liên quan,Rất liên quan,Rất liên quan,Hơi liên quan,Rất liên quan,Rất liên quan,Rất liên quan,Rất liên quan,Rất liên quan,Rất liên quan,Rất liên quan,Rất liên quan
4/21/2026 12:44:35,Nam,25,Nông thôn,Cao Đẳng/ Đại học,Có,Có,Không,Đồng ý,Trung lập,Hoàn toàn đồng ý,Đồng ý,Hoàn toàn đồng ý,Trung lập,Đồng ý,Trung lập,Đồng ý,Hoàn toàn đồng ý,Trung lập,Đồng ý,Trung lập,Hoàn toàn đồng ý,Đồng ý,Đồng ý,Hoàn toàn đồng ý,Trung lập,Đồng ý,Hoàn toàn đồng ý,Đồng ý,Trung lập,Khá quan tâm,Quan tâm ở mức trung bình,Khá quan tâm,Khá quan tâm,Khá quan tâm,Quan tâm ở mức trung bình,Quan tâm ở mức trung bình,Quan tâm ở mức trung bình,Khá quan tâm,Khá quan tâm,Quan tâm ở mức trung bình,Quan tâm ở mức trung bình,Quan tâm ở mức trung bình,Khá quan tâm,Quan tâm ở mức trung bình,Có hứng thú một chút,Có hứng thú một chút,Quan tâm ở mức trung bình,Quan tâm ở mức trung bình,Có hứng thú một chút,Rất liên quan,Khá liên quan,Khá liên quan,Hơi liên quan,Khá liên quan,Khá liên quan,Hơi liên quan,Hơi liên quan,Khá liên quan,Khá liên quan,Hơi liên quan,Hơi liên quan,Khá liên quan,Khá liên quan,Khá liên quan
4/22/2026 22:42:53,Nữ,22,Nông thôn,Cao Đẳng/ Đại học,Có,Có,Không,Trung lập,Đồng ý,Đồng ý,Trung lập,Trung lập,Đồng ý,Đồng ý,Trung lập,Trung lập,Trung lập,Đồng ý,Trung lập,Đồng ý,Trung lập,Trung lập,Trung lập,Trung lập,Đồng ý,Đồng ý,Đồng ý,Đồng ý,Đồng ý,Quan tâm ở mức trung bình,Khá quan tâm,Khá quan tâm,Khá quan tâm,Khá quan tâm,Quan tâm ở mức trung bình,Quan tâm ở mức trung bình,Quan tâm ở mức trung bình,Quan tâm ở mức trung bình,Quan tâm ở mức trung bình,Quan tâm ở mức trung bình,Quan tâm ở mức trung bình,Khá quan tâm,Khá quan tâm,Quan tâm ở mức trung bình,Quan tâm ở mức trung bình,Quan tâm ở mức trung bình,Khá quan tâm,Khá quan tâm,Khá quan tâm,Khá liên quan,Khá liên quan,Khá liên quan,Khá liên quan,Khá liên quan,Hơi liên quan,Khá liên quan,Khá liên quan,Hơi liên quan,Hơi liên quan,Khá liên quan,Hơi liên quan,Hơi liên quan,Khá liên quan,Khá liên quan
4/22/2026 22:47:00,Nam,26,Thành thị,Sau Đại học,Có,Có,Có,Đồng ý,Đồng ý,Hoàn toàn đồng ý,Hoàn toàn đồng ý,Đồng ý,Đồng ý,Đồng ý,Đồng ý,Hoàn toàn đồng ý,Đồng ý,Đồng ý,Đồng ý,Đồng ý,Trung lập,Đồng ý,Trung lập,Trung lập,Trung lập,Đồng ý,Trung lập,Đồng ý,Đồng ý,Quan tâm ở mức trung bình,Khá quan tâm,Khá quan tâm,Rất quan tâm,Khá quan tâm,Khá quan tâm,Khá quan tâm,Rất quan tâm,Khá quan tâm,Khá quan tâm,Khá quan tâm,Rất quan tâm,Rất quan tâm,Khá quan tâm,Khá quan tâm,Khá quan tâm,Khá quan tâm,Khá quan tâm,Khá quan tâm,Rất quan tâm,Khá liên quan,Rất liên quan,Rất liên quan,Rất liên quan,Rất liên quan,Khá liên quan,Khá liên quan,Rất liên quan,Rất liên quan,Khá liên quan,Khá liên quan,Khá liên quan,Rất liên quan,Rất liên quan,Khá liên quan
4/22/2026 22:54:18,Nữ,24,Nông thôn,Sau Đại học,Có,Không,Không,Đồng ý,Trung lập,Trung lập,Đồng ý,Trung lập,Đồng ý,Đồng ý,Trung lập,Trung lập,Đồng ý,Đồng ý,Trung lập,Trung lập,Trung lập,Đồng ý,Trung lập,Trung lập,Đồng ý,Đồng ý,Đồng ý,Đồng ý,Đồng ý,Quan tâm ở mức trung bình,Quan tâm ở mức trung bình,Quan tâm ở mức trung bình,Quan tâm ở mức trung bình,Quan tâm ở mức trung bình,Quan tâm ở mức trung bình,Quan tâm ở mức trung bình,Quan tâm ở mức trung bình,Quan tâm ở mức trung bình,Khá quan tâm,Khá quan tâm,Quan tâm ở mức trung bình,Khá quan tâm,Khá quan tâm,Quan tâm ở mức trung bình,Khá quan tâm,Quan tâm ở mức trung bình,Quan tâm ở mức trung bình,Quan tâm ở mức trung bình,Quan tâm ở mức trung bình,Khá liên quan,Khá liên quan,Khá liên quan,Khá liên quan,Hơi liên quan,Hơi liên quan,Hơi liên quan,Hơi liên quan,Hơi liên quan,Hơi liên quan,Hơi liên quan,Hơi liên quan,Khá liên quan,Khá liên quan,Khá liên quan
4/22/2026 22:56:28,Nam,30,Nông thôn,Sau Đại học,Có,Có,Có,Đồng ý,Hoàn toàn đồng ý,Đồng ý,Đồng ý,Đồng ý,Đồng ý,Đồng ý,Đồng ý,Đồng ý,Đồng ý,Đồng ý,Trung lập,Trung lập,Đồng ý,Hoàn toàn đồng ý,Hoàn toàn đồng ý,Đồng ý,Đồng ý,Đồng ý,Đồng ý,Hoàn toàn đồng ý,Đồng ý,Khá quan tâm,Khá quan tâm,Rất quan tâm,Khá quan tâm,Khá quan tâm,Rất quan tâm,Khá quan tâm,Khá quan tâm,Khá quan tâm,Khá quan tâm,Khá quan tâm,Khá quan tâm,Khá quan tâm,Khá quan tâm,Rất quan tâm,Khá quan tâm,Khá quan tâm,Khá quan tâm,Khá quan tâm,Khá quan tâm,Khá liên quan,Rất liên quan,Rất liên quan,Rất liên quan,Khá liên quan,Khá liên quan,Khá liên quan,Khá liên quan,Khá liên quan,Rất liên quan,Khá liên quan,Khá liên quan,Khá liên quan,Khá liên quan,Khá liên quan
4/22/2026 23:41:38,Nữ,24,Nông thôn,Cao Đẳng/ Đại học,Có,Có,Không,Trung lập,Đồng ý,Đồng ý,Đồng ý,Đồng ý,Đồng ý,Trung lập,Đồng ý,Đồng ý,Trung lập,Trung lập,Đồng ý,Trung lập,Đồng ý,Đồng ý,Đồng ý,Trung lập,Đồng ý,Trung lập,Đồng ý,Trung lập,Đồng ý,Quan tâm ở mức trung bình,Khá quan tâm,Quan tâm ở mức trung bình,Quan tâm ở mức trung bình,Khá quan tâm,Quan tâm ở mức trung bình,Khá quan tâm,Khá quan tâm,Khá quan tâm,Quan tâm ở mức trung bình,Quan tâm ở mức trung bình,Quan tâm ở mức trung bình,Quan tâm ở mức trung bình,Khá quan tâm,Khá quan tâm,Khá quan tâm,Quan tâm ở mức trung bình,Quan tâm ở mức trung bình,Khá quan tâm,Khá quan tâm,Khá liên quan,Khá liên quan,Hơi liên quan,Hơi liên quan,Hơi liên quan,Khá liên quan,Khá liên quan,Khá liên quan,Hơi liên quan,Hơi liên quan,Hơi liên quan,Khá liên quan,Khá liên quan,Khá liên quan,Khá liên quan
4/22/2026 23:52:20,Nam,19,Thành thị,Cao Đẳng/ Đại học,Có,Không,Không,Đồng ý,Đồng ý,Trung lập,Đồng ý,Trung lập,Đồng ý,Trung lập,Trung lập,Trung lập,Trung lập,Đồng ý,Đồng ý,Trung lập,Trung lập,Trung lập,Trung lập,Đồng ý,Đồng ý,Đồng ý,Trung lập,Trung lập,Đồng ý,Khá quan tâm,Khá quan tâm,Quan tâm ở mức trung bình,Khá quan tâm,Khá quan tâm,Quan tâm ở mức trung bình,Quan tâm ở mức trung bình,Quan tâm ở mức trung bình,Quan tâm ở mức trung bình,Khá quan tâm,Khá quan tâm,Khá quan tâm,Quan tâm ở mức trung bình,Quan tâm ở mức trung bình,Khá quan tâm,Khá quan tâm,Khá quan tâm,Khá quan tâm,Quan tâm ở mức trung bình,Quan tâm ở mức trung bình,Khá liên quan,Khá liên quan,Hơi liên quan,Hơi liên quan,Hơi liên quan,Khá liên quan,Khá liên quan,Hơi liên quan,Hơi liên quan,Khá liên quan,Khá liên quan,Khá liên quan,Khá liên quan,Khá liên quan,Hơi liên quan
4/22/2026 23:52:45,Nữ,23,Nông thôn,Cao Đẳng/ Đại học,Có,Có,Có,Hoàn toàn đồng ý,Đồng ý,Hoàn toàn đồng ý,Hoàn toàn đồng ý,Đồng ý,Hoàn toàn đồng ý,Hoàn toàn đồng ý,Hoàn toàn đồng ý,Hoàn toàn đồng ý,Đồng ý,Đồng ý,Trung lập,Hoàn toàn đồng ý,Đồng ý,Hoàn toàn đồng ý,Đồng ý,Hoàn toàn đồng ý,Đồng ý,Hoàn toàn đồng ý,Đồng ý,Hoàn toàn đồng ý,Trung lập,Rất quan tâm,Khá quan tâm,Quan tâm ở mức trung bình,Rất quan tâm,Khá quan tâm,Quan tâm ở mức trung bình,Rất quan tâm,Khá quan tâm,Rất quan tâm,Rất quan tâm,Rất quan tâm,Khá quan tâm,Rất quan tâm,Khá quan tâm,Rất quan tâm,Khá quan tâm,Rất quan tâm,Khá quan tâm,Rất quan tâm,Khá quan tâm,Rất liên quan,Rất liên quan,Khá liên quan,Rất liên quan,Rất liên quan,Rất liên quan,Khá liên quan,Rất liên quan,Rất liên quan,Khá liên quan,Rất liên quan,Rất liên quan,Khá liên quan,Rất liên quan,Khá liên quan
4/22/2026 23:54:28,Nữ,23,Thành thị,Cao Đẳng/ Đại học,Có,Có,Có,Đồng ý,Hoàn toàn đồng ý,Đồng ý,Hoàn toàn đồng ý,Đồng ý,Hoàn toàn đồng ý,Đồng ý,Hoàn toàn đồng ý,Đồng ý,Hoàn toàn đồng ý,Hoàn toàn đồng ý,Đồng ý,Đồng ý,Hoàn toàn đồng ý,Hoàn toàn đồng ý,Đồng ý,Hoàn toàn đồng ý,Đồng ý,Hoàn toàn đồng ý,Hoàn toàn đồng ý,Đồng ý,Hoàn toàn đồng ý,Rất quan tâm,Rất quan tâm,Khá quan tâm,Rất quan tâm,Khá quan tâm,Rất quan tâm,Khá quan tâm,Rất quan tâm,Khá quan tâm,Rất quan tâm,Rất quan tâm,Khá quan tâm,Rất quan tâm,Khá quan tâm,Rất quan tâm,Khá quan tâm,Rất quan tâm,Khá quan tâm,Rất quan tâm,Khá quan tâm,Rất liên quan,Rất liên quan,Khá liên quan,Rất liên quan,Rất liên quan,Rất liên quan,Khá liên quan,Rất liên quan,Khá liên quan,Rất liên quan,Khá liên quan,Hơi liên quan,Rất liên quan,Khá liên quan,Rất liên quan
4/22/2026 23:56:10,Nam,20,Nông thôn,Trung học phổ thông,Có,Không,Không,Đồng ý,Đồng ý,Đồng ý,Hoàn toàn đồng ý,Hoàn toàn đồng ý,Đồng ý,Hoàn toàn đồng ý,Hoàn toàn đồng ý,Đồng ý,Hoàn toàn đồng ý,Đồng ý,Trung lập,Hoàn toàn đồng ý,Đồng ý,Hoàn toàn đồng ý,Đồng ý,Trung lập,Hoàn toàn đồng ý,Hoàn toàn đồng ý,Hoàn toàn đồng ý,Hoàn toàn đồng ý,Hoàn toàn đồng ý,Khá quan tâm,Rất quan tâm,Khá quan tâm,Quan tâm ở mức trung bình,Rất quan tâm,Khá quan tâm,Rất quan tâm,Khá quan tâm,Quan tâm ở mức trung bình,Rất quan tâm,Rất quan tâm,Rất quan tâm,Khá quan tâm,Rất quan tâm,Rất quan tâm,Rất quan tâm,Khá quan tâm,Rất quan tâm,Khá quan tâm,Khá quan tâm,Rất liên quan,Rất liên quan,Rất liên quan,Rất liên quan,Khá liên quan,Rất liên quan,Rất liên quan,Khá liên quan,Rất liên quan,Rất liên quan,Rất liên quan,Rất liên quan,Rất liên quan,Hơi liên quan,Rất liên quan
4/23/2026 0:00:32,Nam,25,Nông thôn,Cao Đẳng/ Đại học,Có,Có,Không,Hoàn toàn đồng ý,Đồng ý,Hoàn toàn đồng ý,Hoàn toàn đồng ý,Hoàn toàn đồng ý,Hoàn toàn đồng ý,Hoàn toàn đồng ý,Hoàn toàn đồng ý,Đồng ý,Đồng ý,Hoàn toàn đồng ý,Đồng ý,Hoàn toàn đồng ý,Hoàn toàn đồng ý,Hoàn toàn đồng ý,Đồng ý,Hoàn toàn đồng ý,Đồng ý,Hoàn toàn đồng ý,Hoàn toàn đồng ý,Hoàn toàn đồng ý,Hoàn toàn đồng ý,Rất quan tâm,Khá quan tâm,Rất quan tâm,Khá quan tâm,Khá quan tâm,Khá quan tâm,Khá quan tâm,Rất quan tâm,Rất quan tâm,Khá quan tâm,Khá quan tâm,Khá quan tâm,Rất quan tâm,Khá quan tâm,Rất quan tâm,Rất quan tâm,Rất quan tâm,Rất quan tâm,Rất quan tâm,Rất quan tâm,Rất liên quan,Rất liên quan,Rất liên quan,Rất liên quan,Rất liên quan,Khá liên quan,Rất liên quan,Rất liên quan,Rất liên quan,Rất liên quan,Khá liên quan,Khá liên quan,Rất liên quan,Rất liên quan,Rất liên quan
4/23/2026 0:02:14,Nữ,21,Thành thị,Trung học phổ thông,Có,Có,Không,Hoàn toàn đồng ý,Đồng ý,Hoàn toàn đồng ý,Hoàn toàn đồng ý,Đồng ý,Hoàn toàn đồng ý,Đồng ý,Hoàn toàn đồng ý,Hoàn toàn đồng ý,Hoàn toàn đồng ý,Đồng ý,Đồng ý,Hoàn toàn đồng ý,Đồng ý,Hoàn toàn đồng ý,Đồng ý,Hoàn toàn đồng ý,Hoàn toàn đồng ý,Đồng ý,Hoàn toàn đồng ý,Đồng ý,Hoàn toàn đồng ý,Khá quan tâm,Khá quan tâm,Rất quan tâm,Khá quan tâm,Rất quan tâm,Khá quan tâm,Rất quan tâm,Khá quan tâm,Rất quan tâm,Khá quan tâm,Rất quan tâm,Khá quan tâm,Rất quan tâm,Rất quan tâm,Rất quan tâm,Rất quan tâm,Khá quan tâm,Rất quan tâm,Rất quan tâm,Rất quan tâm,Rất liên quan,Rất liên quan,Rất liên quan,Rất liên quan,Khá liên quan,Rất liên quan,Khá liên quan,Rất liên quan,Rất liên quan,Khá liên quan,Rất liên quan,Rất liên quan,Khá liên quan,Rất liên quan,Rất liên quan
4/23/2026 0:03:46,Nam,26,Nông thôn,Sau Đại học,Có,Không,Không,Hoàn toàn đồng ý,Hoàn toàn đồng ý,Hoàn toàn đồng ý,Hoàn toàn đồng ý,Đồng ý,Đồng ý,Đồng ý,Đồng ý,Đồng ý,Đồng ý,Hoàn toàn đồng ý,Hoàn toàn đồng ý,Đồng ý,Hoàn toàn đồng ý,Đồng ý,Hoàn toàn đồng ý,Đồng ý,Hoàn toàn đồng ý,Đồng ý,Hoàn toàn đồng ý,Hoàn toàn đồng ý,Hoàn toàn đồng ý,Rất quan tâm,Rất quan tâm,Rất quan tâm,Rất quan tâm,Khá quan tâm,Khá quan tâm,Khá quan tâm,Rất quan tâm,Rất quan tâm,Rất quan tâm,Khá quan tâm,Khá quan tâm,Rất quan tâm,Rất quan tâm,Khá quan tâm,Rất quan tâm,Rất quan tâm,Rất quan tâm,Khá quan tâm,Rất quan tâm,Rất liên quan,Rất liên quan,Rất liên quan,Rất liên quan,Rất liên quan,Khá liên quan,Khá liên quan,Khá liên quan,Khá liên quan,Khá liên quan,Rất liên quan,Rất liên quan,Khá liên quan,Rất liên quan,Khá liên quan
4/23/2026 0:07:17,Nữ,25,Thành thị,Trung học phổ thông,Không,Không,Không,Hoàn toàn đồng ý,Hoàn toàn đồng ý,Hoàn toàn đồng ý,Hoàn toàn đồng ý,Hoàn toàn đồng ý,Đồng ý,Đồng ý,Hoàn toàn đồng ý,Đồng ý,Hoàn toàn đồng ý,Hoàn toàn đồng ý,Hoàn toàn đồng ý,Đồng ý,Hoàn toàn đồng ý,Đồng ý,Hoàn toàn đồng ý,Trung lập,Đồng ý,Đồng ý,Đồng ý,Hoàn toàn đồng ý,Hoàn toàn đồng ý,Khá quan tâm,Rất quan tâm,Khá quan tâm,Quan tâm ở mức trung bình,Khá quan tâm,Khá quan tâm,Khá quan tâm,Rất quan tâm,Rất quan tâm,Rất quan tâm,Rất quan tâm,Khá quan tâm,Khá quan tâm,Rất quan tâm,Khá quan tâm,Rất quan tâm,Khá quan tâm,Rất quan tâm,Khá quan tâm,Rất quan tâm,Rất liên quan,Rất liên quan,Rất liên quan,Rất liên quan,Khá liên quan,Rất liên quan,Rất liên quan,Khá liên quan,Rất liên quan,Khá liên quan,Khá liên quan,Rất liên quan,Rất liên quan,Rất liên quan,Khá liên quan
4/23/2026 0:08:40,Nữ,22,Nông thôn,Trung học phổ thông,Có,Không,Không,Đồng ý,Đồng ý,Đồng ý,Đồng ý,Đồng ý,Hoàn toàn đồng ý,Hoàn toàn đồng ý,Hoàn toàn đồng ý,Đồng ý,Hoàn toàn đồng ý,Đồng ý,Đồng ý,Trung lập,Hoàn toàn đồng ý,Hoàn toàn đồng ý,Hoàn toàn đồng ý,Hoàn toàn đồng ý,Hoàn toàn đồng ý,Đồng ý,Hoàn toàn đồng ý,Đồng ý,Hoàn toàn đồng ý,Rất quan tâm,Khá quan tâm,Rất quan tâm,Khá quan tâm,Rất quan tâm,Khá quan tâm,Rất quan tâm,Rất quan tâm,Rất quan tâm,Khá quan tâm,Quan tâm ở mức trung bình,Khá quan tâm,Khá quan tâm,Khá quan tâm,Khá quan tâm,Khá quan tâm,Rất quan tâm,Rất quan tâm,Rất quan tâm,Rất quan tâm,Rất liên quan,Khá liên quan,Khá liên quan,Khá liên quan,Khá liên quan,Khá liên quan,Khá liên quan,Khá liên quan,Rất liên quan,Rất liên quan,Rất liên quan,Rất liên quan,Rất liên quan,Khá liên quan,Rất liên quan
4/23/2026 0:10:14,Nữ,20,Nông thôn,Trung học phổ thông,Không,Không,Không,Đồng ý,Đồng ý,Đồng ý,Đồng ý,Hoàn toàn đồng ý,Hoàn toàn đồng ý,Hoàn toàn đồng ý,Hoàn toàn đồng ý,Hoàn toàn đồng ý,Hoàn toàn đồng ý,Đồng ý,Đồng ý,Hoàn toàn đồng ý,Đồng ý,Hoàn toàn đồng ý,Đồng ý,Hoàn toàn đồng ý,Hoàn toàn đồng ý,Hoàn toàn đồng ý,Đồng ý,Hoàn toàn đồng ý,Hoàn toàn đồng ý,Rất quan tâm,Khá quan tâm,Rất quan tâm,Khá quan tâm,Rất quan tâm,Khá quan tâm,Rất quan tâm,Khá quan tâm,Rất quan tâm,Khá quan tâm,Khá quan tâm,Khá quan tâm,Khá quan tâm,Khá quan tâm,Rất quan tâm,Khá quan tâm,Rất quan tâm,Rất quan tâm,Khá quan tâm,Khá quan tâm,Rất liên quan,Rất liên quan,Rất liên quan,Khá liên quan,Khá liên quan,Khá liên quan,Khá liên quan,Rất liên quan,Rất liên quan,Rất liên quan,Khá liên quan,Khá liên quan,Khá liên quan,Rất liên quan,Rất liên quan
4/23/2026 0:11:37,Nữ,21,Nông thôn,Trung học phổ thông,Có,Có,Có,Hoàn toàn đồng ý,Đồng ý,Hoàn toàn đồng ý,Đồng ý,Hoàn toàn đồng ý,Hoàn toàn đồng ý,Hoàn toàn đồng ý,Hoàn toàn đồng ý,Hoàn toàn đồng ý,Hoàn toàn đồng ý,Đồng ý,Hoàn toàn đồng ý,Đồng ý,Hoàn toàn đồng ý,Đồng ý,Đồng ý,Đồng ý,Đồng ý,Đồng ý,Đồng ý,Hoàn toàn đồng ý,Đồng ý,Rất quan tâm,Khá quan tâm,Rất quan tâm,Khá quan tâm,Rất quan tâm,Khá quan tâm,Rất quan tâm,Rất quan tâm,Rất quan tâm,Rất quan tâm,Rất quan tâm,Rất quan tâm,Rất quan tâm,Khá quan tâm,Rất quan tâm,Khá quan tâm,Khá quan tâm,Khá quan tâm,Khá quan tâm,Khá quan tâm,Rất liên quan,Rất liên quan,Khá liên quan,Khá liên quan,Khá liên quan,Rất liên quan,Khá liên quan,Rất liên quan,Khá liên quan,Rất liên quan,Khá liên quan,Khá liên quan,Rất liên quan,Rất liên quan,Rất liên quan
4/23/2026 0:13:09,Nữ,19,Thành thị,Trung học phổ thông,Không,Không,Không,Đồng ý,Hoàn toàn đồng ý,Đồng ý,Hoàn toàn đồng ý,Hoàn toàn đồng ý,Hoàn toàn đồng ý,Hoàn toàn đồng ý,Hoàn toàn đồng ý,Hoàn toàn đồng ý,Hoàn toàn đồng ý,Hoàn toàn đồng ý,Hoàn toàn đồng ý,Hoàn toàn đồng ý,Hoàn toàn đồng ý,Đồng ý,Đồng ý,Đồng ý,Hoàn toàn đồng ý,Hoàn toàn đồng ý,Hoàn toàn đồng ý,Hoàn toàn đồng ý,Hoàn toàn đồng ý,Rất quan tâm,Khá quan tâm,Khá quan tâm,Khá quan tâm,Khá quan tâm,Rất quan tâm,Rất quan tâm,Rất quan tâm,Rất quan tâm,Rất quan tâm,Rất quan tâm,Khá quan tâm,Rất quan tâm,Rất quan tâm,Rất quan tâm,Rất quan tâm,Rất quan tâm,Khá quan tâm,Rất quan tâm,Rất quan tâm,Khá liên quan,Khá liên quan,Khá liên quan,Khá liên quan,Khá liên quan,Khá liên quan,Khá liên quan,Rất liên quan,Rất liên quan,Rất liên quan,Rất liên quan,Khá liên quan,Khá liên quan,Khá liên quan,Rất liên quan
4/23/2026 0:14:39,Nữ,21,Thành thị,Trung học cơ sở,Không,Không,Không,Trung lập,Trung lập,Trung lập,Trung lập,Trung lập,Trung lập,Trung lập,Đồng ý,Đồng ý,Đồng ý,Đồng ý,Trung lập,Đồng ý,Trung lập,Trung lập,Đồng ý,Đồng ý,Đồng ý,Đồng ý,Đồng ý,Hoàn toàn đồng ý,Hoàn toàn đồng ý,Khá quan tâm,Rất quan tâm,Khá quan tâm,Khá quan tâm,Khá quan tâm,Khá quan tâm,Rất quan tâm,Rất quan tâm,Khá quan tâm,Rất quan tâm,Rất quan tâm,Khá quan tâm,Khá quan tâm,Khá quan tâm,Khá quan tâm,Khá quan tâm,Khá quan tâm,Rất quan tâm,Rất quan tâm,Rất quan tâm,Khá liên quan,Khá liên quan,Khá liên quan,Khá liên quan,Khá liên quan,Rất liên quan,Rất liên quan,Khá liên quan,Khá liên quan,Rất liên quan,Khá liên quan,Rất liên quan,Khá liên quan,Khá liên quan,Khá liên quan
4/23/2026 0:16:09,Nam,22,Nông thôn,Trung học phổ thông,Không,Không,Không,Đồng ý,Đồng ý,Đồng ý,Đồng ý,Đồng ý,Đồng ý,Đồng ý,Đồng ý,Hoàn toàn đồng ý,Hoàn toàn đồng ý,Trung lập,Trung lập,Trung lập,Trung lập,Đồng ý,Đồng ý,Hoàn toàn đồng ý,Hoàn toàn đồng ý,Hoàn toàn đồng ý,Hoàn toàn đồng ý,Hoàn toàn đồng ý,Hoàn toàn đồng ý,Quan tâm ở mức trung bình,Khá quan tâm,Khá quan tâm,Khá quan tâm,Khá quan tâm,Rất quan tâm,Khá quan tâm,Khá quan tâm,Rất quan tâm,Khá quan tâm,Rất quan tâm,Rất quan tâm,Rất quan tâm,Khá quan tâm,Rất quan tâm,Khá quan tâm,Rất quan tâm,Rất quan tâm,Rất quan tâm,Khá quan tâm,Khá liên quan,Rất liên quan,Khá liên quan,Khá liên quan,Rất liên quan,Khá liên quan,Hơi liên quan,Rất liên quan,Rất liên quan,Khá liên quan,Rất liên quan,Rất liên quan,Rất liên quan,Rất liên quan,Rất liên quan
4/23/2026 0:17:58,Nữ,25,Thành thị,Cao Đẳng/ Đại học,Có,Có,Có,Đồng ý,Hoàn toàn đồng ý,Hoàn toàn đồng ý,Đồng ý,Hoàn toàn đồng ý,Đồng ý,Hoàn toàn đồng ý,Hoàn toàn đồng ý,Đồng ý,Hoàn toàn đồng ý,Hoàn toàn đồng ý,Đồng ý,Đồng ý,Hoàn toàn đồng ý,Đồng ý,Hoàn toàn đồng ý,Đồng ý,Hoàn toàn đồng ý,Hoàn toàn đồng ý,Hoàn toàn đồng ý,Đồng ý,Hoàn toàn đồng ý,Rất quan tâm,Khá quan tâm,Rất quan tâm,Rất quan tâm,Khá quan tâm,Rất quan tâm,Rất quan tâm,Rất quan tâm,Khá quan tâm,Rất quan tâm,Khá quan tâm,Rất quan tâm,Rất quan tâm,Khá quan tâm,Rất quan tâm,Khá quan tâm,Rất quan tâm,Khá quan tâm,Rất quan tâm,Rất quan tâm,Rất liên quan,Khá liên quan,Rất liên quan,Rất liên quan,Khá liên quan,Rất liên quan,Khá liên quan,Khá liên quan,Rất liên quan,Rất liên quan,Rất liên quan,Rất liên quan,Rất liên quan,Khá liên quan,Rất liên quan
4/23/2026 0:19:22,Nữ,22,Nông thôn,Trung học phổ thông,Có,Có,Có,Đồng ý,Hoàn toàn đồng ý,Đồng ý,Hoàn toàn đồng ý,Hoàn toàn đồng ý,Hoàn toàn đồng ý,Hoàn toàn đồng ý,Hoàn toàn đồng ý,Hoàn toàn đồng ý,Hoàn toàn đồng ý,Hoàn toàn đồng ý,Đồng ý,Hoàn toàn đồng ý,Đồng ý,Hoàn toàn đồng ý,Hoàn toàn đồng ý,Hoàn toàn đồng ý,Đồng ý,Đồng ý,Hoàn toàn đồng ý,Hoàn toàn đồng ý,Đồng ý,Rất quan tâm,Rất quan tâm,Rất quan tâm,Rất quan tâm,Khá quan tâm,Khá quan tâm,Rất quan tâm,Khá quan tâm,Khá quan tâm,Rất quan tâm,Khá quan tâm,Quan tâm ở mức trung bình,Rất quan tâm,Khá quan tâm,Rất quan tâm,Khá quan tâm,Rất quan tâm,Khá quan tâm,Rất quan tâm,Rất quan tâm,Rất liên quan,Rất liên quan,Rất liên quan,Khá liên quan,Rất liên quan,Khá liên quan,Rất liên quan,Rất liên quan,Rất liên quan,Khá liên quan,Rất liên quan,Khá liên quan,Khá liên quan,Khá liên quan,Rất liên quan
4/23/2026 0:20:44,Nữ,24,Nông thôn,Trung học phổ thông,Có,Có,Không,Đồng ý,Hoàn toàn đồng ý,Đồng ý,Hoàn toàn đồng ý,Hoàn toàn đồng ý,Đồng ý,Hoàn toàn đồng ý,Đồng ý,Hoàn toàn đồng ý,Hoàn toàn đồng ý,Hoàn toàn đồng ý,Đồng ý,Hoàn toàn đồng ý,Đồng ý,Hoàn toàn đồng ý,Hoàn toàn đồng ý,Hoàn toàn đồng ý,Hoàn toàn đồng ý,Đồng ý,Hoàn toàn đồng ý,Hoàn toàn đồng ý,Đồng ý,Khá quan tâm,Rất quan tâm,Khá quan tâm,Khá quan tâm,Khá quan tâm,Rất quan tâm,Rất quan tâm,Khá quan tâm,Rất quan tâm,Khá quan tâm,Rất quan tâm,Khá quan tâm,Rất quan tâm,Khá quan tâm,Rất quan tâm,Khá quan tâm,Rất quan tâm,Khá quan tâm,Rất quan tâm,Rất quan tâm,Khá liên quan,Rất liên quan,Khá liên quan,Khá liên quan,Khá liên quan,Rất liên quan,Khá liên quan,Rất liên quan,Rất liên quan,Hơi liên quan,Rất liên quan,Rất liên quan,Rất liên quan,Khá liên quan,Khá liên quan
4/23/2026 0:22:24,Nữ,22,Nông thôn,Trung học phổ thông,Có,Không,Không,Đồng ý,Hoàn toàn đồng ý,Đồng ý,Hoàn toàn đồng ý,Đồng ý,Đồng ý,Đồng ý,Đồng ý,Hoàn toàn đồng ý,Đồng ý,Hoàn toàn đồng ý,Đồng ý,Đồng ý,Đồng ý,Hoàn toàn đồng ý,Hoàn toàn đồng ý,Hoàn toàn đồng ý,Đồng ý,Hoàn toàn đồng ý,Đồng ý,Hoàn toàn đồng ý,Hoàn toàn đồng ý,Khá quan tâm,Khá quan tâm,Rất quan tâm,Rất quan tâm,Khá quan tâm,Khá quan tâm,Rất quan tâm,Rất quan tâm,Khá quan tâm,Rất quan tâm,Rất quan tâm,Rất quan tâm,Khá quan tâm,Khá quan tâm,Khá quan tâm,Rất quan tâm,Rất quan tâm,Khá quan tâm,Rất quan tâm,Rất quan tâm,Rất liên quan,Rất liên quan,Rất liên quan,Rất liên quan,Rất liên quan,Khá liên quan,Rất liên quan,Rất liên quan,Rất liên quan,Rất liên quan,Rất liên quan,Rất liên quan,Rất liên quan,Hơi liên quan,Hơi liên quan
4/23/2026 0:23:41,Nam,20,Nông thôn,Trung học phổ thông,Có,Có,Có,Đồng ý,Đồng ý,Đồng ý,Đồng ý,Đồng ý,Đồng ý,Đồng ý,Đồng ý,Đồng ý,Đồng ý,Đồng ý,Đồng ý,Đồng ý,Đồng ý,Đồng ý,Hoàn toàn đồng ý,Hoàn toàn đồng ý,Hoàn toàn đồng ý,Hoàn toàn đồng ý,Hoàn toàn đồng ý,Hoàn toàn đồng ý,Hoàn toàn đồng ý,Rất quan tâm,Khá quan tâm,Rất quan tâm,Rất quan tâm,Rất quan tâm,Khá quan tâm,Rất quan tâm,Khá quan tâm,Rất quan tâm,Rất quan tâm,Rất quan tâm,Rất quan tâm,Khá quan tâm,Khá quan tâm,Khá quan tâm,Khá quan tâm,Khá quan tâm,Khá quan tâm,Rất quan tâm,Rất quan tâm,Khá liên quan,Khá liên quan,Khá liên quan,Khá liên quan,Rất liên quan,Rất liên quan,Khá liên quan,Rất liên quan,Rất liên quan,Rất liên quan,Rất liên quan,Khá liên quan,Rất liên quan,Khá liên quan,Rất liên quan
4/23/2026 0:25:16,Nam,22,Thành thị,Trung học phổ thông,Có,Có,Có,Đồng ý,Đồng ý,Hoàn toàn đồng ý,Hoàn toàn đồng ý,Hoàn toàn đồng ý,Đồng ý,Hoàn toàn đồng ý,Hoàn toàn đồng ý,Đồng ý,Hoàn toàn đồng ý,Đồng ý,Hoàn toàn đồng ý,Hoàn toàn đồng ý,Hoàn toàn đồng ý,Đồng ý,Hoàn toàn đồng ý,Hoàn toàn đồng ý,Đồng ý,Hoàn toàn đồng ý,Hoàn toàn đồng ý,Hoàn toàn đồng ý,Đồng ý,Rất quan tâm,Khá quan tâm,Rất quan tâm,Rất quan tâm,Rất quan tâm,Rất quan tâm,Rất quan tâm,Rất quan tâm,Rất quan tâm,Rất quan tâm,Rất quan tâm,Khá quan tâm,Rất quan tâm,Rất quan tâm,Rất quan tâm,Khá quan tâm,Rất quan tâm,Khá quan tâm,Rất quan tâm,Khá quan tâm,Khá liên quan,Khá liên quan,Khá liên quan,Khá liên quan,Khá liên quan,Rất liên quan,Khá liên quan,Khá liên quan,Khá liên quan,Rất liên quan,Rất liên quan,Rất liên quan,Rất liên quan,Hơi liên quan,Hơi liên quan
4/23/2026 0:26:50,Nữ,22,Nông thôn,Trung học phổ thông,Có,Có,Có,Đồng ý,Đồng ý,Đồng ý,Hoàn toàn đồng ý,Hoàn toàn đồng ý,Đồng ý,Hoàn toàn đồng ý,Đồng ý,Đồng ý,Đồng ý,Hoàn toàn đồng ý,Đồng ý,Hoàn toàn đồng ý,Hoàn toàn đồng ý,Hoàn toàn đồng ý,Đồng ý,Hoàn toàn đồng ý,Đồng ý,Hoàn toàn đồng ý,Đồng ý,Đồng ý,Đồng ý,Khá quan tâm,Khá quan tâm,Rất quan tâm,Khá quan tâm,Rất quan tâm,Khá quan tâm,Rất quan tâm,Khá quan tâm,Rất quan tâm,Khá quan tâm,Khá quan tâm,Rất quan tâm,Rất quan tâm,Rất quan tâm,Rất quan tâm,Rất quan tâm,Khá quan tâm,Rất quan tâm,Khá quan tâm,Rất quan tâm,Khá liên quan,Rất liên quan,Khá liên quan,Khá liên quan,Khá liên quan,Rất liên quan,Khá liên quan,Khá liên quan,Rất liên quan,Rất liên quan,Rất liên quan,Rất liên quan,Rất liên quan,Hơi liên quan,Khá liên quan
4/23/2026 0:28:47,Nam,23,Nông thôn,Cao Đẳng/ Đại học,Có,Có,Có,Đồng ý,Đồng ý,Đồng ý,Đồng ý,Hoàn toàn đồng ý,Đồng ý,Hoàn toàn đồng ý,Đồng ý,Hoàn toàn đồng ý,Đồng ý,Trung lập,Đồng ý,Trung lập,Đồng ý,Trung lập,Đồng ý,Đồng ý,Đồng ý,Đồng ý,Đồng ý,Đồng ý,Đồng ý,Rất quan tâm,Khá quan tâm,Rất quan tâm,Khá quan tâm,Khá quan tâm,Khá quan tâm,Khá quan tâm,Khá quan tâm,Khá quan tâm,Khá quan tâm,Khá quan tâm,Khá quan tâm,Khá quan tâm,Khá quan tâm,Khá quan tâm,Khá quan tâm,Khá quan tâm,Rất quan tâm,Khá quan tâm,Khá quan tâm,Rất liên quan,Rất liên quan,Rất liên quan,Rất liên quan,Khá liên quan,Rất liên quan,Rất liên quan,Khá liên quan,Rất liên quan,Khá liên quan,Rất liên quan,Rất liên quan,Rất liên quan,Rất liên quan,Rất liên quan
4/23/2026 1:57:46,Nữ,21,Nông thôn,Cao Đẳng/ Đại học,Không,Không,Không,Đồng ý,Trung lập,Trung lập,Đồng ý,Trung lập,Trung lập,Trung lập,Trung lập,Trung lập,Đồng ý,Đồng ý,Trung lập,Trung lập,Trung lập,Trung lập,Trung lập,Đồng ý,Đồng ý,Trung lập,Trung lập,Đồng ý,Đồng ý,Khá quan tâm,Khá quan tâm,Khá quan tâm,Quan tâm ở mức trung bình,Quan tâm ở mức trung bình,Quan tâm ở mức trung bình,Khá quan tâm,Khá quan tâm,Khá quan tâm,Khá quan tâm,Khá quan tâm,Khá quan tâm,Quan tâm ở mức trung bình,Quan tâm ở mức trung bình,Quan tâm ở mức trung bình,Quan tâm ở mức trung bình,Khá quan tâm,Khá quan tâm,Khá quan tâm,Khá quan tâm,Khá liên quan,Khá liên quan,Hơi liên quan,Hơi liên quan,Khá liên quan,Khá liên quan,Khá liên quan,Khá liên quan,Khá liên quan,Khá liên quan,Khá liên quan,Khá liên quan,Hơi liên quan,Hơi liên quan,Rất liên quan
4/23/2026 11:48:20,Nam,28,Thành thị,Sau Đại học,Có,Có,Không,Không đồng ý,Không đồng ý,Trung lập,Trung lập,Trung lập,Trung lập,Trung lập,Trung lập,Trung lập,Trung lập,Không đồng ý,Trung lập,Đồng ý,Trung lập,Đồng ý,Trung lập,Trung lập,Trung lập,Trung lập,Không đồng ý,Không đồng ý,Không đồng ý,Có hứng thú một chút,Có hứng thú một chút,Có hứng thú một chút,Có hứng thú một chút,Có hứng thú một chút,Có hứng thú một chút,Có hứng thú một chút,Có hứng thú một chút,Có hứng thú một chút,Có hứng thú một chút,Có hứng thú một chút,Có hứng thú một chút,Quan tâm ở mức trung bình,Có hứng thú một chút,Có hứng thú một chút,Có hứng thú một chút,Có hứng thú một chút,Có hứng thú một chút,Có hứng thú một chút,Có hứng thú một chút,Khá liên quan,Khá liên quan,Khá liên quan,Khá liên quan,Khá liên quan,Khá liên quan,Rất liên quan,Rất liên quan,Khá liên quan,Rất liên quan,Rất liên quan,Rất liên quan,Rất liên quan,Khá liên quan,Khá liên quan
4/23/2026 11:53:01,Nữ,18,Nông thôn,Trung học phổ thông,Có,Có,Không,Đồng ý,Đồng ý,Đồng ý,Trung lập,Đồng ý,Hoàn toàn đồng ý,Đồng ý,Trung lập,Hoàn toàn đồng ý,Đồng ý,Đồng ý,Hoàn toàn đồng ý,Trung lập,Đồng ý,Hoàn toàn đồng ý,Hoàn toàn đồng ý,Đồng ý,Hoàn toàn đồng ý,Đồng ý,Hoàn toàn đồng ý,Đồng ý,Đồng ý,Khá quan tâm,Quan tâm ở mức trung bình,Khá quan tâm,Quan tâm ở mức trung bình,Khá quan tâm,Quan tâm ở mức trung bình,Khá quan tâm,Khá quan tâm,Quan tâm ở mức trung bình,Quan tâm ở mức trung bình,Rất quan tâm,Rất quan tâm,Khá quan tâm,Khá quan tâm,Khá quan tâm,Rất quan tâm,Khá quan tâm,Rất quan tâm,Khá quan tâm,Rất quan tâm,Khá liên quan,Rất liên quan,Khá liên quan,Rất liên quan,Khá liên quan,Hơi liên quan,Rất liên quan,Rất liên quan,Khá liên quan,Rất liên quan,Rất liên quan,Khá liên quan,Khá liên quan,Rất liên quan,Rất liên quan
4/23/2026 11:53:23,Nữ,18,Thành thị,Trung học phổ thông,Có,Có,Không,Hoàn toàn đồng ý,Hoàn toàn đồng ý,Hoàn toàn đồng ý,Hoàn toàn đồng ý,Hoàn toàn đồng ý,Hoàn toàn đồng ý,Hoàn toàn đồng ý,Hoàn toàn đồng ý,Hoàn toàn đồng ý,Hoàn toàn đồng ý,Đồng ý,Đồng ý,Đồng ý,Hoàn toàn đồng ý,Hoàn toàn đồng ý,Hoàn toàn đồng ý,Hoàn toàn đồng ý,Hoàn toàn đồng ý,Hoàn toàn đồng ý,Hoàn toàn đồng ý,Hoàn toàn đồng ý,Hoàn toàn đồng ý,Rất quan tâm,Rất quan tâm,Rất quan tâm,Rất quan tâm,Rất quan tâm,Rất quan tâm,Rất quan tâm,Rất quan tâm,Rất quan tâm,Rất quan tâm,Rất quan tâm,Rất quan tâm,Rất quan tâm,Rất quan tâm,Rất quan tâm,Rất quan tâm,Rất quan tâm,Rất quan tâm,Rất quan tâm,Rất quan tâm,Rất liên quan,Rất liên quan,Rất liên quan,Rất liên quan,Rất liên quan,Rất liên quan,Rất liên quan,Rất liên quan,Rất liên quan,Rất liên quan,Rất liên quan,Rất liên quan,Rất liên quan,Rất liên quan,Rất liên quan
4/23/2026 11:54:34,Nữ,18,Thành thị,Trung học phổ thông,Có,Có,Có,Hoàn toàn đồng ý,Hoàn toàn đồng ý,Hoàn toàn đồng ý,Hoàn toàn đồng ý,Hoàn toàn đồng ý,Hoàn toàn đồng ý,Hoàn toàn đồng ý,Hoàn toàn đồng ý,Hoàn toàn đồng ý,Hoàn toàn đồng ý,Hoàn toàn đồng ý,Hoàn toàn đồng ý,Hoàn toàn đồng ý,Hoàn toàn đồng ý,Hoàn toàn đồng ý,Hoàn toàn đồng ý,Hoàn toàn đồng ý,Hoàn toàn đồng ý,Hoàn toàn đồng ý,Hoàn toàn đồng ý,Hoàn toàn đồng ý,Hoàn toàn đồng ý,Khá quan tâm,Khá quan tâm,Khá quan tâm,Khá quan tâm,Khá quan tâm,Khá quan tâm,Khá quan tâm,Khá quan tâm,Khá quan tâm,Khá quan tâm,Khá quan tâm,Khá quan tâm,Khá quan tâm,Khá quan tâm,Khá quan tâm,Khá quan tâm,Khá quan tâm,Khá quan tâm,Khá quan tâm,Khá quan tâm,Rất liên quan,Rất liên quan,Rất liên quan,Rất liên quan,Rất liên quan,Rất liên quan,Rất liên quan,Rất liên quan,Rất liên quan,Rất liên quan,Rất liên quan,Rất liên quan,Rất liên quan,Rất liên quan,Rất liên quan
4/23/2026 11:54:39,Nữ,19,Thành thị,Trung học phổ thông,Có,Có,Có,Hoàn toàn đồng ý,Không đồng ý,Hoàn toàn đồng ý,Đồng ý,Hoàn toàn đồng ý,Hoàn toàn đồng ý,Hoàn toàn đồng ý,Không đồng ý,Trung lập,Trung lập,Không đồng ý,Hoàn toàn đồng ý,Không đồng ý,Hoàn toàn đồng ý,Hoàn toàn đồng ý,Đồng ý,Hoàn toàn đồng ý,Hoàn toàn đồng ý,Hoàn toàn đồng ý,Hoàn toàn đồng ý,Hoàn toàn đồng ý,Hoàn toàn đồng ý,Khá quan tâm,Quan tâm ở mức trung bình,Khá quan tâm,Quan tâm ở mức trung bình,Quan tâm ở mức trung bình,Quan tâm ở mức trung bình,Quan tâm ở mức trung bình,Quan tâm ở mức trung bình,Quan tâm ở mức trung bình,Quan tâm ở mức trung bình,Quan tâm ở mức trung bình,Quan tâm ở mức trung bình,Quan tâm ở mức trung bình,Quan tâm ở mức trung bình,Quan tâm ở mức trung bình,Quan tâm ở mức trung bình,Quan tâm ở mức trung bình,Quan tâm ở mức trung bình,Quan tâm ở mức trung bình,Quan tâm ở mức trung bình,Khá liên quan,Khá liên quan,Khá liên quan,Khá liên quan,Khá liên quan,Khá liên quan,Khá liên quan,Khá liên quan,Khá liên quan,Khá liên quan,Khá liên quan,Khá liên quan,Khá liên quan,Khá liên quan,Khá liên quan
4/23/2026 11:56:21,Nam,19,Nông thôn,Trung học phổ thông,Có,Có,Không,Đồng ý,Trung lập,Trung lập,Trung lập,Trung lập,Trung lập,Trung lập,Trung lập,Trung lập,Trung lập,Đồng ý,Đồng ý,Đồng ý,Đồng ý,Đồng ý,Đồng ý,Đồng ý,Đồng ý,Đồng ý,Đồng ý,Đồng ý,Đồng ý,Quan tâm ở mức trung bình,Quan tâm ở mức trung bình,Quan tâm ở mức trung bình,Khá quan tâm,Quan tâm ở mức trung bình,Quan tâm ở mức trung bình,Quan tâm ở mức trung bình,Quan tâm ở mức trung bình,Khá quan tâm,Quan tâm ở mức trung bình,Quan tâm ở mức trung bình,Quan tâm ở mức trung bình,Quan tâm ở mức trung bình,Khá quan tâm,Khá quan tâm,Quan tâm ở mức trung bình,Quan tâm ở mức trung bình,Quan tâm ở mức trung bình,Quan tâm ở mức trung bình,Quan tâm ở mức trung bình,Hơi liên quan,Hơi liên quan,Hơi liên quan,Rất liên quan,Hơi liên quan,Rất liên quan,Rất liên quan,Hơi liên quan,Hơi liên quan,Rất liên quan,Rất liên quan,Hơi liên quan,Hơi liên quan,Rất liên quan,Rất liên quan
4/23/2026 11:57:20,Nam,23,Thành thị,Cao Đẳng/ Đại học,Có,Không,Không,Đồng ý,Hoàn toàn không đồng ý,Trung lập,Trung lập,Đồng ý,Không đồng ý,Không đồng ý,Trung lập,Hoàn toàn đồng ý,Trung lập,Trung lập,Hoàn toàn đồng ý,Trung lập,Trung lập,Không đồng ý,Không đồng ý,Không đồng ý,Trung lập,Trung lập,Trung lập,Trung lập,Trung lập,Quan tâm ở mức trung bình,Khá quan tâm,Quan tâm ở mức trung bình,Rất quan tâm,Có hứng thú một chút,Rất quan tâm,Quan tâm ở mức trung bình,Khá quan tâm,Khá quan tâm,Rất quan tâm,Có hứng thú một chút,Quan tâm ở mức trung bình,Có hứng thú một chút,Có hứng thú một chút,Khá quan tâm,Khá quan tâm,Quan tâm ở mức trung bình,Quan tâm ở mức trung bình,Quan tâm ở mức trung bình,Khá quan tâm,Khá liên quan,Khá liên quan,Không liên quan,Hơi liên quan,Hơi liên quan,Hơi liên quan,Hơi liên quan,Khá liên quan,Khá liên quan,Khá liên quan,Khá liên quan,Rất liên quan,Rất liên quan,Hơi liên quan,Khá liên quan
4/23/2026 11:57:59,Nam,18,Nông thôn,Trung học phổ thông,Có,Có,Không,Trung lập,Trung lập,Trung lập,Trung lập,Trung lập,Trung lập,Trung lập,Trung lập,Trung lập,Trung lập,Trung lập,Trung lập,Trung lập,Trung lập,Trung lập,Trung lập,Trung lập,Trung lập,Trung lập,Trung lập,Trung lập,Trung lập,Khá quan tâm,Khá quan tâm,Khá quan tâm,Khá quan tâm,Khá quan tâm,Khá quan tâm,Khá quan tâm,Khá quan tâm,Khá quan tâm,Khá quan tâm,Khá quan tâm,Khá quan tâm,Khá quan tâm,Khá quan tâm,Khá quan tâm,Khá quan tâm,Khá quan tâm,Khá quan tâm,Khá quan tâm,Khá quan tâm,Khá liên quan,Khá liên quan,Khá liên quan,Khá liên quan,Khá liên quan,Rất liên quan,Rất liên quan,Rất liên quan,Rất liên quan,Rất liên quan,Rất liên quan,Khá liên quan,Khá liên quan,Khá liên quan,Khá liên quan
4/23/2026 11:58:05,Nữ,18,Nông thôn,Trung học phổ thông,Có,Có,Không,Đồng ý,Hoàn toàn không đồng ý,Trung lập,Đồng ý,Đồng ý,Trung lập,Không đồng ý,Trung lập,Không đồng ý,Trung lập,Không đồng ý,Trung lập,Không đồng ý,Trung lập,Đồng ý,Đồng ý,Trung lập,Đồng ý,Đồng ý,Trung lập,Trung lập,Trung lập,Có hứng thú một chút,Quan tâm ở mức trung bình,Quan tâm ở mức trung bình,Khá quan tâm,Quan tâm ở mức trung bình,Khá quan tâm,Khá quan tâm,Khá quan tâm,Khá quan tâm,Khá quan tâm,Khá quan tâm,Khá quan tâm,Quan tâm ở mức trung bình,Khá quan tâm,Có hứng thú một chút,Có hứng thú một chút,Khá quan tâm,Khá quan tâm,Khá quan tâm,Khá quan tâm,Khá liên quan,Hơi liên quan,Hơi liên quan,Khá liên quan,Rất liên quan,Khá liên quan,Rất liên quan,Rất liên quan,Rất liên quan,Khá liên quan,Khá liên quan,Rất liên quan,Rất liên quan,Rất liên quan,Rất liên quan
4/23/2026 11:59:40,Nữ,18,Nông thôn,Trung học phổ thông,Không,Có,Không,Hoàn toàn không đồng ý,Đồng ý,Hoàn toàn không đồng ý,Hoàn toàn không đồng ý,Hoàn toàn không đồng ý,Hoàn toàn không đồng ý,Hoàn toàn không đồng ý,Đồng ý,Trung lập,Đồng ý,Hoàn toàn không đồng ý,Hoàn toàn không đồng ý,Hoàn toàn không đồng ý,Hoàn toàn không đồng ý,Hoàn toàn không đồng ý,Hoàn toàn không đồng ý,Hoàn toàn không đồng ý,Hoàn toàn không đồng ý,Hoàn toàn không đồng ý,Hoàn toàn không đồng ý,Hoàn toàn không đồng ý,Hoàn toàn không đồng ý,Hoàn toàn không quan tâm,Hoàn toàn không quan tâm,Hoàn toàn không quan tâm,Hoàn toàn không quan tâm,Hoàn toàn không quan tâm,Hoàn toàn không quan tâm,Hoàn toàn không quan tâm,Hoàn toàn không quan tâm,Hoàn toàn không quan tâm,Hoàn toàn không quan tâm,Hoàn toàn không quan tâm,Hoàn toàn không quan tâm,Hoàn toàn không quan tâm,Hoàn toàn không quan tâm,Hoàn toàn không quan tâm,Hoàn toàn không quan tâm,Hoàn toàn không quan tâm,Hoàn toàn không quan tâm,Hoàn toàn không quan tâm,Hoàn toàn không quan tâm,Không liên quan,Không liên quan,Không liên quan,Không liên quan,Không liên quan,Không liên quan,Không liên quan,Không liên quan,Không liên quan,Không liên quan,Không liên quan,Không liên quan,Không liên quan,Không liên quan,Không liên quan
4/23/2026 11:59:43,Nữ,19,Thành thị,Trung học phổ thông,Có,Có,Không,Trung lập,Trung lập,Trung lập,Đồng ý,Trung lập,Trung lập,Trung lập,Trung lập,Trung lập,Trung lập,Trung lập,Trung lập,Trung lập,Trung lập,Đồng ý,Trung lập,Trung lập,Trung lập,Trung lập,Trung lập,Trung lập,Trung lập,Quan tâm ở mức trung bình,Khá quan tâm,Khá quan tâm,Quan tâm ở mức trung bình,Khá quan tâm,Quan tâm ở mức trung bình,Quan tâm ở mức trung bình,Quan tâm ở mức trung bình,Quan tâm ở mức trung bình,Quan tâm ở mức trung bình,Quan tâm ở mức trung bình,Quan tâm ở mức trung bình,Quan tâm ở mức trung bình,Quan tâm ở mức trung bình,Quan tâm ở mức trung bình,Quan tâm ở mức trung bình,Quan tâm ở mức trung bình,Quan tâm ở mức trung bình,Quan tâm ở mức trung bình,Quan tâm ở mức trung bình,Khá liên quan,Hơi liên quan,Khá liên quan,Khá liên quan,Khá liên quan,Khá liên quan,Khá liên quan,Khá liên quan,Khá liên quan,Khá liên quan,Khá liên quan,Khá liên quan,Khá liên quan,Khá liên quan,Khá liên quan
4/23/2026 11:59:52,Nữ,18,Nông thôn,Trung học phổ thông,Có,Có,Không,Trung lập,Không đồng ý,Đồng ý,Trung lập,Đồng ý,Trung lập,Hoàn toàn đồng ý,Trung lập,Đồng ý,Đồng ý,Đồng ý,Đồng ý,Trung lập,Đồng ý,Hoàn toàn đồng ý,Đồng ý,Đồng ý,Đồng ý,Đồng ý,Trung lập,Trung lập,Đồng ý,Quan tâm ở mức trung bình,Có hứng thú một chút,Khá quan tâm,Có hứng thú một chút,Quan tâm ở mức trung bình,Khá quan tâm,Quan tâm ở mức trung bình,Có hứng thú một chút,Quan tâm ở mức trung bình,Khá quan tâm,Có hứng thú một chút,Quan tâm ở mức trung bình,Có hứng thú một chút,Có hứng thú một chút,Quan tâm ở mức trung bình,Có hứng thú một chút,Quan tâm ở mức trung bình,Có hứng thú một chút,Quan tâm ở mức trung bình,Quan tâm ở mức trung bình,Khá liên quan,Hơi liên quan,Rất liên quan,Rất liên quan,Rất liên quan,Rất liên quan,Khá liên quan,Hơi liên quan,Khá liên quan,Rất liên quan,Rất liên quan,Rất liên quan,Khá liên quan,Hơi liên quan,Khá liên quan
4/23/2026 12:00:00,Nữ,19,Thành thị,Trung học phổ thông,Không,Không,Không,Đồng ý,Hoàn toàn không đồng ý,Hoàn toàn đồng ý,Hoàn toàn đồng ý,Hoàn toàn đồng ý,Hoàn toàn đồng ý,Hoàn toàn đồng ý,Hoàn toàn không đồng ý,Hoàn toàn không đồng ý,Không đồng ý,Hoàn toàn không đồng ý,Hoàn toàn đồng ý,Trung lập,Trung lập,Trung lập,Trung lập,Trung lập,Trung lập,Trung lập,Trung lập,Trung lập,Trung lập,Khá quan tâm,Khá quan tâm,Khá quan tâm,Khá quan tâm,Khá quan tâm,Khá quan tâm,Khá quan tâm,Khá quan tâm,Khá quan tâm,Khá quan tâm,Khá quan tâm,Khá quan tâm,Khá quan tâm,Khá quan tâm,Khá quan tâm,Khá quan tâm,Khá quan tâm,Khá quan tâm,Khá quan tâm,Khá quan tâm,Khá liên quan,Khá liên quan,Khá liên quan,Khá liên quan,Khá liên quan,Khá liên quan,Khá liên quan,Khá liên quan,Khá liên quan,Khá liên quan,Khá liên quan,Khá liên quan,Khá liên quan,Khá liên quan,Khá liên quan
4/23/2026 12:00:26,Nữ,19,Nông thôn,Trung học phổ thông,Có,Có,Không,Đồng ý,Trung lập,Đồng ý,Đồng ý,Đồng ý,Trung lập,Đồng ý,Trung lập,Trung lập,Đồng ý,Đồng ý,Đồng ý,Trung lập,Đồng ý,Đồng ý,Đồng ý,Đồng ý,Đồng ý,Đồng ý,Đồng ý,Đồng ý,Đồng ý,Khá quan tâm,Khá quan tâm,Quan tâm ở mức trung bình,Quan tâm ở mức trung bình,Khá quan tâm,Khá quan tâm,Khá quan tâm,Quan tâm ở mức trung bình,Khá quan tâm,Khá quan tâm,Quan tâm ở mức trung bình,Quan tâm ở mức trung bình,Khá quan tâm,Khá quan tâm,Khá quan tâm,Quan tâm ở mức trung bình,Khá quan tâm,Khá quan tâm,Khá quan tâm,Khá quan tâm,Khá liên quan,Rất liên quan,Khá liên quan,Khá liên quan,Khá liên quan,Khá liên quan,Hơi liên quan,Khá liên quan,Khá liên quan,Khá liên quan,Khá liên quan,Khá liên quan,Khá liên quan,Khá liên quan,Khá liên quan
4/23/2026 12:01:16,Nam,18,Thành thị,Trung học phổ thông,Có,Không,Không,Trung lập,Không đồng ý,Trung lập,Đồng ý,Đồng ý,Trung lập,Đồng ý,Trung lập,Trung lập,Trung lập,Không đồng ý,Trung lập,Không đồng ý,Trung lập,Đồng ý,Đồng ý,Đồng ý,Trung lập,Trung lập,Trung lập,Trung lập,Trung lập,Hoàn toàn không quan tâm,Có hứng thú một chút,Có hứng thú một chút,Có hứng thú một chút,Có hứng thú một chút,Có hứng thú một chút,Có hứng thú một chút,Có hứng thú một chút,Có hứng thú một chút,Có hứng thú một chút,Quan tâm ở mức trung bình,Quan tâm ở mức trung bình,Có hứng thú một chút,Hoàn toàn không quan tâm,Hoàn toàn không quan tâm,Hoàn toàn không quan tâm,Hoàn toàn không quan tâm,Hoàn toàn không quan tâm,Hoàn toàn không quan tâm,Khá quan tâm,Khá liên quan,Rất liên quan,Rất liên quan,Khá liên quan,Rất liên quan,Rất liên quan,Hơi liên quan,Hơi liên quan,Rất liên quan,Hơi liên quan,Khá liên quan,Rất liên quan,Rất liên quan,Hơi liên quan,Hơi liên quan
4/23/2026 12:02:15,Nam,19,Nông thôn,Trung học phổ thông,Không,Có,Không,Trung lập,Trung lập,Trung lập,Trung lập,Trung lập,Trung lập,Trung lập,Trung lập,Trung lập,Trung lập,Trung lập,Trung lập,Trung lập,Trung lập,Trung lập,Trung lập,Trung lập,Trung lập,Trung lập,Trung lập,Trung lập,Trung lập,Quan tâm ở mức trung bình,Quan tâm ở mức trung bình,Quan tâm ở mức trung bình,Quan tâm ở mức trung bình,Quan tâm ở mức trung bình,Quan tâm ở mức trung bình,Quan tâm ở mức trung bình,Quan tâm ở mức trung bình,Quan tâm ở mức trung bình,Quan tâm ở mức trung bình,Quan tâm ở mức trung bình,Quan tâm ở mức trung bình,Quan tâm ở mức trung bình,Quan tâm ở mức trung bình,Quan tâm ở mức trung bình,Quan tâm ở mức trung bình,Quan tâm ở mức trung bình,Quan tâm ở mức trung bình,Quan tâm ở mức trung bình,Quan tâm ở mức trung bình,Khá liên quan,Khá liên quan,Khá liên quan,Khá liên quan,Khá liên quan,Khá liên quan,Hơi liên quan,Khá liên quan,Hơi liên quan,Hơi liên quan,Hơi liên quan,Hơi liên quan,Hơi liên quan,Hơi liên quan,Hơi liên quan
4/23/2026 12:02:42,Nữ,19,Thành thị,Trung học phổ thông,Có,Có,Không,Đồng ý,Trung lập,Trung lập,Đồng ý,Đồng ý,Đồng ý,Đồng ý,Hoàn toàn đồng ý,Đồng ý,Hoàn toàn đồng ý,Đồng ý,Trung lập,Đồng ý,Trung lập,Đồng ý,Đồng ý,Đồng ý,Đồng ý,Trung lập,Đồng ý,Đồng ý,Đồng ý,Khá quan tâm,Rất quan tâm,Khá quan tâm,Khá quan tâm,Rất quan tâm,Khá quan tâm,Khá quan tâm,Rất quan tâm,Rất quan tâm,Rất quan tâm,Rất quan tâm,Khá quan tâm,Quan tâm ở mức trung bình,Rất quan tâm,Rất quan tâm,Rất quan tâm,Rất quan tâm,Khá quan tâm,Khá quan tâm,Khá quan tâm,Rất liên quan,Khá liên quan,Khá liên quan,Rất liên quan,Rất liên quan,Rất liên quan,Rất liên quan,Rất liên quan,Rất liên quan,Rất liên quan,Rất liên quan,Rất liên quan,Rất liên quan,Rất liên quan,Rất liên quan
4/23/2026 12:02:53,Nữ,18,Nông thôn,Cao Đẳng/ Đại học,Có,Có,Không,Trung lập,Không đồng ý,Không đồng ý,Trung lập,Đồng ý,Đồng ý,Không đồng ý,Đồng ý,Đồng ý,Đồng ý,Không đồng ý,Hoàn toàn đồng ý,Đồng ý,Đồng ý,Đồng ý,Trung lập,Đồng ý,Đồng ý,Đồng ý,Đồng ý,Trung lập,Trung lập,Có hứng thú một chút,Có hứng thú một chút,Quan tâm ở mức trung bình,Quan tâm ở mức trung bình,Quan tâm ở mức trung bình,Khá quan tâm,Rất quan tâm,Hoàn toàn không quan tâm,Quan tâm ở mức trung bình,Quan tâm ở mức trung bình,Có hứng thú một chút,Hoàn toàn không quan tâm,Hoàn toàn không quan tâm,Khá quan tâm,Khá quan tâm,Hoàn toàn không quan tâm,Hoàn toàn không quan tâm,Hoàn toàn không quan tâm,Có hứng thú một chút,Có hứng thú một chút,Khá liên quan,Khá liên quan,Rất liên quan,Khá liên quan,Khá liên quan,Khá liên quan,Không liên quan,Không liên quan,Không liên quan,Hơi liên quan,Hơi liên quan,Hơi liên quan,Không liên quan,Hơi liên quan,Hơi liên quan
4/23/2026 12:03:13,Nữ,18,Thành thị,Trung học phổ thông,Có,Không,Có,Đồng ý,Đồng ý,Đồng ý,Hoàn toàn đồng ý,Hoàn toàn đồng ý,Đồng ý,Trung lập,Không đồng ý,Trung lập,Trung lập,Trung lập,Đồng ý,Không đồng ý,Trung lập,Trung lập,Trung lập,Trung lập,Trung lập,Trung lập,Hoàn toàn không đồng ý,Trung lập,Trung lập,Có hứng thú một chút,Quan tâm ở mức trung bình,Quan tâm ở mức trung bình,Quan tâm ở mức trung bình,Quan tâm ở mức trung bình,Quan tâm ở mức trung bình,Quan tâm ở mức trung bình,Quan tâm ở mức trung bình,Quan tâm ở mức trung bình,Quan tâm ở mức trung bình,Quan tâm ở mức trung bình,Quan tâm ở mức trung bình,Quan tâm ở mức trung bình,Quan tâm ở mức trung bình,Quan tâm ở mức trung bình,Quan tâm ở mức trung bình,Quan tâm ở mức trung bình,Quan tâm ở mức trung bình,Quan tâm ở mức trung bình,Quan tâm ở mức trung bình,Khá liên quan,Khá liên quan,Khá liên quan,Khá liên quan,Khá liên quan,Khá liên quan,Khá liên quan,Khá liên quan,Khá liên quan,Khá liên quan,Khá liên quan,Khá liên quan,Khá liên quan,Khá liên quan,Khá liên quan
4/23/2026 12:07:36,Nữ,18,Thành thị,Trung học phổ thông,Có,Có,Có,Đồng ý,Không đồng ý,Hoàn toàn không đồng ý,Trung lập,Trung lập,Trung lập,Trung lập,Không đồng ý,Không đồng ý,Đồng ý,Không đồng ý,Trung lập,Trung lập,Đồng ý,Đồng ý,Hoàn toàn không đồng ý,Trung lập,Trung lập,Trung lập,Trung lập,Trung lập,Trung lập,Khá quan tâm,Khá quan tâm,Khá quan tâm,Khá quan tâm,Khá quan tâm,Khá quan tâm,Khá quan tâm,Khá quan tâm,Khá quan tâm,Khá quan tâm,Khá quan tâm,Khá quan tâm,Khá quan tâm,Khá quan tâm,Khá quan tâm,Khá quan tâm,Khá quan tâm,Khá quan tâm,Khá quan tâm,Khá quan tâm,Hơi liên quan,Rất liên quan,Hơi liên quan,Khá liên quan,Rất liên quan,Khá liên quan,Khá liên quan,Khá liên quan,Không liên quan,Rất liên quan,Khá liên quan,Rất liên quan,Rất liên quan,Khá liên quan,Rất liên quan
4/23/2026 12:07:37,Nữ,19,Thành thị,Trung học phổ thông,Có,Có,Có,Đồng ý,Trung lập,Đồng ý,Hoàn toàn đồng ý,Đồng ý,Hoàn toàn đồng ý,Hoàn toàn đồng ý,Trung lập,Trung lập,Hoàn toàn đồng ý,Trung lập,Trung lập,Trung lập,Trung lập,Trung lập,Trung lập,Trung lập,Trung lập,Trung lập,Trung lập,Trung lập,Trung lập,Quan tâm ở mức trung bình,Khá quan tâm,Quan tâm ở mức trung bình,Khá quan tâm,Quan tâm ở mức trung bình,Khá quan tâm,Quan tâm ở mức trung bình,Khá quan tâm,Quan tâm ở mức trung bình,Khá quan tâm,Quan tâm ở mức trung bình,Khá quan tâm,Quan tâm ở mức trung bình,Khá quan tâm,Quan tâm ở mức trung bình,Khá quan tâm,Quan tâm ở mức trung bình,Khá quan tâm,Quan tâm ở mức trung bình,Khá quan tâm,Khá liên quan,Khá liên quan,Khá liên quan,Khá liên quan,Khá liên quan,Khá liên quan,Khá liên quan,Khá liên quan,Khá liên quan,Khá liên quan,Khá liên quan,Khá liên quan,Khá liên quan,Khá liên quan,Khá liên quan
4/23/2026 12:07:56,Nam,19,Thành thị,Trung học phổ thông,Không,Có,Có,Hoàn toàn đồng ý,Hoàn toàn đồng ý,Hoàn toàn đồng ý,Hoàn toàn đồng ý,Hoàn toàn đồng ý,Hoàn toàn đồng ý,Hoàn toàn đồng ý,Hoàn toàn đồng ý,Hoàn toàn đồng ý,Hoàn toàn đồng ý,Hoàn toàn đồng ý,Hoàn toàn đồng ý,Hoàn toàn đồng ý,Hoàn toàn đồng ý,Hoàn toàn đồng ý,Hoàn toàn đồng ý,Hoàn toàn đồng ý,Hoàn toàn đồng ý,Hoàn toàn đồng ý,Hoàn toàn đồng ý,Hoàn toàn đồng ý,Hoàn toàn đồng ý,Rất quan tâm,Rất quan tâm,Rất quan tâm,Rất quan tâm,Rất quan tâm,Rất quan tâm,Rất quan tâm,Rất quan tâm,Rất quan tâm,Rất quan tâm,Rất quan tâm,Rất quan tâm,Rất quan tâm,Rất quan tâm,Rất quan tâm,Rất quan tâm,Rất quan tâm,Rất quan tâm,Rất quan tâm,Rất quan tâm,Rất liên quan,Rất liên quan,Rất liên quan,Rất liên quan,Rất liên quan,Rất liên quan,Rất liên quan,Rất liên quan,Rất liên quan,Rất liên quan,Rất liên quan,Rất liên quan,Rất liên quan,Rất liên quan,Rất liên quan
4/23/2026 12:08:27,Nam,19,Thành thị,Trung học phổ thông,Không,Có,Không,Đồng ý,Đồng ý,Đồng ý,Đồng ý,Đồng ý,Đồng ý,Đồng ý,Đồng ý,Đồng ý,Đồng ý,Đồng ý,Đồng ý,Đồng ý,Đồng ý,Đồng ý,Đồng ý,Đồng ý,Đồng ý,Đồng ý,Đồng ý,Đồng ý,Đồng ý,Khá quan tâm,Khá quan tâm,Khá quan tâm,Khá quan tâm,Khá quan tâm,Khá quan tâm,Khá quan tâm,Khá quan tâm,Khá quan tâm,Khá quan tâm,Khá quan tâm,Khá quan tâm,Khá quan tâm,Khá quan tâm,Khá quan tâm,Khá quan tâm,Khá quan tâm,Khá quan tâm,Khá quan tâm,Khá quan tâm,Rất liên quan,Rất liên quan,Rất liên quan,Rất liên quan,Rất liên quan,Rất liên quan,Hơi liên quan,Hơi liên quan,Khá liên quan,Rất liên quan,Rất liên quan,Rất liên quan,Rất liên quan,Rất liên quan,Rất liên quan
4/23/2026 12:08:46,Nữ,19,Thành thị,Trung học phổ thông,Có,Có,Không,Đồng ý,Không đồng ý,Hoàn toàn đồng ý,Hoàn toàn đồng ý,Đồng ý,Trung lập,Đồng ý,Không đồng ý,Trung lập,Hoàn toàn đồng ý,Không đồng ý,Đồng ý,Đồng ý,Trung lập,Đồng ý,Hoàn toàn đồng ý,Đồng ý,Hoàn toàn đồng ý,Không đồng ý,Không đồng ý,Trung lập,Trung lập,Khá quan tâm,Rất quan tâm,Quan tâm ở mức trung bình,Khá quan tâm,Khá quan tâm,Khá quan tâm,Quan tâm ở mức trung bình,Rất quan tâm,Quan tâm ở mức trung bình,Khá quan tâm,Quan tâm ở mức trung bình,Có hứng thú một chút,Có hứng thú một chút,Có hứng thú một chút,Quan tâm ở mức trung bình,Có hứng thú một chút,Quan tâm ở mức trung bình,Khá quan tâm,Quan tâm ở mức trung bình,Có hứng thú một chút,Khá liên quan,Khá liên quan,Hơi liên quan,Khá liên quan,Rất liên quan,Khá liên quan,Khá liên quan,Khá liên quan,Hơi liên quan,Khá liên quan,Hơi liên quan,Khá liên quan,Rất liên quan,Khá liên quan,Khá liên quan
4/23/2026 12:08:59,Nữ,18,Thành thị,Trung học phổ thông,Không,Không,Không,Không đồng ý,Trung lập,Trung lập,Đồng ý,Không đồng ý,Trung lập,Trung lập,Đồng ý,Trung lập,Trung lập,Trung lập,Đồng ý,Trung lập,Đồng ý,Đồng ý,Trung lập,Trung lập,Trung lập,Trung lập,Không đồng ý,Trung lập,Trung lập,Quan tâm ở mức trung bình,Quan tâm ở mức trung bình,Có hứng thú một chút,Quan tâm ở mức trung bình,Quan tâm ở mức trung bình,Quan tâm ở mức trung bình,Quan tâm ở mức trung bình,Quan tâm ở mức trung bình,Quan tâm ở mức trung bình,Quan tâm ở mức trung bình,Quan tâm ở mức trung bình,Quan tâm ở mức trung bình,Quan tâm ở mức trung bình,Quan tâm ở mức trung bình,Quan tâm ở mức trung bình,Quan tâm ở mức trung bình,Quan tâm ở mức trung bình,Quan tâm ở mức trung bình,Quan tâm ở mức trung bình,Quan tâm ở mức trung bình,Khá liên quan,Hơi liên quan,Khá liên quan,Khá liên quan,Rất liên quan,Khá liên quan,Khá liên quan,Khá liên quan,Khá liên quan,Rất liên quan,Rất liên quan,Rất liên quan,Rất liên quan,Khá liên quan,Hơi liên quan
4/23/2026 12:09:09,Nam,18,Thành thị,Trung học phổ thông,Không,Không,Không,Hoàn toàn đồng ý,Hoàn toàn đồng ý,Hoàn toàn đồng ý,Hoàn toàn đồng ý,Hoàn toàn đồng ý,Hoàn toàn đồng ý,Hoàn toàn đồng ý,Hoàn toàn đồng ý,Hoàn toàn đồng ý,Hoàn toàn đồng ý,Hoàn toàn đồng ý,Hoàn toàn đồng ý,Hoàn toàn đồng ý,Hoàn toàn đồng ý,Hoàn toàn đồng ý,Hoàn toàn đồng ý,Hoàn toàn đồng ý,Hoàn toàn đồng ý,Hoàn toàn đồng ý,Hoàn toàn đồng ý,Hoàn toàn đồng ý,Hoàn toàn đồng ý,Rất quan tâm,Rất quan tâm,Rất quan tâm,Rất quan tâm,Rất quan tâm,Rất quan tâm,Rất quan tâm,Rất quan tâm,Rất quan tâm,Rất quan tâm,Rất quan tâm,Rất quan tâm,Rất quan tâm,Rất quan tâm,Rất quan tâm,Rất quan tâm,Rất quan tâm,Rất quan tâm,Rất quan tâm,Rất quan tâm,Rất liên quan,Rất liên quan,Rất liên quan,Rất liên quan,Rất liên quan,Rất liên quan,Rất liên quan,Rất liên quan,Rất liên quan,Rất liên quan,Rất liên quan,Rất liên quan,Rất liên quan,Rất liên quan,Rất liên quan
4/23/2026 12:09:24,Nam,18,Nông thôn,Trung học phổ thông,Không,Có,Không,Đồng ý,Không đồng ý,Hoàn toàn đồng ý,Đồng ý,Đồng ý,Không đồng ý,Đồng ý,Không đồng ý,Không đồng ý,Không đồng ý,Không đồng ý,Đồng ý,Đồng ý,Đồng ý,Không đồng ý,Không đồng ý,Đồng ý,Đồng ý,Đồng ý,Không đồng ý,Không đồng ý,Đồng ý,Khá quan tâm,Khá quan tâm,Khá quan tâm,Khá quan tâm,Khá quan tâm,Khá quan tâm,Khá quan tâm,Khá quan tâm,Có hứng thú một chút,Khá quan tâm,Quan tâm ở mức trung bình,Quan tâm ở mức trung bình,Quan tâm ở mức trung bình,Có hứng thú một chút,Khá quan tâm,Có hứng thú một chút,Khá quan tâm,Có hứng thú một chút,Có hứng thú một chút,Rất quan tâm,Khá liên quan,Khá liên quan,Khá liên quan,Hơi liên quan,Khá liên quan,Khá liên quan,Khá liên quan,Khá liên quan,Rất liên quan,Rất liên quan,Khá liên quan,Rất liên quan,Khá liên quan,Khá liên quan,Rất liên quan
4/23/2026 12:10:03,Nữ,18,Thành thị,Trung học phổ thông,Có,Có,Có,Đồng ý,Không đồng ý,Trung lập,Đồng ý,Trung lập,Trung lập,Trung lập,Trung lập,Trung lập,Đồng ý,Trung lập,Trung lập,Trung lập,Trung lập,Trung lập,Trung lập,Trung lập,Trung lập,Trung lập,Trung lập,Trung lập,Trung lập,Quan tâm ở mức trung bình,Quan tâm ở mức trung bình,Quan tâm ở mức trung bình,Quan tâm ở mức trung bình,Quan tâm ở mức trung bình,Quan tâm ở mức trung bình,Quan tâm ở mức trung bình,Quan tâm ở mức trung bình,Quan tâm ở mức trung bình,Quan tâm ở mức trung bình,Quan tâm ở mức trung bình,Quan tâm ở mức trung bình,Quan tâm ở mức trung bình,Quan tâm ở mức trung bình,Quan tâm ở mức trung bình,Quan tâm ở mức trung bình,Quan tâm ở mức trung bình,Quan tâm ở mức trung bình,Quan tâm ở mức trung bình,Quan tâm ở mức trung bình,Hơi liên quan,Hơi liên quan,Hơi liên quan,Hơi liên quan,Hơi liên quan,Hơi liên quan,Hơi liên quan,Hơi liên quan,Hơi liên quan,Hơi liên quan,Hơi liên quan,Hơi liên quan,Hơi liên quan,Hơi liên quan,Hơi liên quan
4/23/2026 12:10:26,Nữ,19,Nông thôn,Trung học phổ thông,Không,Có,Không,Đồng ý,Không đồng ý,Hoàn toàn đồng ý,Hoàn toàn đồng ý,Hoàn toàn đồng ý,Đồng ý,Đồng ý,Không đồng ý,Không đồng ý,Trung lập,Đồng ý,Đồng ý,Trung lập,Đồng ý,Đồng ý,Đồng ý,Đồng ý,Đồng ý,Đồng ý,Đồng ý,Đồng ý,Đồng ý,Khá quan tâm,Rất quan tâm,Rất quan tâm,Rất quan tâm,Khá quan tâm,Khá quan tâm,Khá quan tâm,Rất quan tâm,Rất quan tâm,Rất quan tâm,Khá quan tâm,Khá quan tâm,Quan tâm ở mức trung bình,Khá quan tâm,Khá quan tâm,Rất quan tâm,Khá quan tâm,Khá quan tâm,Khá quan tâm,Khá quan tâm,Rất liên quan,Rất liên quan,Rất liên quan,Rất liên quan,Rất liên quan,Rất liên quan,Rất liên quan,Rất liên quan,Rất liên quan,Rất liên quan,Rất liên quan,Rất liên quan,Khá liên quan,Khá liên quan,Rất liên quan
4/23/2026 12:10:29,Nữ,19,Nông thôn,Trung học phổ thông,Có,Không,Không,Hoàn toàn đồng ý,Hoàn toàn đồng ý,Hoàn toàn đồng ý,Hoàn toàn đồng ý,Hoàn toàn đồng ý,Hoàn toàn đồng ý,Hoàn toàn đồng ý,Hoàn toàn đồng ý,Hoàn toàn đồng ý,Đồng ý,Đồng ý,Đồng ý,Đồng ý,Đồng ý,Đồng ý,Hoàn toàn đồng ý,Hoàn toàn đồng ý,Hoàn toàn đồng ý,Hoàn toàn đồng ý,Đồng ý,Hoàn toàn đồng ý,Đồng ý,Khá quan tâm,Quan tâm ở mức trung bình,Có hứng thú một chút,Có hứng thú một chút,Quan tâm ở mức trung bình,Khá quan tâm,Khá quan tâm,Khá quan tâm,Khá quan tâm,Khá quan tâm,Quan tâm ở mức trung bình,Quan tâm ở mức trung bình,Khá quan tâm,Quan tâm ở mức trung bình,Khá quan tâm,Khá quan tâm,Khá quan tâm,Khá quan tâm,Khá quan tâm,Khá quan tâm,Khá liên quan,Khá liên quan,Khá liên quan,Khá liên quan,Khá liên quan,Hơi liên quan,Rất liên quan,Rất liên quan,Rất liên quan,Hơi liên quan,Khá liên quan,Rất liên quan,Rất liên quan,Rất liên quan,Rất liên quan
4/23/2026 12:10:37,Nữ,18,Nông thôn,Trung học phổ thông,Có,Có,Không,Trung lập,Không đồng ý,Đồng ý,Đồng ý,Trung lập,Hoàn toàn đồng ý,Hoàn toàn đồng ý,Trung lập,Không đồng ý,Trung lập,Không đồng ý,Hoàn toàn đồng ý,Trung lập,Trung lập,Đồng ý,Đồng ý,Trung lập,Đồng ý,Trung lập,Không đồng ý,Trung lập,Không đồng ý,Có hứng thú một chút,Quan tâm ở mức trung bình,Quan tâm ở mức trung bình,Có hứng thú một chút,Có hứng thú một chút,Có hứng thú một chút,Quan tâm ở mức trung bình,Có hứng thú một chút,Quan tâm ở mức trung bình,Có hứng thú một chút,Quan tâm ở mức trung bình,Có hứng thú một chút,Có hứng thú một chút,Có hứng thú một chút,Có hứng thú một chút,Có hứng thú một chút,Có hứng thú một chút,Có hứng thú một chút,Có hứng thú một chút,Có hứng thú một chút,Rất liên quan,Hơi liên quan,Khá liên quan,Rất liên quan,Khá liên quan,Hơi liên quan,Khá liên quan,Khá liên quan,Khá liên quan,Khá liên quan,Khá liên quan,Khá liên quan,Khá liên quan,Khá liên quan,Khá liên quan
4/23/2026 12:12:34,Nam,18,Thành thị,Trung học phổ thông,Có,Có,Có,Đồng ý,Không đồng ý,Đồng ý,Trung lập,Đồng ý,Đồng ý,Đồng ý,Không đồng ý,Trung lập,Đồng ý,Không đồng ý,Đồng ý,Trung lập,Đồng ý,Đồng ý,Đồng ý,Đồng ý,Đồng ý,Đồng ý,Đồng ý,Đồng ý,Đồng ý,Khá quan tâm,Khá quan tâm,Rất quan tâm,Khá quan tâm,Khá quan tâm,Khá quan tâm,Khá quan tâm,Rất quan tâm,Khá quan tâm,Rất quan tâm,Khá quan tâm,Khá quan tâm,Khá quan tâm,Khá quan tâm,Khá quan tâm,Khá quan tâm,Khá quan tâm,Khá quan tâm,Khá quan tâm,Khá quan tâm,Khá liên quan,Hơi liên quan,Rất liên quan,Rất liên quan,Khá liên quan,Hơi liên quan,Hơi liên quan,Không liên quan,Không liên quan,Rất liên quan,Không liên quan,Hơi liên quan,Rất liên quan,Không liên quan,Không liên quan
4/23/2026 12:12:52,Nam,18,Thành thị,Trung học phổ thông,Có,Không,Không,Đồng ý,Hoàn toàn không đồng ý,Đồng ý,Đồng ý,Đồng ý,Đồng ý,Không đồng ý,Đồng ý,Đồng ý,Đồng ý,Đồng ý,Đồng ý,Đồng ý,Đồng ý,Đồng ý,Đồng ý,Đồng ý,Đồng ý,Đồng ý,Đồng ý,Đồng ý,Đồng ý,Khá quan tâm,Khá quan tâm,Khá quan tâm,Khá quan tâm,Khá quan tâm,Khá quan tâm,Khá quan tâm,Khá quan tâm,Khá quan tâm,Khá quan tâm,Khá quan tâm,Khá quan tâm,Khá quan tâm,Khá quan tâm,Khá quan tâm,Khá quan tâm,Khá quan tâm,Khá quan tâm,Khá quan tâm,Khá quan tâm,Rất liên quan,Rất liên quan,Rất liên quan,Rất liên quan,Rất liên quan,Rất liên quan,Rất liên quan,Rất liên quan,Rất liên quan,Rất liên quan,Rất liên quan,Rất liên quan,Rất liên quan,Rất liên quan,Rất liên quan
4/23/2026 12:14:12,Nữ,18,Nông thôn,Trung học phổ thông,Có,Có,Không,Đồng ý,Đồng ý,Đồng ý,Đồng ý,Đồng ý,Đồng ý,Đồng ý,Đồng ý,Không đồng ý,Đồng ý,Đồng ý,Hoàn toàn đồng ý,Hoàn toàn đồng ý,Đồng ý,Hoàn toàn đồng ý,Hoàn toàn đồng ý,Đồng ý,Đồng ý,Đồng ý,Đồng ý,Đồng ý,Đồng ý,Có hứng thú một chút,Có hứng thú một chút,Có hứng thú một chút,Có hứng thú một chút,Có hứng thú một chút,Có hứng thú một chút,Có hứng thú một chút,Có hứng thú một chút,Có hứng thú một chút,Có hứng thú một chút,Có hứng thú một chút,Có hứng thú một chút,Có hứng thú một chút,Có hứng thú một chút,Có hứng thú một chút,Có hứng thú một chút,Có hứng thú một chút,Có hứng thú một chút,Có hứng thú một chút,Có hứng thú một chút,Khá liên quan,Hơi liên quan,Khá liên quan,Khá liên quan,Khá liên quan,Khá liên quan,Không liên quan,Không liên quan,Khá liên quan,Khá liên quan,Không liên quan,Khá liên quan,Khá liên quan,Khá liên quan,Hơi liên quan
4/23/2026 12:15:29,Nữ,18,Thành thị,Trung học phổ thông,Có,Không,Không,Trung lập,Hoàn toàn không đồng ý,Trung lập,Đồng ý,Trung lập,Trung lập,Không đồng ý,Trung lập,Trung lập,Trung lập,Trung lập,Đồng ý,Trung lập,Không đồng ý,Đồng ý,Đồng ý,Đồng ý,Trung lập,Trung lập,Không đồng ý,Trung lập,Trung lập,Có hứng thú một chút,Có hứng thú một chút,Khá quan tâm,Quan tâm ở mức trung bình,Quan tâm ở mức trung bình,Quan tâm ở mức trung bình,Quan tâm ở mức trung bình,Quan tâm ở mức trung bình,Quan tâm ở mức trung bình,Quan tâm ở mức trung bình,Quan tâm ở mức trung bình,Quan tâm ở mức trung bình,Có hứng thú một chút,Hoàn toàn không quan tâm,Có hứng thú một chút,Khá quan tâm,Có hứng thú một chút,Có hứng thú một chút,Có hứng thú một chút,Quan tâm ở mức trung bình,Khá liên quan,Rất liên quan,Rất liên quan,Rất liên quan,Rất liên quan,Khá liên quan,Hơi liên quan,Khá liên quan,Khá liên quan,Khá liên quan,Rất liên quan,Rất liên quan,Rất liên quan,Khá liên quan,Hơi liên quan
4/23/2026 12:15:35,Nữ,18,Thành thị,Trung học phổ thông,Có,Có,Không,Đồng ý,Đồng ý,Đồng ý,Đồng ý,Đồng ý,Đồng ý,Đồng ý,Đồng ý,Đồng ý,Đồng ý,Đồng ý,Đồng ý,Đồng ý,Đồng ý,Đồng ý,Đồng ý,Đồng ý,Đồng ý,Đồng ý,Đồng ý,Đồng ý,Đồng ý,Quan tâm ở mức trung bình,Quan tâm ở mức trung bình,Quan tâm ở mức trung bình,Quan tâm ở mức trung bình,Quan tâm ở mức trung bình,Quan tâm ở mức trung bình,Quan tâm ở mức trung bình,Quan tâm ở mức trung bình,Quan tâm ở mức trung bình,Quan tâm ở mức trung bình,Quan tâm ở mức trung bình,Quan tâm ở mức trung bình,Quan tâm ở mức trung bình,Quan tâm ở mức trung bình,Quan tâm ở mức trung bình,Quan tâm ở mức trung bình,Quan tâm ở mức trung bình,Quan tâm ở mức trung bình,Quan tâm ở mức trung bình,Khá quan tâm,Khá liên quan,Khá liên quan,Khá liên quan,Khá liên quan,Khá liên quan,Khá liên quan,Khá liên quan,Khá liên quan,Khá liên quan,Khá liên quan,Khá liên quan,Khá liên quan,Khá liên quan,Khá liên quan,Khá liên quan
4/23/2026 12:16:01,Nữ,19,Thành thị,Trung học cơ sở,Có,Không,Không,Đồng ý,Không đồng ý,Đồng ý,Đồng ý,Không đồng ý,Hoàn toàn không đồng ý,Đồng ý,Không đồng ý,Không đồng ý,Trung lập,Hoàn toàn không đồng ý,Hoàn toàn đồng ý,Hoàn toàn đồng ý,Đồng ý,Trung lập,Trung lập,Trung lập,Đồng ý,Trung lập,Không đồng ý,Không đồng ý,Hoàn toàn không đồng ý,Hoàn toàn không quan tâm,Quan tâm ở mức trung bình,Quan tâm ở mức trung bình,Quan tâm ở mức trung bình,Quan tâm ở mức trung bình,Quan tâm ở mức trung bình,Quan tâm ở mức trung bình,Quan tâm ở mức trung bình,Quan tâm ở mức trung bình,Quan tâm ở mức trung bình,Quan tâm ở mức trung bình,Quan tâm ở mức trung bình,Quan tâm ở mức trung bình,Quan tâm ở mức trung bình,Quan tâm ở mức trung bình,Quan tâm ở mức trung bình,Quan tâm ở mức trung bình,Quan tâm ở mức trung bình,Quan tâm ở mức trung bình,Quan tâm ở mức trung bình,Rất liên quan,Rất liên quan,Khá liên quan,Rất liên quan,Rất liên quan,Khá liên quan,Hơi liên quan,Rất liên quan,Rất liên quan,Rất liên quan,Rất liên quan,Rất liên quan,Khá liên quan,Khá liên quan,Không liên quan
4/23/2026 12:16:04,Nữ,19,Thành thị,Trung học phổ thông,Không,Có,Không,Đồng ý,Đồng ý,Đồng ý,Đồng ý,Đồng ý,Đồng ý,Đồng ý,Đồng ý,Đồng ý,Đồng ý,Đồng ý,Đồng ý,Đồng ý,Đồng ý,Đồng ý,Đồng ý,Đồng ý,Đồng ý,Đồng ý,Đồng ý,Đồng ý,Đồng ý,Khá quan tâm,Khá quan tâm,Khá quan tâm,Khá quan tâm,Khá quan tâm,Khá quan tâm,Khá quan tâm,Khá quan tâm,Khá quan tâm,Khá quan tâm,Khá quan tâm,Khá quan tâm,Khá quan tâm,Khá quan tâm,Khá quan tâm,Khá quan tâm,Khá quan tâm,Khá quan tâm,Khá quan tâm,Khá quan tâm,Khá liên quan,Khá liên quan,Khá liên quan,Khá liên quan,Khá liên quan,Khá liên quan,Khá liên quan,Khá liên quan,Khá liên quan,Khá liên quan,Khá liên quan,Khá liên quan,Khá liên quan,Khá liên quan,Khá liên quan
4/23/2026 12:17:06,Nữ,18,Thành thị,Trung học phổ thông,Không,Không,Không,Trung lập,Không đồng ý,Đồng ý,Hoàn toàn đồng ý,Trung lập,Trung lập,Không đồng ý,Trung lập,Trung lập,Trung lập,Hoàn toàn không đồng ý,Trung lập,Trung lập,Hoàn toàn đồng ý,Hoàn toàn đồng ý,Đồng ý,Đồng ý,Đồng ý,Trung lập,Trung lập,Không đồng ý,Trung lập,Quan tâm ở mức trung bình,Có hứng thú một chút,Có hứng thú một chút,Hoàn toàn không quan tâm,Hoàn toàn không quan tâm,Hoàn toàn không quan tâm,Quan tâm ở mức trung bình,Có hứng thú một chút,Có hứng thú một chút,Có hứng thú một chút,Có hứng thú một chút,Quan tâm ở mức trung bình,Hoàn toàn không quan tâm,Có hứng thú một chút,Có hứng thú một chút,Hoàn toàn không quan tâm,Hoàn toàn không quan tâm,Có hứng thú một chút,Có hứng thú một chút,Rất quan tâm,Rất liên quan,Khá liên quan,Khá liên quan,Rất liên quan,Rất liên quan,Hơi liên quan,Khá liên quan,Khá liên quan,Khá liên quan,Khá liên quan,Rất liên quan,Rất liên quan,Rất liên quan,Rất liên quan,Rất liên quan
4/23/2026 12:19:55,Nữ,19,Nông thôn,Trung học phổ thông,Có,Có,Có,Hoàn toàn đồng ý,Hoàn toàn không đồng ý,Hoàn toàn đồng ý,Hoàn toàn đồng ý,Hoàn toàn đồng ý,Hoàn toàn đồng ý,Đồng ý,Hoàn toàn không đồng ý,Hoàn toàn không đồng ý,Không đồng ý,Không đồng ý,Trung lập,Không đồng ý,Đồng ý,Hoàn toàn đồng ý,Hoàn toàn đồng ý,Trung lập,Đồng ý,Đồng ý,Trung lập,Đồng ý,Đồng ý,Quan tâm ở mức trung bình,Quan tâm ở mức trung bình,Quan tâm ở mức trung bình,Quan tâm ở mức trung bình,Quan tâm ở mức trung bình,Quan tâm ở mức trung bình,Quan tâm ở mức trung bình,Quan tâm ở mức trung bình,Quan tâm ở mức trung bình,Quan tâm ở mức trung bình,Quan tâm ở mức trung bình,Quan tâm ở mức trung bình,Quan tâm ở mức trung bình,Quan tâm ở mức trung bình,Quan tâm ở mức trung bình,Quan tâm ở mức trung bình,Quan tâm ở mức trung bình,Quan tâm ở mức trung bình,Quan tâm ở mức trung bình,Quan tâm ở mức trung bình,Khá liên quan,Khá liên quan,Khá liên quan,Khá liên quan,Khá liên quan,Khá liên quan,Khá liên quan,Khá liên quan,Khá liên quan,Khá liên quan,Khá liên quan,Khá liên quan,Khá liên quan,Khá liên quan,Khá liên quan
4/23/2026 12:22:03,Nam,23,Thành thị,Cao Đẳng/ Đại học,Có,Không,Không,Trung lập,Hoàn toàn không đồng ý,Đồng ý,Hoàn toàn đồng ý,Đồng ý,Đồng ý,Đồng ý,Không đồng ý,Trung lập,Đồng ý,Trung lập,Đồng ý,Trung lập,Trung lập,Trung lập,Trung lập,Trung lập,Không đồng ý,Không đồng ý,Không đồng ý,Không đồng ý,Không đồng ý,Quan tâm ở mức trung bình,Khá quan tâm,Khá quan tâm,Khá quan tâm,Khá quan tâm,Khá quan tâm,Có hứng thú một chút,Khá quan tâm,Khá quan tâm,Khá quan tâm,Có hứng thú một chút,Khá quan tâm,Khá quan tâm,Khá quan tâm,Có hứng thú một chút,Quan tâm ở mức trung bình,Khá quan tâm,Khá quan tâm,Quan tâm ở mức trung bình,Khá quan tâm,Khá liên quan,Rất liên quan,Hơi liên quan,Khá liên quan,Khá liên quan,Khá liên quan,Rất liên quan,Rất liên quan,Hơi liên quan,Rất liên quan,Rất liên quan,Rất liên quan,Rất liên quan,Rất liên quan,Hơi liên quan
4/23/2026 12:25:38,Nam,19,Nông thôn,Trung học phổ thông,Không,Có,Không,Trung lập,Trung lập,Đồng ý,Đồng ý,Trung lập,Không đồng ý,Hoàn toàn đồng ý,Trung lập,Hoàn toàn đồng ý,Trung lập,Không đồng ý,Hoàn toàn đồng ý,Trung lập,Đồng ý,Đồng ý,Không đồng ý,Không đồng ý,Đồng ý,Trung lập,Hoàn toàn không đồng ý,Trung lập,Trung lập,Hoàn toàn không quan tâm,Hoàn toàn không quan tâm,Hoàn toàn không quan tâm,Hoàn toàn không quan tâm,Hoàn toàn không quan tâm,Hoàn toàn không quan tâm,Hoàn toàn không quan tâm,Hoàn toàn không quan tâm,Hoàn toàn không quan tâm,Hoàn toàn không quan tâm,Hoàn toàn không quan tâm,Hoàn toàn không quan tâm,Hoàn toàn không quan tâm,Hoàn toàn không quan tâm,Hoàn toàn không quan tâm,Hoàn toàn không quan tâm,Hoàn toàn không quan tâm,Hoàn toàn không quan tâm,Hoàn toàn không quan tâm,Hoàn toàn không quan tâm,Rất liên quan,Khá liên quan,Khá liên quan,Rất liên quan,Rất liên quan,Khá liên quan,Hơi liên quan,Khá liên quan,Khá liên quan,Khá liên quan,Rất liên quan,Rất liên quan,Rất liên quan,Rất liên quan,Rất liên quan
4/23/2026 12:25:49,Nữ,18,Thành thị,Trung học phổ thông,Có,Có,Không,Trung lập,Trung lập,Trung lập,Đồng ý,Trung lập,Trung lập,Không đồng ý,Trung lập,Đồng ý,Trung lập,Trung lập,Trung lập,Trung lập,Trung lập,Trung lập,Trung lập,Trung lập,Trung lập,Trung lập,Trung lập,Trung lập,Trung lập,Quan tâm ở mức trung bình,Quan tâm ở mức trung bình,Quan tâm ở mức trung bình,Quan tâm ở mức trung bình,Quan tâm ở mức trung bình,Quan tâm ở mức trung bình,Quan tâm ở mức trung bình,Quan tâm ở mức trung bình,Quan tâm ở mức trung bình,Quan tâm ở mức trung bình,Quan tâm ở mức trung bình,Quan tâm ở mức trung bình,Quan tâm ở mức trung bình,Quan tâm ở mức trung bình,Quan tâm ở mức trung bình,Quan tâm ở mức trung bình,Quan tâm ở mức trung bình,Quan tâm ở mức trung bình,Quan tâm ở mức trung bình,Quan tâm ở mức trung bình,Khá liên quan,Hơi liên quan,Hơi liên quan,Rất liên quan,Khá liên quan,Khá liên quan,Hơi liên quan,Hơi liên quan,Khá liên quan,Khá liên quan,Rất liên quan,Rất liên quan,Rất liên quan,Hơi liên quan,Hơi liên quan
4/23/2026 12:26:57,Nữ,18,Thành thị,Trung học phổ thông,Có,Không,Có,Hoàn toàn không đồng ý,Trung lập,Hoàn toàn không đồng ý,Đồng ý,Hoàn toàn không đồng ý,Trung lập,Trung lập,Hoàn toàn không đồng ý,Đồng ý,Không đồng ý,Không đồng ý,Hoàn toàn không đồng ý,Trung lập,Đồng ý,Trung lập,Không đồng ý,Hoàn toàn không đồng ý,Hoàn toàn không đồng ý,Trung lập,Không đồng ý,Không đồng ý,Không đồng ý,Quan tâm ở mức trung bình,Có hứng thú một chút,Hoàn toàn không quan tâm,Hoàn toàn không quan tâm,Có hứng thú một chút,Có hứng thú một chút,Khá quan tâm,Rất quan tâm,Quan tâm ở mức trung bình,Rất quan tâm,Khá quan tâm,Quan tâm ở mức trung bình,Có hứng thú một chút,Hoàn toàn không quan tâm,Có hứng thú một chút,Có hứng thú một chút,Hoàn toàn không quan tâm,Hoàn toàn không quan tâm,Hoàn toàn không quan tâm,Hoàn toàn không quan tâm,Hơi liên quan,Không liên quan,Khá liên quan,Khá liên quan,Khá liên quan,Khá liên quan,Hơi liên quan,Không liên quan,Hơi liên quan,Hơi liên quan,Không liên quan,Khá liên quan,Khá liên quan,Hơi liên quan,Hơi liên quan
4/23/2026 12:32:57,Nam,20,Nông thôn,Trung học phổ thông,Không,Có,Không,Trung lập,Trung lập,Đồng ý,Trung lập,Trung lập,Đồng ý,Hoàn toàn đồng ý,Trung lập,Đồng ý,Đồng ý,Trung lập,Đồng ý,Đồng ý,Trung lập,Đồng ý,Trung lập,Đồng ý,Đồng ý,Đồng ý,Trung lập,Đồng ý,Trung lập,Quan tâm ở mức trung bình,Có hứng thú một chút,Quan tâm ở mức trung bình,Quan tâm ở mức trung bình,Quan tâm ở mức trung bình,Quan tâm ở mức trung bình,Quan tâm ở mức trung bình,Có hứng thú một chút,Quan tâm ở mức trung bình,Quan tâm ở mức trung bình,Có hứng thú một chút,Có hứng thú một chút,Quan tâm ở mức trung bình,Có hứng thú một chút,Quan tâm ở mức trung bình,Có hứng thú một chút,Có hứng thú một chút,Quan tâm ở mức trung bình,Có hứng thú một chút,Quan tâm ở mức trung bình,Khá liên quan,Hơi liên quan,Khá liên quan,Khá liên quan,Rất liên quan,Khá liên quan,Khá liên quan,Khá liên quan,Rất liên quan,Rất liên quan,Rất liên quan,Rất liên quan,Khá liên quan,Rất liên quan,Rất liên quan
4/23/2026 12:48:41,Nam,18,Thành thị,Trung học phổ thông,Có,Có,Không,Trung lập,Hoàn toàn đồng ý,Hoàn toàn đồng ý,Hoàn toàn đồng ý,Đồng ý,Đồng ý,Đồng ý,Hoàn toàn đồng ý,Hoàn toàn đồng ý,Hoàn toàn đồng ý,Trung lập,Hoàn toàn đồng ý,Hoàn toàn đồng ý,Hoàn toàn đồng ý,Trung lập,Trung lập,Đồng ý,Trung lập,Hoàn toàn đồng ý,Trung lập,Đồng ý,Trung lập,Có hứng thú một chút,Quan tâm ở mức trung bình,Có hứng thú một chút,Quan tâm ở mức trung bình,Rất quan tâm,Khá quan tâm,Quan tâm ở mức trung bình,Rất quan tâm,Khá quan tâm,Khá quan tâm,Rất quan tâm,Khá quan tâm,Quan tâm ở mức trung bình,Rất quan tâm,Khá quan tâm,Quan tâm ở mức trung bình,Quan tâm ở mức trung bình,Quan tâm ở mức trung bình,Quan tâm ở mức trung bình,Quan tâm ở mức trung bình,Hơi liên quan,Khá liên quan,Không liên quan,Hơi liên quan,Hơi liên quan,Hơi liên quan,Không liên quan,Khá liên quan,Khá liên quan,Hơi liên quan,Hơi liên quan,Hơi liên quan,Hơi liên quan,Khá liên quan,Không liên quan
4/23/2026 12:52:45,Nam,19,Thành thị,Trung học phổ thông,Có,Có,Có,Trung lập,Trung lập,Không đồng ý,Hoàn toàn không đồng ý,Trung lập,Hoàn toàn không đồng ý,Không đồng ý,Hoàn toàn không đồng ý,Trung lập,Hoàn toàn không đồng ý,Đồng ý,Đồng ý,Trung lập,Đồng ý,Không đồng ý,Đồng ý,Trung lập,Đồng ý,Trung lập,Đồng ý,Trung lập,Đồng ý,Khá quan tâm,Khá quan tâm,Khá quan tâm,Khá quan tâm,Khá quan tâm,Khá quan tâm,Có hứng thú một chút,Khá quan tâm,Khá quan tâm,Khá quan tâm,Quan tâm ở mức trung bình,Khá quan tâm,Khá quan tâm,Khá quan tâm,Quan tâm ở mức trung bình,Khá quan tâm,Quan tâm ở mức trung bình,Quan tâm ở mức trung bình,Khá quan tâm,Khá quan tâm,Khá liên quan,Rất liên quan,Rất liên quan,Rất liên quan,Rất liên quan,Rất liên quan,Khá liên quan,Rất liên quan,Khá liên quan,Rất liên quan,Khá liên quan,Khá liên quan,Rất liên quan,Khá liên quan,Khá liên quan
4/23/2026 12:55:29,Nam,19,Nông thôn,Trung học phổ thông,Có,Có,Có,Hoàn toàn đồng ý,Hoàn toàn đồng ý,Hoàn toàn đồng ý,Hoàn toàn đồng ý,Hoàn toàn đồng ý,Hoàn toàn đồng ý,Hoàn toàn đồng ý,Hoàn toàn đồng ý,Hoàn toàn đồng ý,Hoàn toàn đồng ý,Hoàn toàn đồng ý,Hoàn toàn đồng ý,Hoàn toàn đồng ý,Hoàn toàn đồng ý,Hoàn toàn đồng ý,Hoàn toàn đồng ý,Hoàn toàn đồng ý,Hoàn toàn đồng ý,Hoàn toàn đồng ý,Hoàn toàn đồng ý,Hoàn toàn đồng ý,Hoàn toàn đồng ý,Rất quan tâm,Rất quan tâm,Rất quan tâm,Rất quan tâm,Rất quan tâm,Rất quan tâm,Rất quan tâm,Rất quan tâm,Rất quan tâm,Rất quan tâm,Rất quan tâm,Rất quan tâm,Rất quan tâm,Rất quan tâm,Rất quan tâm,Rất quan tâm,Rất quan tâm,Rất quan tâm,Rất quan tâm,Rất quan tâm,Rất liên quan,Khá liên quan,Rất liên quan,Rất liên quan,Rất liên quan,Rất liên quan,Rất liên quan,Rất liên quan,Rất liên quan,Rất liên quan,Rất liên quan,Rất liên quan,Rất liên quan,Rất liên quan,Rất liên quan
4/23/2026 12:58:02,Nữ,19,Thành thị,Trung học phổ thông,Có,Có,Có,Trung lập,Trung lập,Trung lập,Trung lập,Trung lập,Trung lập,Trung lập,Trung lập,Trung lập,Trung lập,Trung lập,Trung lập,Trung lập,Trung lập,Trung lập,Trung lập,Trung lập,Trung lập,Trung lập,Trung lập,Trung lập,Trung lập,Có hứng thú một chút,Có hứng thú một chút,Có hứng thú một chút,Có hứng thú một chút,Có hứng thú một chút,Có hứng thú một chút,Có hứng thú một chút,Có hứng thú một chút,Có hứng thú một chút,Có hứng thú một chút,Có hứng thú một chút,Có hứng thú một chút,Có hứng thú một chút,Có hứng thú một chút,Có hứng thú một chút,Có hứng thú một chút,Có hứng thú một chút,Có hứng thú một chút,Có hứng thú một chút,Có hứng thú một chút,Hơi liên quan,Rất liên quan,Hơi liên quan,Khá liên quan,Khá liên quan,Hơi liên quan,Hơi liên quan,Hơi liên quan,Không liên quan,Hơi liên quan,Rất liên quan,Hơi liên quan,Hơi liên quan,Hơi liên quan,Hơi liên quan
4/23/2026 13:00:41,Nữ,18,Thành thị,Trung học phổ thông,Có,Có,Không,Trung lập,Trung lập,Trung lập,Trung lập,Trung lập,Trung lập,Trung lập,Trung lập,Trung lập,Trung lập,Trung lập,Trung lập,Trung lập,Trung lập,Trung lập,Trung lập,Trung lập,Trung lập,Trung lập,Trung lập,Trung lập,Trung lập,Có hứng thú một chút,Có hứng thú một chút,Có hứng thú một chút,Có hứng thú một chút,Có hứng thú một chút,Có hứng thú một chút,Có hứng thú một chút,Có hứng thú một chút,Có hứng thú một chút,Có hứng thú một chút,Có hứng thú một chút,Có hứng thú một chút,Có hứng thú một chút,Có hứng thú một chút,Có hứng thú một chút,Có hứng thú một chút,Có hứng thú một chút,Có hứng thú một chút,Có hứng thú một chút,Có hứng thú một chút,Rất liên quan,Khá liên quan,Hơi liên quan,Khá liên quan,Khá liên quan,Khá liên quan,Khá liên quan,Khá liên quan,Khá liên quan,Khá liên quan,Khá liên quan,Khá liên quan,Khá liên quan,Khá liên quan,Khá liên quan
4/23/2026 13:04:18,Nam,19,Nông thôn,Trung học phổ thông,Không,Không,Không,Trung lập,Hoàn toàn đồng ý,Hoàn toàn đồng ý,Hoàn toàn đồng ý,Hoàn toàn đồng ý,Hoàn toàn đồng ý,Hoàn toàn đồng ý,Hoàn toàn đồng ý,Hoàn toàn đồng ý,Hoàn toàn đồng ý,Đồng ý,Đồng ý,Trung lập,Đồng ý,Đồng ý,Trung lập,Đồng ý,Đồng ý,Đồng ý,Trung lập,Trung lập,Trung lập,Quan tâm ở mức trung bình,Có hứng thú một chút,Khá quan tâm,Quan tâm ở mức trung bình,Khá quan tâm,Quan tâm ở mức trung bình,Quan tâm ở mức trung bình,Quan tâm ở mức trung bình,Khá quan tâm,Khá quan tâm,Khá quan tâm,Khá quan tâm,Khá quan tâm,Khá quan tâm,Khá quan tâm,Khá quan tâm,Khá quan tâm,Khá quan tâm,Khá quan tâm,Khá quan tâm,Khá liên quan,Khá liên quan,Hơi liên quan,Hơi liên quan,Khá liên quan,Rất liên quan,Rất liên quan,Rất liên quan,Rất liên quan,Hơi liên quan,Khá liên quan,Khá liên quan,Hơi liên quan,Khá liên quan,Khá liên quan
4/23/2026 13:05:03,Nữ,18,Thành thị,Trung học phổ thông,Không,Có,Không,Trung lập,Trung lập,Đồng ý,Hoàn toàn đồng ý,Trung lập,Trung lập,Trung lập,Hoàn toàn không đồng ý,Không đồng ý,Trung lập,Đồng ý,Trung lập,Trung lập,Trung lập,Trung lập,Trung lập,Trung lập,Trung lập,Trung lập,Trung lập,Trung lập,Trung lập,Quan tâm ở mức trung bình,Quan tâm ở mức trung bình,Quan tâm ở mức trung bình,Quan tâm ở mức trung bình,Quan tâm ở mức trung bình,Quan tâm ở mức trung bình,Quan tâm ở mức trung bình,Quan tâm ở mức trung bình,Quan tâm ở mức trung bình,Quan tâm ở mức trung bình,Quan tâm ở mức trung bình,Quan tâm ở mức trung bình,Quan tâm ở mức trung bình,Quan tâm ở mức trung bình,Quan tâm ở mức trung bình,Quan tâm ở mức trung bình,Quan tâm ở mức trung bình,Quan tâm ở mức trung bình,Quan tâm ở mức trung bình,Quan tâm ở mức trung bình,Khá liên quan,Khá liên quan,Khá liên quan,Khá liên quan,Khá liên quan,Khá liên quan,Khá liên quan,Khá liên quan,Khá liên quan,Khá liên quan,Khá liên quan,Khá liên quan,Khá liên quan,Khá liên quan,Khá liên quan
4/23/2026 13:10:27,Nữ,27,Nông thôn,Sau Đại học,Có,Có,Có,Đồng ý,Đồng ý,Trung lập,Trung lập,Trung lập,Đồng ý,Trung lập,Đồng ý,Đồng ý,Đồng ý,Đồng ý,Đồng ý,Trung lập,Trung lập,Trung lập,Trung lập,Trung lập,Đồng ý,Đồng ý,Đồng ý,Đồng ý,Đồng ý,Quan tâm ở mức trung bình,Quan tâm ở mức trung bình,Quan tâm ở mức trung bình,Khá quan tâm,Khá quan tâm,Khá quan tâm,Khá quan tâm,Khá quan tâm,Khá quan tâm,Quan tâm ở mức trung bình,Quan tâm ở mức trung bình,Quan tâm ở mức trung bình,Quan tâm ở mức trung bình,Quan tâm ở mức trung bình,Quan tâm ở mức trung bình,Khá quan tâm,Khá quan tâm,Khá quan tâm,Khá quan tâm,Khá quan tâm,Rất liên quan,Khá liên quan,Rất liên quan,Rất liên quan,Rất liên quan,Khá liên quan,Khá liên quan,Khá liên quan,Khá liên quan,Khá liên quan,Rất liên quan,Rất liên quan,Rất liên quan,Rất liên quan,Khá liên quan
4/23/2026 13:11:39,Nam,18,Thành thị,Trung học phổ thông,Có,Không,Không,Trung lập,Không đồng ý,Đồng ý,Hoàn toàn đồng ý,Trung lập,Đồng ý,Đồng ý,Không đồng ý,Trung lập,Trung lập,Không đồng ý,Trung lập,Trung lập,Trung lập,Trung lập,Trung lập,Trung lập,Trung lập,Trung lập,Trung lập,Trung lập,Trung lập,Có hứng thú một chút,Có hứng thú một chút,Quan tâm ở mức trung bình,Quan tâm ở mức trung bình,Quan tâm ở mức trung bình,Quan tâm ở mức trung bình,Quan tâm ở mức trung bình,Quan tâm ở mức trung bình,Quan tâm ở mức trung bình,Quan tâm ở mức trung bình,Quan tâm ở mức trung bình,Quan tâm ở mức trung bình,Quan tâm ở mức trung bình,Quan tâm ở mức trung bình,Quan tâm ở mức trung bình,Quan tâm ở mức trung bình,Quan tâm ở mức trung bình,Quan tâm ở mức trung bình,Quan tâm ở mức trung bình,Quan tâm ở mức trung bình,Khá liên quan,Khá liên quan,Khá liên quan,Khá liên quan,Khá liên quan,Khá liên quan,Khá liên quan,Khá liên quan,Khá liên quan,Khá liên quan,Khá liên quan,Khá liên quan,Khá liên quan,Khá liên quan,Khá liên quan
4/23/2026 13:12:20,Nam,28,Thành thị,Sau Đại học,Có,Có,Không,Đồng ý,Đồng ý,Đồng ý,Đồng ý,Đồng ý,Đồng ý,Đồng ý,Trung lập,Trung lập,Trung lập,Đồng ý,Đồng ý,Đồng ý,Trung lập,Trung lập,Trung lập,Trung lập,Trung lập,Trung lập,Trung lập,Trung lập,Trung lập,Quan tâm ở mức trung bình,Khá quan tâm,Quan tâm ở mức trung bình,Quan tâm ở mức trung bình,Khá quan tâm,Khá quan tâm,Khá quan tâm,Quan tâm ở mức trung bình,Quan tâm ở mức trung bình,Quan tâm ở mức trung bình,Quan tâm ở mức trung bình,Quan tâm ở mức trung bình,Quan tâm ở mức trung bình,Quan tâm ở mức trung bình,Khá quan tâm,Khá quan tâm,Khá quan tâm,Khá quan tâm,Khá quan tâm,Quan tâm ở mức trung bình,Khá liên quan,Khá liên quan,Khá liên quan,Khá liên quan,Khá liên quan,Rất liên quan,Rất liên quan,Rất liên quan,Khá liên quan,Khá liên quan,Khá liên quan,Khá liên quan,Khá liên quan,Khá liên quan,Khá liên quan
4/23/2026 13:12:26,Nam,28,Thành thị,Sau Đại học,Có,Có,Không,Đồng ý,Đồng ý,Đồng ý,Đồng ý,Đồng ý,Đồng ý,Đồng ý,Trung lập,Trung lập,Trung lập,Đồng ý,Đồng ý,Đồng ý,Trung lập,Trung lập,Trung lập,Trung lập,Trung lập,Trung lập,Trung lập,Trung lập,Trung lập,Quan tâm ở mức trung bình,Khá quan tâm,Quan tâm ở mức trung bình,Quan tâm ở mức trung bình,Khá quan tâm,Khá quan tâm,Khá quan tâm,Quan tâm ở mức trung bình,Quan tâm ở mức trung bình,Quan tâm ở mức trung bình,Quan tâm ở mức trung bình,Quan tâm ở mức trung bình,Quan tâm ở mức trung bình,Quan tâm ở mức trung bình,Khá quan tâm,Khá quan tâm,Khá quan tâm,Khá quan tâm,Khá quan tâm,Quan tâm ở mức trung bình,Khá liên quan,Khá liên quan,Khá liên quan,Khá liên quan,Khá liên quan,Rất liên quan,Rất liên quan,Rất liên quan,Khá liên quan,Khá liên quan,Khá liên quan,Khá liên quan,Khá liên quan,Khá liên quan,Khá liên quan
4/23/2026 13:14:49,Nữ,30,Nông thôn,Trung học phổ thông,Có,Không,Không,Đồng ý,Đồng ý,Trung lập,Trung lập,Trung lập,Trung lập,Trung lập,Trung lập,Trung lập,Đồng ý,Đồng ý,Đồng ý,Đồng ý,Đồng ý,Đồng ý,Đồng ý,Trung lập,Trung lập,Trung lập,Trung lập,Đồng ý,Đồng ý,Khá quan tâm,Khá quan tâm,Quan tâm ở mức trung bình,Quan tâm ở mức trung bình,Quan tâm ở mức trung bình,Quan tâm ở mức trung bình,Khá quan tâm,Khá quan tâm,Khá quan tâm,Khá quan tâm,Khá quan tâm,Khá quan tâm,Quan tâm ở mức trung bình,Quan tâm ở mức trung bình,Quan tâm ở mức trung bình,Quan tâm ở mức trung bình,Quan tâm ở mức trung bình,Quan tâm ở mức trung bình,Khá quan tâm,Khá quan tâm,Khá liên quan,Khá liên quan,Khá liên quan,Khá liên quan,Khá liên quan,Rất liên quan,Rất liên quan,Rất liên quan,Khá liên quan,Khá liên quan,Khá liên quan,Khá liên quan,Khá liên quan,Khá liên quan,Khá liên quan
4/23/2026 13:16:48,Nam,30,Nông thôn,Cao Đẳng/ Đại học,Không,Không,Không,Trung lập,Trung lập,Trung lập,Trung lập,Trung lập,Trung lập,Đồng ý,Đồng ý,Đồng ý,Trung lập,Trung lập,Đồng ý,Đồng ý,Đồng ý,Trung lập,Trung lập,Trung lập,Đồng ý,Trung lập,Trung lập,Trung lập,Trung lập,Khá quan tâm,Khá quan tâm,Quan tâm ở mức trung bình,Quan tâm ở mức trung bình,Quan tâm ở mức trung bình,Quan tâm ở mức trung bình,Quan tâm ở mức trung bình,Quan tâm ở mức trung bình,Khá quan tâm,Khá quan tâm,Khá quan tâm,Khá quan tâm,Khá quan tâm,Khá quan tâm,Quan tâm ở mức trung bình,Quan tâm ở mức trung bình,Quan tâm ở mức trung bình,Quan tâm ở mức trung bình,Quan tâm ở mức trung bình,Quan tâm ở mức trung bình,Khá liên quan,Khá liên quan,Khá liên quan,Hơi liên quan,Hơi liên quan,Hơi liên quan,Hơi liên quan,Hơi liên quan,Hơi liên quan,Khá liên quan,Khá liên quan,Khá liên quan,Hơi liên quan,Hơi liên quan,Hơi liên quan
4/23/2026 13:34:40,Nữ,19,Thành thị,Trung học phổ thông,Không,Không,Không,Trung lập,Không đồng ý,Đồng ý,Hoàn toàn đồng ý,Đồng ý,Đồng ý,Đồng ý,Không đồng ý,Đồng ý,Trung lập,Trung lập,Hoàn toàn đồng ý,Đồng ý,Hoàn toàn không đồng ý,Không đồng ý,Trung lập,Trung lập,Trung lập,Trung lập,Không đồng ý,Trung lập,Đồng ý,Quan tâm ở mức trung bình,Quan tâm ở mức trung bình,Quan tâm ở mức trung bình,Quan tâm ở mức trung bình,Quan tâm ở mức trung bình,Quan tâm ở mức trung bình,Quan tâm ở mức trung bình,Quan tâm ở mức trung bình,Quan tâm ở mức trung bình,Quan tâm ở mức trung bình,Quan tâm ở mức trung bình,Quan tâm ở mức trung bình,Quan tâm ở mức trung bình,Quan tâm ở mức trung bình,Quan tâm ở mức trung bình,Quan tâm ở mức trung bình,Quan tâm ở mức trung bình,Quan tâm ở mức trung bình,Quan tâm ở mức trung bình,Quan tâm ở mức trung bình,Khá liên quan,Khá liên quan,Không liên quan,Hơi liên quan,Hơi liên quan,Rất liên quan,Hơi liên quan,Hơi liên quan,Không liên quan,Khá liên quan,Khá liên quan,Rất liên quan,Khá liên quan,Rất liên quan,Hơi liên quan
4/23/2026 15:42:48,Nam,22,Thành thị,Trung học phổ thông,Có,Có,Có,Đồng ý,Hoàn toàn đồng ý,Đồng ý,Hoàn toàn đồng ý,Hoàn toàn đồng ý,Hoàn toàn đồng ý,Hoàn toàn đồng ý,Đồng ý,Hoàn toàn đồng ý,Hoàn toàn đồng ý,Hoàn toàn đồng ý,Đồng ý,Hoàn toàn đồng ý,Hoàn toàn đồng ý,Hoàn toàn đồng ý,Hoàn toàn đồng ý,Hoàn toàn đồng ý,Đồng ý,Hoàn toàn đồng ý,Hoàn toàn đồng ý,Đồng ý,Hoàn toàn đồng ý,Khá quan tâm,Khá quan tâm,Khá quan tâm,Rất quan tâm,Rất quan tâm,Rất quan tâm,Khá quan tâm,Rất quan tâm,Khá quan tâm,Rất quan tâm,Rất quan tâm,Rất quan tâm,Rất quan tâm,Khá quan tâm,Khá quan tâm,Khá quan tâm,Khá quan tâm,Khá quan tâm,Rất quan tâm,Rất quan tâm,Rất liên quan,Khá liên quan,Khá liên quan,Khá liên quan,Khá liên quan,Rất liên quan,Rất liên quan,Rất liên quan,Khá liên quan,Khá liên quan,Rất liên quan,Rất liên quan,Rất liên quan,Rất liên quan,Rất liên quan
4/23/2026 15:44:05,Nam,23,Thành thị,Trung học phổ thông,Không,Không,Không,Đồng ý,Hoàn toàn đồng ý,Đồng ý,Hoàn toàn đồng ý,Đồng ý,Hoàn toàn đồng ý,Đồng ý,Hoàn toàn đồng ý,Đồng ý,Hoàn toàn đồng ý,Hoàn toàn đồng ý,Hoàn toàn đồng ý,Đồng ý,Hoàn toàn đồng ý,Đồng ý,Hoàn toàn đồng ý,Hoàn toàn đồng ý,Đồng ý,Hoàn toàn đồng ý,Đồng ý,Hoàn toàn đồng ý,Hoàn toàn đồng ý,Rất quan tâm,Khá quan tâm,Rất quan tâm,Rất quan tâm,Rất quan tâm,Khá quan tâm,Rất quan tâm,Rất quan tâm,Khá quan tâm,Rất quan tâm,Rất quan tâm,Rất quan tâm,Khá quan tâm,Rất quan tâm,Rất quan tâm,Rất quan tâm,Rất quan tâm,Khá quan tâm,Rất quan tâm,Rất quan tâm,Rất liên quan,Khá liên quan,Khá liên quan,Rất liên quan,Rất liên quan,Rất liên quan,Khá liên quan,Rất liên quan,Rất liên quan,Rất liên quan,Rất liên quan,Rất liên quan,Rất liên quan,Rất liên quan,Rất liên quan
4/23/2026 15:46:08,Nữ,22,Nông thôn,Trung học phổ thông,Có,Có,Có,Hoàn toàn đồng ý,Hoàn toàn đồng ý,Hoàn toàn đồng ý,Hoàn toàn đồng ý,Hoàn toàn đồng ý,Hoàn toàn đồng ý,Hoàn toàn đồng ý,Hoàn toàn đồng ý,Hoàn toàn đồng ý,Hoàn toàn đồng ý,Hoàn toàn đồng ý,Đồng ý,Hoàn toàn đồng ý,Hoàn toàn đồng ý,Hoàn toàn đồng ý,Hoàn toàn đồng ý,Hoàn toàn đồng ý,Hoàn toàn đồng ý,Hoàn toàn đồng ý,Hoàn toàn đồng ý,Hoàn toàn đồng ý,Hoàn toàn đồng ý,Khá quan tâm,Rất quan tâm,Khá quan tâm,Rất quan tâm,Khá quan tâm,Rất quan tâm,Rất quan tâm,Khá quan tâm,Rất quan tâm,Rất quan tâm,Khá quan tâm,Rất quan tâm,Rất quan tâm,Khá quan tâm,Rất quan tâm,Rất quan tâm,Rất quan tâm,Rất quan tâm,Khá quan tâm,Rất quan tâm,Khá liên quan,Rất liên quan,Khá liên quan,Khá liên quan,Khá liên quan,Rất liên quan,Khá liên quan,Rất liên quan,Khá liên quan,Rất liên quan,Rất liên quan,Rất liên quan,Rất liên quan,Khá liên quan,Khá liên quan
4/23/2026 15:48:19,Nam,23,Nông thôn,Trung học cơ sở,Không,Không,Không,Trung lập,Đồng ý,Hoàn toàn đồng ý,Đồng ý,Hoàn toàn đồng ý,Đồng ý,Hoàn toàn đồng ý,Đồng ý,Hoàn toàn đồng ý,Đồng ý,Hoàn toàn đồng ý,Đồng ý,Hoàn toàn đồng ý,Đồng ý,Hoàn toàn đồng ý,Đồng ý,Đồng ý,Đồng ý,Đồng ý,Đồng ý,Hoàn toàn đồng ý,Đồng ý,Rất quan tâm,Khá quan tâm,Rất quan tâm,Khá quan tâm,Rất quan tâm,Rất quan tâm,Rất quan tâm,Khá quan tâm,Rất quan tâm,Khá quan tâm,Rất quan tâm,Khá quan tâm,Rất quan tâm,Khá quan tâm,Rất quan tâm,Rất quan tâm,Rất quan tâm,Rất quan tâm,Rất quan tâm,Khá quan tâm,Rất liên quan,Rất liên quan,Rất liên quan,Rất liên quan,Rất liên quan,Rất liên quan,Rất liên quan,Rất liên quan,Rất liên quan,Rất liên quan,Rất liên quan,Rất liên quan,Rất liên quan,Rất liên quan,Rất liên quan
4/23/2026 15:49:32,Nữ,22,Thành thị,Cao Đẳng/ Đại học,Có,Có,Có,Đồng ý,Hoàn toàn đồng ý,Hoàn toàn đồng ý,Hoàn toàn đồng ý,Đồng ý,Hoàn toàn đồng ý,Hoàn toàn đồng ý,Hoàn toàn đồng ý,Đồng ý,Hoàn toàn đồng ý,Hoàn toàn đồng ý,Đồng ý,Hoàn toàn đồng ý,Hoàn toàn đồng ý,Đồng ý,Hoàn toàn đồng ý,Đồng ý,Hoàn toàn đồng ý,Hoàn toàn đồng ý,Đồng ý,Hoàn toàn đồng ý,Hoàn toàn đồng ý,Khá quan tâm,Rất quan tâm,Rất quan tâm,Rất quan tâm,Khá quan tâm,Rất quan tâm,Rất quan tâm,Rất quan tâm,Khá quan tâm,Rất quan tâm,Rất quan tâm,Rất quan tâm,Rất quan tâm,Rất quan tâm,Khá quan tâm,Rất quan tâm,Rất quan tâm,Rất quan tâm,Khá quan tâm,Rất quan tâm,Rất liên quan,Rất liên quan,Khá liên quan,Khá liên quan,Khá liên quan,Khá liên quan,Khá liên quan,Rất liên quan,Rất liên quan,Khá liên quan,Rất liên quan,Rất liên quan,Rất liên quan,Hơi liên quan,Khá liên quan
4/23/2026 15:53:11,Nam,22,Nông thôn,Cao Đẳng/ Đại học,Có,Có,Có,Đồng ý,Đồng ý,Đồng ý,Đồng ý,Đồng ý,Đồng ý,Đồng ý,Hoàn toàn đồng ý,Đồng ý,Hoàn toàn đồng ý,Hoàn toàn đồng ý,Đồng ý,Hoàn toàn đồng ý,Hoàn toàn đồng ý,Hoàn toàn đồng ý,Hoàn toàn đồng ý,Hoàn toàn đồng ý,Hoàn toàn đồng ý,Đồng ý,Hoàn toàn đồng ý,Hoàn toàn đồng ý,Đồng ý,Rất quan tâm,Khá quan tâm,Rất quan tâm,Khá quan tâm,Rất quan tâm,Khá quan tâm,Rất quan tâm,Khá quan tâm,Rất quan tâm,Rất quan tâm,Rất quan tâm,Khá quan tâm,Rất quan tâm,Khá quan tâm,Rất quan tâm,Khá quan tâm,Rất quan tâm,Rất quan tâm,Rất quan tâm,Rất quan tâm,Rất liên quan,Khá liên quan,Khá liên quan,Khá liên quan,Khá liên quan,Khá liên quan,Khá liên quan,Khá liên quan,Khá liên quan,Rất liên quan,Rất liên quan,Rất liên quan,Rất liên quan,Khá liên quan,Khá liên quan
4/23/2026 15:54:18,Nữ,20,Thành thị,Trung học phổ thông,Không,Không,Không,Hoàn toàn đồng ý,Hoàn toàn đồng ý,Hoàn toàn đồng ý,Hoàn toàn đồng ý,Hoàn toàn đồng ý,Hoàn toàn đồng ý,Hoàn toàn đồng ý,Hoàn toàn đồng ý,Hoàn toàn đồng ý,Hoàn toàn đồng ý,Hoàn toàn đồng ý,Đồng ý,Hoàn toàn đồng ý,Hoàn toàn đồng ý,Đồng ý,Hoàn toàn đồng ý,Hoàn toàn đồng ý,Đồng ý,Hoàn toàn đồng ý,Đồng ý,Hoàn toàn đồng ý,Hoàn toàn đồng ý,Khá quan tâm,Rất quan tâm,Khá quan tâm,Rất quan tâm,Khá quan tâm,Rất quan tâm,Rất quan tâm,Rất quan tâm,Khá quan tâm,Rất quan tâm,Khá quan tâm,Rất quan tâm,Khá quan tâm,Rất quan tâm,Rất quan tâm,Rất quan tâm,Khá quan tâm,Rất quan tâm,Khá quan tâm,Rất quan tâm,Rất liên quan,Rất liên quan,Rất liên quan,Rất liên quan,Khá liên quan,Rất liên quan,Rất liên quan,Khá liên quan,Rất liên quan,Khá liên quan,Khá liên quan,Rất liên quan,Rất liên quan,Rất liên quan,Khá liên quan
4/23/2026 15:55:35,Nam,19,Nông thôn,Trung học phổ thông,Có,Có,Có,Hoàn toàn đồng ý,Đồng ý,Hoàn toàn đồng ý,Hoàn toàn đồng ý,Đồng ý,Hoàn toàn đồng ý,Hoàn toàn đồng ý,Đồng ý,Hoàn toàn đồng ý,Hoàn toàn đồng ý,Hoàn toàn đồng ý,Hoàn toàn đồng ý,Hoàn toàn đồng ý,Hoàn toàn đồng ý,Hoàn toàn đồng ý,Đồng ý,Hoàn toàn đồng ý,Đồng ý,Hoàn toàn đồng ý,Hoàn toàn đồng ý,Đồng ý,Hoàn toàn đồng ý,Rất quan tâm,Khá quan tâm,Rất quan tâm,Khá quan tâm,Rất quan tâm,Rất quan tâm,Khá quan tâm,Rất quan tâm,Khá quan tâm,Rất quan tâm,Khá quan tâm,Rất quan tâm,Khá quan tâm,Rất quan tâm,Khá quan tâm,Rất quan tâm,Khá quan tâm,Rất quan tâm,Khá quan tâm,Rất quan tâm,Rất liên quan,Rất liên quan,Rất liên quan,Khá liên quan,Rất liên quan,Khá liên quan,Rất liên quan,Khá liên quan,Rất liên quan,Khá liên quan,Rất liên quan,Rất liên quan,Rất liên quan,Khá liên quan,Rất liên quan
4/23/2026 15:56:44,Nữ,23,Nông thôn,Cao Đẳng/ Đại học,Có,Có,Có,Hoàn toàn đồng ý,Đồng ý,Hoàn toàn đồng ý,Đồng ý,Hoàn toàn đồng ý,Đồng ý,Hoàn toàn đồng ý,Đồng ý,Hoàn toàn đồng ý,Đồng ý,Hoàn toàn đồng ý,Hoàn toàn đồng ý,Hoàn toàn đồng ý,Đồng ý,Hoàn toàn đồng ý,Hoàn toàn đồng ý,Đồng ý,Hoàn toàn đồng ý,Đồng ý,Hoàn toàn đồng ý,Đồng ý,Hoàn toàn đồng ý,Rất quan tâm,Rất quan tâm,Khá quan tâm,Rất quan tâm,Rất quan tâm,Khá quan tâm,Rất quan tâm,Khá quan tâm,Rất quan tâm,Rất quan tâm,Rất quan tâm,Rất quan tâm,Khá quan tâm,Rất quan tâm,Khá quan tâm,Rất quan tâm,Rất quan tâm,Rất quan tâm,Rất quan tâm,Rất quan tâm,Rất liên quan,Rất liên quan,Rất liên quan,Rất liên quan,Rất liên quan,Khá liên quan,Khá liên quan,Khá liên quan,Khá liên quan,Rất liên quan,Rất liên quan,Rất liên quan,Rất liên quan,Khá liên quan,Khá liên quan
4/23/2026 15:57:50,Nam,22,Nông thôn,Trung học phổ thông,Có,Có,Có,Hoàn toàn đồng ý,Đồng ý,Hoàn toàn đồng ý,Hoàn toàn đồng ý,Đồng ý,Hoàn toàn đồng ý,Đồng ý,Hoàn toàn đồng ý,Đồng ý,Hoàn toàn đồng ý,Hoàn toàn đồng ý,Đồng ý,Hoàn toàn đồng ý,Đồng ý,Hoàn toàn đồng ý,Đồng ý,Hoàn toàn đồng ý,Đồng ý,Hoàn toàn đồng ý,Đồng ý,Hoàn toàn đồng ý,Đồng ý,Rất quan tâm,Khá quan tâm,Rất quan tâm,Khá quan tâm,Rất quan tâm,Khá quan tâm,Rất quan tâm,Khá quan tâm,Rất quan tâm,Khá quan tâm,Rất quan tâm,Khá quan tâm,Rất quan tâm,Khá quan tâm,Khá quan tâm,Khá quan tâm,Rất quan tâm,Khá quan tâm,Rất quan tâm,Khá quan tâm,Rất liên quan,Khá liên quan,Rất liên quan,Khá liên quan,Rất liên quan,Khá liên quan,Rất liên quan,Khá liên quan,Rất liên quan,Khá liên quan,Rất liên quan,Khá liên quan,Rất liên quan,Khá liên quan,Rất liên quan
4/23/2026 16:00:16,Nữ,22,Nông thôn,Cao Đẳng/ Đại học,Có,Có,Có,Hoàn toàn đồng ý,Đồng ý,Hoàn toàn đồng ý,Hoàn toàn đồng ý,Đồng ý,Hoàn toàn đồng ý,Đồng ý,Hoàn toàn đồng ý,Đồng ý,Hoàn toàn đồng ý,Hoàn toàn đồng ý,Hoàn toàn đồng ý,Hoàn toàn đồng ý,Đồng ý,Hoàn toàn đồng ý,Đồng ý,Hoàn toàn đồng ý,Đồng ý,Hoàn toàn đồng ý,Hoàn toàn đồng ý,Hoàn toàn đồng ý,Hoàn toàn đồng ý,Rất quan tâm,Khá quan tâm,Rất quan tâm,Khá quan tâm,Rất quan tâm,Khá quan tâm,Rất quan tâm,Khá quan tâm,Rất quan tâm,Rất quan tâm,Khá quan tâm,Rất quan tâm,Rất quan tâm,Rất quan tâm,Khá quan tâm,Rất quan tâm,Khá quan tâm,Rất quan tâm,Khá quan tâm,Rất quan tâm,Rất liên quan,Khá liên quan,Rất liên quan,Khá liên quan,Rất liên quan,Khá liên quan,Rất liên quan,Khá liên quan,Rất liên quan,Khá liên quan,Rất liên quan,Rất liên quan,Rất liên quan,Khá liên quan,Khá liên quan
4/23/2026 16:10:49,Nam,24,Nông thôn,Cao Đẳng/ Đại học,Có,Có,Có,Trung lập,Đồng ý,Trung lập,Đồng ý,Không đồng ý,Hoàn toàn đồng ý,Trung lập,Không đồng ý,Trung lập,Đồng ý,Đồng ý,Đồng ý,Đồng ý,Đồng ý,Hoàn toàn đồng ý,Đồng ý,Hoàn toàn đồng ý,Hoàn toàn đồng ý,Hoàn toàn đồng ý,Hoàn toàn đồng ý,Hoàn toàn đồng ý,Hoàn toàn đồng ý,Khá quan tâm,Rất quan tâm,Rất quan tâm,Quan tâm ở mức trung bình,Rất quan tâm,Rất quan tâm,Rất quan tâm,Rất quan tâm,Rất quan tâm,Rất quan tâm,Rất quan tâm,Rất quan tâm,Rất quan tâm,Rất quan tâm,Rất quan tâm,Rất quan tâm,Rất quan tâm,Rất quan tâm,Rất quan tâm,Quan tâm ở mức trung bình,Rất liên quan,Hơi liên quan,Khá liên quan,Khá liên quan,Khá liên quan,Hơi liên quan,Khá liên quan,Khá liên quan,Rất liên quan,Rất liên quan,Khá liên quan,Hơi liên quan,Hơi liên quan,Khá liên quan,Không liên quan
4/23/2026 16:15:33,Nữ,24,Nông thôn,Cao Đẳng/ Đại học,Có,Không,Không,Đồng ý,Trung lập,Không đồng ý,Hoàn toàn đồng ý,Đồng ý,Hoàn toàn đồng ý,Đồng ý,Trung lập,Đồng ý,Đồng ý,Đồng ý,Hoàn toàn đồng ý,Đồng ý,Đồng ý,Đồng ý,Đồng ý,Hoàn toàn đồng ý,Trung lập,Trung lập,Đồng ý,Trung lập,Đồng ý,Khá quan tâm,Khá quan tâm,Khá quan tâm,Quan tâm ở mức trung bình,Quan tâm ở mức trung bình,Quan tâm ở mức trung bình,Khá quan tâm,Rất quan tâm,Rất quan tâm,Rất quan tâm,Rất quan tâm,Quan tâm ở mức trung bình,Khá quan tâm,Khá quan tâm,Có hứng thú một chút,Có hứng thú một chút,Có hứng thú một chút,Khá quan tâm,Rất quan tâm,Quan tâm ở mức trung bình,Khá liên quan,Rất liên quan,Khá liên quan,Hơi liên quan,Rất liên quan,Khá liên quan,Khá liên quan,Khá liên quan,Rất liên quan,Rất liên quan,Rất liên quan,Hơi liên quan,Khá liên quan,Rất liên quan,Không liên quan
4/23/2026 16:27:19,Nữ,20,Nông thôn,Cao Đẳng/ Đại học,Có,Có,Không,Trung lập,Trung lập,Trung lập,Trung lập,Trung lập,Trung lập,Trung lập,Trung lập,Trung lập,Trung lập,Trung lập,Trung lập,Trung lập,Trung lập,Trung lập,Trung lập,Trung lập,Trung lập,Trung lập,Trung lập,Trung lập,Trung lập,Khá quan tâm,Khá quan tâm,Khá quan tâm,Khá quan tâm,Khá quan tâm,Khá quan tâm,Khá quan tâm,Khá quan tâm,Khá quan tâm,Khá quan tâm,Khá quan tâm,Khá quan tâm,Khá quan tâm,Khá quan tâm,Khá quan tâm,Khá quan tâm,Khá quan tâm,Khá quan tâm,Khá quan tâm,Khá quan tâm,Khá liên quan,Khá liên quan,Khá liên quan,Khá liên quan,Khá liên quan,Khá liên quan,Khá liên quan,Khá liên quan,Khá liên quan,Khá liên quan,Khá liên quan,Khá liên quan,Khá liên quan,Khá liên quan,Khá liên quan
4/23/2026 16:39:09,Nam,22,Thành thị,Cao Đẳng/ Đại học,Không,Có,Không,Không đồng ý,Trung lập,Đồng ý,Đồng ý,Đồng ý,Hoàn toàn đồng ý,Đồng ý,Đồng ý,Đồng ý,Đồng ý,Trung lập,Đồng ý,Đồng ý,Đồng ý,Đồng ý,Trung lập,Đồng ý,Trung lập,Đồng ý,Đồng ý,Trung lập,Đồng ý,Khá quan tâm,Khá quan tâm,Khá quan tâm,Khá quan tâm,Khá quan tâm,Khá quan tâm,Khá quan tâm,Khá quan tâm,Khá quan tâm,Khá quan tâm,Khá quan tâm,Khá quan tâm,Khá quan tâm,Khá quan tâm,Khá quan tâm,Rất quan tâm,Rất quan tâm,Rất quan tâm,Khá quan tâm,Rất quan tâm,Rất liên quan,Rất liên quan,Khá liên quan,Khá liên quan,Rất liên quan,Hơi liên quan,Khá liên quan,Khá liên quan,Rất liên quan,Rất liên quan,Rất liên quan,Khá liên quan,Hơi liên quan,Khá liên quan,Hơi liên quan
4/23/2026 16:42:14,Nữ,22,Thành thị,Cao Đẳng/ Đại học,Không,Không,Không,Không đồng ý,Trung lập,Đồng ý,Hoàn toàn đồng ý,Đồng ý,Đồng ý,Hoàn toàn đồng ý,Trung lập,Đồng ý,Đồng ý,Trung lập,Đồng ý,Trung lập,Đồng ý,Hoàn toàn đồng ý,Trung lập,Đồng ý,Đồng ý,Hoàn toàn đồng ý,Hoàn toàn đồng ý,Đồng ý,Hoàn toàn đồng ý,Khá quan tâm,Khá quan tâm,Rất quan tâm,Rất quan tâm,Quan tâm ở mức trung bình,Quan tâm ở mức trung bình,Khá quan tâm,Khá quan tâm,Khá quan tâm,Quan tâm ở mức trung bình,Khá quan tâm,Khá quan tâm,Khá quan tâm,Khá quan tâm,Khá quan tâm,Quan tâm ở mức trung bình,Quan tâm ở mức trung bình,Quan tâm ở mức trung bình,Rất quan tâm,Quan tâm ở mức trung bình,Rất liên quan,Khá liên quan,Khá liên quan,Hơi liên quan,Khá liên quan,Hơi liên quan,Hơi liên quan,Hơi liên quan,Khá liên quan,Rất liên quan,Khá liên quan,Khá liên quan,Hơi liên quan,Khá liên quan,Hơi liên quan
4/23/2026 16:44:51,Nữ,22,Nông thôn,Cao Đẳng/ Đại học,Không,Không,Không,Trung lập,Trung lập,Đồng ý,Đồng ý,Đồng ý,Hoàn toàn đồng ý,Trung lập,Không đồng ý,Đồng ý,Đồng ý,Không đồng ý,Đồng ý,Trung lập,Đồng ý,Hoàn toàn đồng ý,Hoàn toàn đồng ý,Đồng ý,Đồng ý,Hoàn toàn đồng ý,Đồng ý,Trung lập,Đồng ý,Khá quan tâm,Rất quan tâm,Khá quan tâm,Khá quan tâm,Khá quan tâm,Quan tâm ở mức trung bình,Quan tâm ở mức trung bình,Khá quan tâm,Khá quan tâm,Khá quan tâm,Khá quan tâm,Quan tâm ở mức trung bình,Khá quan tâm,Khá quan tâm,Quan tâm ở mức trung bình,Quan tâm ở mức trung bình,Quan tâm ở mức trung bình,Khá quan tâm,Khá quan tâm,Quan tâm ở mức trung bình,Rất liên quan,Khá liên quan,Khá liên quan,Hơi liên quan,Hơi liên quan,Khá liên quan,Hơi liên quan,Khá liên quan,Rất liên quan,Rất liên quan,Rất liên quan,Rất liên quan,Khá liên quan,Rất liên quan,Khá liên quan
4/23/2026 16:47:22,Nam,22,Thành thị,Cao Đẳng/ Đại học,Có,Có,Không,Không đồng ý,Trung lập,Trung lập,Đồng ý,Đồng ý,Hoàn toàn đồng ý,Đồng ý,Trung lập,Đồng ý,Đồng ý,Đồng ý,Đồng ý,Đồng ý,Trung lập,Đồng ý,Hoàn toàn đồng ý,Đồng ý,Hoàn toàn đồng ý,Hoàn toàn đồng ý,Đồng ý,Hoàn toàn đồng ý,Đồng ý,Có hứng thú một chút,Quan tâm ở mức trung bình,Khá quan tâm,Quan tâm ở mức trung bình,Quan tâm ở mức trung bình,Quan tâm ở mức trung bình,Quan tâm ở mức trung bình,Rất quan tâm,Khá quan tâm,Khá quan tâm,Rất quan tâm,Khá quan tâm,Quan tâm ở mức trung bình,Khá quan tâm,Khá quan tâm,Khá quan tâm,Khá quan tâm,Quan tâm ở mức trung bình,Khá quan tâm,Quan tâm ở mức trung bình,Rất liên quan,Khá liên quan,Rất liên quan,Hơi liên quan,Rất liên quan,Khá liên quan,Hơi liên quan,Khá liên quan,Khá liên quan,Rất liên quan,Khá liên quan,Khá liên quan,Hơi liên quan,Khá liên quan,Hơi liên quan
4/23/2026 16:49:15,Nam,23,Thành thị,Cao Đẳng/ Đại học,Có,Có,Không,Không đồng ý,Trung lập,Trung lập,Đồng ý,Đồng ý,Hoàn toàn đồng ý,Đồng ý,Trung lập,Đồng ý,Hoàn toàn đồng ý,Trung lập,Trung lập,Đồng ý,Đồng ý,Hoàn toàn đồng ý,Đồng ý,Đồng ý,Hoàn toàn đồng ý,Đồng ý,Đồng ý,Trung lập,Đồng ý,Quan tâm ở mức trung bình,Khá quan tâm,Khá quan tâm,Khá quan tâm,Khá quan tâm,Khá quan tâm,Khá quan tâm,Khá quan tâm,Khá quan tâm,Khá quan tâm,Khá quan tâm,Khá quan tâm,Khá quan tâm,Khá quan tâm,Khá quan tâm,Khá quan tâm,Khá quan tâm,Khá quan tâm,Khá quan tâm,Quan tâm ở mức trung bình,Rất liên quan,Khá liên quan,Rất liên quan,Khá liên quan,Rất liên quan,Khá liên quan,Khá liên quan,Hơi liên quan,Khá liên quan,Khá liên quan,Hơi liên quan,Rất liên quan,Rất liên quan,Khá liên quan,Khá liên quan
4/23/2026 16:51:18,Nam,22,Thành thị,Cao Đẳng/ Đại học,Có,Có,Không,Trung lập,Đồng ý,Trung lập,Hoàn toàn đồng ý,Trung lập,Đồng ý,Hoàn toàn đồng ý,Trung lập,Đồng ý,Trung lập,Trung lập,Đồng ý,Đồng ý,Đồng ý,Trung lập,Đồng ý,Đồng ý,Trung lập,Hoàn toàn đồng ý,Hoàn toàn đồng ý,Trung lập,Hoàn toàn đồng ý,Khá quan tâm,Rất quan tâm,Quan tâm ở mức trung bình,Quan tâm ở mức trung bình,Khá quan tâm,Rất quan tâm,Quan tâm ở mức trung bình,Khá quan tâm,Quan tâm ở mức trung bình,Quan tâm ở mức trung bình,Rất quan tâm,Khá quan tâm,Quan tâm ở mức trung bình,Khá quan tâm,Quan tâm ở mức trung bình,Rất quan tâm,Quan tâm ở mức trung bình,Quan tâm ở mức trung bình,Khá quan tâm,Khá quan tâm,Khá liên quan,Khá liên quan,Hơi liên quan,Hơi liên quan,Khá liên quan,Khá liên quan,Hơi liên quan,Rất liên quan,Khá liên quan,Khá liên quan,Khá liên quan,Khá liên quan,Hơi liên quan,Khá liên quan,Không liên quan
4/23/2026 16:53:00,Nữ,22,Nông thôn,Cao Đẳng/ Đại học,Không,Không,Không,Trung lập,Đồng ý,Trung lập,Hoàn toàn đồng ý,Trung lập,Đồng ý,Trung lập,Đồng ý,Đồng ý,Trung lập,Hoàn toàn đồng ý,Đồng ý,Trung lập,Đồng ý,Đồng ý,Trung lập,Đồng ý,Đồng ý,Trung lập,Đồng ý,Trung lập,Đồng ý,Khá quan tâm,Quan tâm ở mức trung bình,Rất quan tâm,Rất quan tâm,Khá quan tâm,Khá quan tâm,Rất quan tâm,Khá quan tâm,Quan tâm ở mức trung bình,Khá quan tâm,Quan tâm ở mức trung bình,Quan tâm ở mức trung bình,Quan tâm ở mức trung bình,Khá quan tâm,Quan tâm ở mức trung bình,Khá quan tâm,Khá quan tâm,Quan tâm ở mức trung bình,Khá quan tâm,Có hứng thú một chút,Khá liên quan,Khá liên quan,Rất liên quan,Khá liên quan,Khá liên quan,Hơi liên quan,Khá liên quan,Khá liên quan,Hơi liên quan,Rất liên quan,Khá liên quan,Hơi liên quan,Rất liên quan,Khá liên quan,Khá liên quan
4/23/2026 16:54:25,Nam,23,Nông thôn,Cao Đẳng/ Đại học,Không,Không,Không,Đồng ý,Trung lập,Đồng ý,Đồng ý,Trung lập,Hoàn toàn đồng ý,Trung lập,Đồng ý,Đồng ý,Trung lập,Trung lập,Đồng ý,Trung lập,Hoàn toàn đồng ý,Đồng ý,Trung lập,Đồng ý,Đồng ý,Đồng ý,Hoàn toàn đồng ý,Đồng ý,Trung lập,Khá quan tâm,Quan tâm ở mức trung bình,Khá quan tâm,Khá quan tâm,Quan tâm ở mức trung bình,Khá quan tâm,Khá quan tâm,Khá quan tâm,Khá quan tâm,Quan tâm ở mức trung bình,Khá quan tâm,Khá quan tâm,Khá quan tâm,Khá quan tâm,Khá quan tâm,Khá quan tâm,Rất quan tâm,Khá quan tâm,Rất quan tâm,Khá quan tâm,Rất liên quan,Khá liên quan,Rất liên quan,Khá liên quan,Khá liên quan,Rất liên quan,Khá liên quan,Khá liên quan,Hơi liên quan,Khá liên quan,Hơi liên quan,Hơi liên quan,Hơi liên quan,Hơi liên quan,Không liên quan
4/23/2026 17:43:36,Nữ,23,Thành thị,Cao Đẳng/ Đại học,Có,Có,Có,Trung lập,Đồng ý,Trung lập,Không đồng ý,Trung lập,Trung lập,Trung lập,Không đồng ý,Không đồng ý,Trung lập,Đồng ý,Trung lập,Trung lập,Đồng ý,Đồng ý,Đồng ý,Đồng ý,Đồng ý,Đồng ý,Đồng ý,Đồng ý,Đồng ý,Quan tâm ở mức trung bình,Khá quan tâm,Khá quan tâm,Quan tâm ở mức trung bình,Quan tâm ở mức trung bình,Quan tâm ở mức trung bình,Khá quan tâm,Quan tâm ở mức trung bình,Quan tâm ở mức trung bình,Quan tâm ở mức trung bình,Khá quan tâm,Quan tâm ở mức trung bình,Quan tâm ở mức trung bình,Quan tâm ở mức trung bình,Quan tâm ở mức trung bình,Quan tâm ở mức trung bình,Quan tâm ở mức trung bình,Quan tâm ở mức trung bình,Quan tâm ở mức trung bình,Quan tâm ở mức trung bình,Khá liên quan,Khá liên quan,Rất liên quan,Khá liên quan,Khá liên quan,Khá liên quan,Rất liên quan,Khá liên quan,Rất liên quan,Khá liên quan,Rất liên quan,Khá liên quan,Khá liên quan,Khá liên quan,Khá liên quan
4/23/2026 17:44:07,Nam,18,Thành thị,Trung học phổ thông,Có,Không,Không,Trung lập,Đồng ý,Đồng ý,Đồng ý,Đồng ý,Đồng ý,Đồng ý,Đồng ý,Đồng ý,Đồng ý,Đồng ý,Đồng ý,Đồng ý,Đồng ý,Đồng ý,Đồng ý,Đồng ý,Đồng ý,Đồng ý,Đồng ý,Đồng ý,Đồng ý,Khá quan tâm,Khá quan tâm,Khá quan tâm,Khá quan tâm,Khá quan tâm,Khá quan tâm,Khá quan tâm,Khá quan tâm,Khá quan tâm,Khá quan tâm,Khá quan tâm,Khá quan tâm,Khá quan tâm,Khá quan tâm,Khá quan tâm,Khá quan tâm,Khá quan tâm,Khá quan tâm,Khá quan tâm,Khá quan tâm,Hơi liên quan,Hơi liên quan,Hơi liên quan,Hơi liên quan,Hơi liên quan,Hơi liên quan,Hơi liên quan,Hơi liên quan,Hơi liên quan,Hơi liên quan,Hơi liên quan,Hơi liên quan,Hơi liên quan,Hơi liên quan,Hơi liên quan
4/23/2026 18:06:17,Nam,19,Thành thị,Trung học phổ thông,Không,Không,Không,Trung lập,Không đồng ý,Trung lập,Hoàn toàn đồng ý,Trung lập,Đồng ý,Đồng ý,Không đồng ý,Không đồng ý,Trung lập,Không đồng ý,Đồng ý,Đồng ý,Trung lập,Trung lập,Trung lập,Đồng ý,Trung lập,Đồng ý,Không đồng ý,Trung lập,Trung lập,Có hứng thú một chút,Có hứng thú một chút,Có hứng thú một chút,Hoàn toàn không quan tâm,Hoàn toàn không quan tâm,Hoàn toàn không quan tâm,Có hứng thú một chút,Quan tâm ở mức trung bình,Quan tâm ở mức trung bình,Quan tâm ở mức trung bình,Có hứng thú một chút,Có hứng thú một chút,Có hứng thú một chút,Quan tâm ở mức trung bình,Hoàn toàn không quan tâm,Hoàn toàn không quan tâm,Hoàn toàn không quan tâm,Có hứng thú một chút,Hoàn toàn không quan tâm,Quan tâm ở mức trung bình,Khá liên quan,Hơi liên quan,Hơi liên quan,Rất liên quan,Rất liên quan,Khá liên quan,Rất liên quan,Khá liên quan,Rất liên quan,Rất liên quan,Rất liên quan,Rất liên quan,Rất liên quan,Rất liên quan,Khá liên quan
4/23/2026 18:06:50,Nam,18,Nông thôn,Trung học phổ thông,Có,Có,Có,Trung lập,Trung lập,Trung lập,Trung lập,Đồng ý,Không đồng ý,Hoàn toàn không đồng ý,Đồng ý,Đồng ý,Không đồng ý,Không đồng ý,Trung lập,Không đồng ý,Trung lập,Đồng ý,Đồng ý,Hoàn toàn đồng ý,Trung lập,Đồng ý,Đồng ý,Hoàn toàn đồng ý,Đồng ý,Hoàn toàn không quan tâm,Quan tâm ở mức trung bình,Có hứng thú một chút,Quan tâm ở mức trung bình,Có hứng thú một chút,Quan tâm ở mức trung bình,Có hứng thú một chút,Quan tâm ở mức trung bình,Có hứng thú một chút,Quan tâm ở mức trung bình,Quan tâm ở mức trung bình,Có hứng thú một chút,Hoàn toàn không quan tâm,Quan tâm ở mức trung bình,Có hứng thú một chút,Có hứng thú một chút,Quan tâm ở mức trung bình,Có hứng thú một chút,Quan tâm ở mức trung bình,Có hứng thú một chút,Hơi liên quan,Khá liên quan,Không liên quan,Hơi liên quan,Khá liên quan,Hơi liên quan,Hơi liên quan,Khá liên quan,Hơi liên quan,Không liên quan,Khá liên quan,Không liên quan,Khá liên quan,Hơi liên quan,Khá liên quan
4/23/2026 18:24:09,Nam,18,Thành thị,Trung học phổ thông,Không,Có,Không,Đồng ý,Đồng ý,Đồng ý,Đồng ý,Đồng ý,Đồng ý,Đồng ý,Đồng ý,Đồng ý,Đồng ý,Đồng ý,Đồng ý,Đồng ý,Đồng ý,Đồng ý,Đồng ý,Đồng ý,Đồng ý,Đồng ý,Đồng ý,Đồng ý,Đồng ý,Quan tâm ở mức trung bình,Quan tâm ở mức trung bình,Quan tâm ở mức trung bình,Quan tâm ở mức trung bình,Quan tâm ở mức trung bình,Quan tâm ở mức trung bình,Quan tâm ở mức trung bình,Quan tâm ở mức trung bình,Quan tâm ở mức trung bình,Quan tâm ở mức trung bình,Quan tâm ở mức trung bình,Quan tâm ở mức trung bình,Quan tâm ở mức trung bình,Quan tâm ở mức trung bình,Quan tâm ở mức trung bình,Quan tâm ở mức trung bình,Quan tâm ở mức trung bình,Quan tâm ở mức trung bình,Quan tâm ở mức trung bình,Quan tâm ở mức trung bình,Khá liên quan,Khá liên quan,Khá liên quan,Khá liên quan,Khá liên quan,Khá liên quan,Khá liên quan,Khá liên quan,Khá liên quan,Khá liên quan,Khá liên quan,Khá liên quan,Khá liên quan,Khá liên quan,Khá liên quan
4/23/2026 18:36:34,Nữ,18,Thành thị,Trung học phổ thông,Có,Có,Không,Đồng ý,Hoàn toàn đồng ý,Đồng ý,Đồng ý,Đồng ý,Đồng ý,Trung lập,Trung lập,Đồng ý,Trung lập,Không đồng ý,Đồng ý,Trung lập,Đồng ý,Đồng ý,Đồng ý,Trung lập,Trung lập,Đồng ý,Trung lập,Trung lập,Trung lập,Quan tâm ở mức trung bình,Khá quan tâm,Rất quan tâm,Khá quan tâm,Khá quan tâm,Khá quan tâm,Khá quan tâm,Khá quan tâm,Khá quan tâm,Khá quan tâm,Quan tâm ở mức trung bình,Khá quan tâm,Quan tâm ở mức trung bình,Khá quan tâm,Quan tâm ở mức trung bình,Quan tâm ở mức trung bình,Quan tâm ở mức trung bình,Quan tâm ở mức trung bình,Khá quan tâm,Khá quan tâm,Khá liên quan,Rất liên quan,Rất liên quan,Khá liên quan,Khá liên quan,Rất liên quan,Khá liên quan,Khá liên quan,Khá liên quan,Khá liên quan,Rất liên quan,Rất liên quan,Rất liên quan,Khá liên quan,Khá liên quan
4/23/2026 18:43:31,Nữ,24,Thành thị,Cao Đẳng/ Đại học,Có,Có,Không,Đồng ý,Không đồng ý,Đồng ý,Đồng ý,Đồng ý,Trung lập,Đồng ý,Không đồng ý,Không đồng ý,Đồng ý,Không đồng ý,Trung lập,Đồng ý,Trung lập,Đồng ý,Đồng ý,Trung lập,Trung lập,Không đồng ý,Không đồng ý,Đồng ý,Đồng ý,Quan tâm ở mức trung bình,Quan tâm ở mức trung bình,Quan tâm ở mức trung bình,Có hứng thú một chút,Quan tâm ở mức trung bình,Quan tâm ở mức trung bình,Quan tâm ở mức trung bình,Quan tâm ở mức trung bình,Quan tâm ở mức trung bình,Quan tâm ở mức trung bình,Quan tâm ở mức trung bình,Có hứng thú một chút,Quan tâm ở mức trung bình,Có hứng thú một chút,Khá quan tâm,Quan tâm ở mức trung bình,Quan tâm ở mức trung bình,Quan tâm ở mức trung bình,Có hứng thú một chút,Quan tâm ở mức trung bình,Rất liên quan,Rất liên quan,Khá liên quan,Rất liên quan,Rất liên quan,Khá liên quan,Hơi liên quan,Hơi liên quan,Hơi liên quan,Hơi liên quan,Khá liên quan,Khá liên quan,Rất liên quan,Khá liên quan,Khá liên quan
4/23/2026 18:55:04,Nữ,18,Thành thị,Trung học phổ thông,Có,Có,Có,Hoàn toàn không đồng ý,Hoàn toàn không đồng ý,Hoàn toàn không đồng ý,Hoàn toàn không đồng ý,Hoàn toàn không đồng ý,Hoàn toàn không đồng ý,Hoàn toàn không đồng ý,Hoàn toàn không đồng ý,Hoàn toàn không đồng ý,Hoàn toàn không đồng ý,Hoàn toàn không đồng ý,Hoàn toàn không đồng ý,Hoàn toàn không đồng ý,Hoàn toàn không đồng ý,Hoàn toàn không đồng ý,Hoàn toàn không đồng ý,Hoàn toàn không đồng ý,Hoàn toàn không đồng ý,Hoàn toàn không đồng ý,Hoàn toàn không đồng ý,Hoàn toàn không đồng ý,Hoàn toàn không đồng ý,Hoàn toàn không quan tâm,Hoàn toàn không quan tâm,Khá quan tâm,Khá quan tâm,Khá quan tâm,Khá quan tâm,Khá quan tâm,Khá quan tâm,Khá quan tâm,Khá quan tâm,Khá quan tâm,Khá quan tâm,Khá quan tâm,Khá quan tâm,Khá quan tâm,Khá quan tâm,Khá quan tâm,Khá quan tâm,Khá quan tâm,Khá quan tâm,Khá liên quan,Khá liên quan,Khá liên quan,Khá liên quan,Khá liên quan,Khá liên quan,Khá liên quan,Khá liên quan,Khá liên quan,Khá liên quan,Khá liên quan,Khá liên quan,Khá liên quan,Khá liên quan,Khá liên quan
4/23/2026 19:03:56,Nam,18,Thành thị,Trung học phổ thông,Có,Có,Không,Đồng ý,Đồng ý,Đồng ý,Đồng ý,Đồng ý,Đồng ý,Đồng ý,Đồng ý,Đồng ý,Đồng ý,Hoàn toàn không đồng ý,Trung lập,Trung lập,Trung lập,Trung lập,Trung lập,Trung lập,Trung lập,Trung lập,Không đồng ý,Trung lập,Trung lập,Khá quan tâm,Quan tâm ở mức trung bình,Quan tâm ở mức trung bình,Quan tâm ở mức trung bình,Quan tâm ở mức trung bình,Quan tâm ở mức trung bình,Quan tâm ở mức trung bình,Quan tâm ở mức trung bình,Quan tâm ở mức trung bình,Quan tâm ở mức trung bình,Khá quan tâm,Quan tâm ở mức trung bình,Khá quan tâm,Quan tâm ở mức trung bình,Quan tâm ở mức trung bình,Khá quan tâm,Quan tâm ở mức trung bình,Quan tâm ở mức trung bình,Khá quan tâm,Khá quan tâm,Khá liên quan,Hơi liên quan,Rất liên quan,Rất liên quan,Rất liên quan,Rất liên quan,Hơi liên quan,Hơi liên quan,Khá liên quan,Khá liên quan,Khá liên quan,Rất liên quan,Khá liên quan,Khá liên quan,Khá liên quan
4/23/2026 19:08:07,Nữ,18,Nông thôn,Trung học phổ thông,Không,Không,Không,Trung lập,Không đồng ý,Đồng ý,Đồng ý,Đồng ý,Đồng ý,Đồng ý,Không đồng ý,Đồng ý,Đồng ý,Không đồng ý,Đồng ý,Trung lập,Không đồng ý,Trung lập,Đồng ý,Đồng ý,Đồng ý,Đồng ý,Trung lập,Đồng ý,Trung lập,Có hứng thú một chút,Có hứng thú một chút,Có hứng thú một chút,Có hứng thú một chút,Có hứng thú một chút,Có hứng thú một chút,Có hứng thú một chút,Có hứng thú một chút,Có hứng thú một chút,Có hứng thú một chút,Có hứng thú một chút,Có hứng thú một chút,Có hứng thú một chút,Có hứng thú một chút,Có hứng thú một chút,Có hứng thú một chút,Có hứng thú một chút,Có hứng thú một chút,Có hứng thú một chút,Có hứng thú một chút,Rất liên quan,Hơi liên quan,Không liên quan,Rất liên quan,Rất liên quan,Khá liên quan,Hơi liên quan,Hơi liên quan,Rất liên quan,Không liên quan,Không liên quan,Không liên quan,Không liên quan,Không liên quan,Hơi liên quan
4/23/2026 19:09:19,Nữ,19,Thành thị,Trung học phổ thông,Có,Không,Không,Trung lập,Trung lập,Đồng ý,Đồng ý,Đồng ý,Trung lập,Đồng ý,Đồng ý,Đồng ý,Đồng ý,Hoàn toàn không đồng ý,Hoàn toàn đồng ý,Không đồng ý,Đồng ý,Đồng ý,Đồng ý,Không đồng ý,Không đồng ý,Trung lập,Trung lập,Trung lập,Trung lập,Quan tâm ở mức trung bình,Quan tâm ở mức trung bình,Quan tâm ở mức trung bình,Quan tâm ở mức trung bình,Quan tâm ở mức trung bình,Quan tâm ở mức trung bình,Quan tâm ở mức trung bình,Quan tâm ở mức trung bình,Quan tâm ở mức trung bình,Quan tâm ở mức trung bình,Quan tâm ở mức trung bình,Quan tâm ở mức trung bình,Quan tâm ở mức trung bình,Quan tâm ở mức trung bình,Quan tâm ở mức trung bình,Quan tâm ở mức trung bình,Quan tâm ở mức trung bình,Quan tâm ở mức trung bình,Quan tâm ở mức trung bình,Quan tâm ở mức trung bình,Khá liên quan,Khá liên quan,Khá liên quan,Khá liên quan,Khá liên quan,Khá liên quan,Khá liên quan,Khá liên quan,Khá liên quan,Khá liên quan,Khá liên quan,Khá liên quan,Khá liên quan,Khá liên quan,Khá liên quan
4/23/2026 19:21:26,Nam,18,Nông thôn,Trung học phổ thông,Không,Có,Không,Trung lập,Trung lập,Trung lập,Trung lập,Trung lập,Trung lập,Trung lập,Trung lập,Trung lập,Trung lập,Không đồng ý,Trung lập,Trung lập,Trung lập,Trung lập,Trung lập,Trung lập,Trung lập,Trung lập,Trung lập,Trung lập,Trung lập,Quan tâm ở mức trung bình,Quan tâm ở mức trung bình,Quan tâm ở mức trung bình,Quan tâm ở mức trung bình,Quan tâm ở mức trung bình,Quan tâm ở mức trung bình,Quan tâm ở mức trung bình,Quan tâm ở mức trung bình,Quan tâm ở mức trung bình,Quan tâm ở mức trung bình,Quan tâm ở mức trung bình,Quan tâm ở mức trung bình,Quan tâm ở mức trung bình,Quan tâm ở mức trung bình,Quan tâm ở mức trung bình,Quan tâm ở mức trung bình,Quan tâm ở mức trung bình,Quan tâm ở mức trung bình,Quan tâm ở mức trung bình,Quan tâm ở mức trung bình,Không liên quan,Không liên quan,Không liên quan,Không liên quan,Không liên quan,Không liên quan,Không liên quan,Không liên quan,Không liên quan,Không liên quan,Không liên quan,Không liên quan,Không liên quan,Không liên quan,Không liên quan
4/23/2026 19:32:21,Nam,18,Nông thôn,Trung học phổ thông,Có,Có,Có,Đồng ý,Đồng ý,Đồng ý,Đồng ý,Đồng ý,Đồng ý,Đồng ý,Đồng ý,Đồng ý,Đồng ý,Đồng ý,Đồng ý,Đồng ý,Đồng ý,Đồng ý,Đồng ý,Đồng ý,Đồng ý,Đồng ý,Đồng ý,Đồng ý,Đồng ý,Rất quan tâm,Rất quan tâm,Rất quan tâm,Rất quan tâm,Rất quan tâm,Rất quan tâm,Rất quan tâm,Rất quan tâm,Rất quan tâm,Rất quan tâm,Rất quan tâm,Rất quan tâm,Rất quan tâm,Rất quan tâm,Rất quan tâm,Rất quan tâm,Rất quan tâm,Rất quan tâm,Rất quan tâm,Rất quan tâm,Rất liên quan,Rất liên quan,Rất liên quan,Rất liên quan,Rất liên quan,Rất liên quan,Rất liên quan,Rất liên quan,Rất liên quan,Rất liên quan,Rất liên quan,Rất liên quan,Rất liên quan,Rất liên quan,Rất liên quan
4/23/2026 19:45:08,Nữ,18,Thành thị,Trung học phổ thông,Có,Không,Không,Hoàn toàn không đồng ý,Hoàn toàn không đồng ý,Hoàn toàn không đồng ý,Hoàn toàn không đồng ý,Không đồng ý,Trung lập,Trung lập,Trung lập,Trung lập,Trung lập,Đồng ý,Không đồng ý,Không đồng ý,Đồng ý,Trung lập,Trung lập,Trung lập,Trung lập,Không đồng ý,Trung lập,Trung lập,Không đồng ý,Hoàn toàn không quan tâm,Có hứng thú một chút,Có hứng thú một chút,Có hứng thú một chút,Có hứng thú một chút,Có hứng thú một chút,Có hứng thú một chút,Có hứng thú một chút,Có hứng thú một chút,Có hứng thú một chút,Có hứng thú một chút,Có hứng thú một chút,Có hứng thú một chút,Có hứng thú một chút,Có hứng thú một chút,Quan tâm ở mức trung bình,Có hứng thú một chút,Có hứng thú một chút,Quan tâm ở mức trung bình,Có hứng thú một chút,Không liên quan,Khá liên quan,Hơi liên quan,Khá liên quan,Không liên quan,Hơi liên quan,Hơi liên quan,Hơi liên quan,Khá liên quan,Hơi liên quan,Hơi liên quan,Khá liên quan,Khá liên quan,Hơi liên quan,Hơi liên quan
4/23/2026 19:48:20,Nữ,19,Nông thôn,Trung học phổ thông,Có,Có,Không,Đồng ý,Không đồng ý,Trung lập,Hoàn toàn đồng ý,Đồng ý,Đồng ý,Trung lập,Không đồng ý,Trung lập,Trung lập,Không đồng ý,Đồng ý,Không đồng ý,Trung lập,Trung lập,Đồng ý,Đồng ý,Đồng ý,Hoàn toàn đồng ý,Đồng ý,Đồng ý,Đồng ý,Quan tâm ở mức trung bình,Có hứng thú một chút,Khá quan tâm,Khá quan tâm,Khá quan tâm,Khá quan tâm,Khá quan tâm,Khá quan tâm,Khá quan tâm,Khá quan tâm,Khá quan tâm,Khá quan tâm,Rất quan tâm,Khá quan tâm,Khá quan tâm,Khá quan tâm,Khá quan tâm,Khá quan tâm,Khá quan tâm,Khá quan tâm,Rất liên quan,Khá liên quan,Khá liên quan,Rất liên quan,Rất liên quan,Khá liên quan,Khá liên quan,Hơi liên quan,Khá liên quan,Hơi liên quan,Rất liên quan,Rất liên quan,Rất liên quan,Khá liên quan,Không liên quan
4/23/2026 20:10:01,Nữ,30,Thành thị,Cao Đẳng/ Đại học,Có,Có,Không,Đồng ý,Không đồng ý,Đồng ý,Đồng ý,Đồng ý,Đồng ý,Đồng ý,Không đồng ý,Đồng ý,Đồng ý,Không đồng ý,Đồng ý,Đồng ý,Đồng ý,Đồng ý,Đồng ý,Đồng ý,Đồng ý,Đồng ý,Đồng ý,Đồng ý,Đồng ý,Khá quan tâm,Quan tâm ở mức trung bình,Quan tâm ở mức trung bình,Quan tâm ở mức trung bình,Quan tâm ở mức trung bình,Quan tâm ở mức trung bình,Quan tâm ở mức trung bình,Quan tâm ở mức trung bình,Quan tâm ở mức trung bình,Quan tâm ở mức trung bình,Quan tâm ở mức trung bình,Quan tâm ở mức trung bình,Quan tâm ở mức trung bình,Quan tâm ở mức trung bình,Quan tâm ở mức trung bình,Quan tâm ở mức trung bình,Quan tâm ở mức trung bình,Quan tâm ở mức trung bình,Quan tâm ở mức trung bình,Quan tâm ở mức trung bình,Rất liên quan,Rất liên quan,Khá liên quan,Rất liên quan,Rất liên quan,Rất liên quan,Khá liên quan,Khá liên quan,Khá liên quan,Khá liên quan,Khá liên quan,Khá liên quan,Khá liên quan,Khá liên quan,Khá liên quan
4/23/2026 20:13:49,Nữ,18,Nông thôn,Trung học phổ thông,Không,Có,Không,Trung lập,Đồng ý,Đồng ý,Đồng ý,Đồng ý,Hoàn toàn đồng ý,Trung lập,Đồng ý,Đồng ý,Đồng ý,Đồng ý,Trung lập,Trung lập,Trung lập,Trung lập,Trung lập,Đồng ý,Đồng ý,Hoàn toàn đồng ý,Đồng ý,Trung lập,Đồng ý,Có hứng thú một chút,Có hứng thú một chút,Có hứng thú một chút,Có hứng thú một chút,Có hứng thú một chút,Có hứng thú một chút,Có hứng thú một chút,Có hứng thú một chút,Có hứng thú một chút,Có hứng thú một chút,Có hứng thú một chút,Có hứng thú một chút,Có hứng thú một chút,Có hứng thú một chút,Có hứng thú một chút,Có hứng thú một chút,Có hứng thú một chút,Có hứng thú một chút,Có hứng thú một chút,Có hứng thú một chút,Khá liên quan,Khá liên quan,Khá liên quan,Khá liên quan,Khá liên quan,Khá liên quan,Khá liên quan,Khá liên quan,Khá liên quan,Khá liên quan,Khá liên quan,Khá liên quan,Khá liên quan,Khá liên quan,Khá liên quan
4/23/2026 20:16:41,Nam,19,Nông thôn,Trung học phổ thông,Không,Không,Không,Hoàn toàn đồng ý,Không đồng ý,Hoàn toàn đồng ý,Hoàn toàn đồng ý,Hoàn toàn đồng ý,Đồng ý,Đồng ý,Không đồng ý,Trung lập,Trung lập,Trung lập,Đồng ý,Không đồng ý,Đồng ý,Đồng ý,Đồng ý,Đồng ý,Đồng ý,Đồng ý,Trung lập,Trung lập,Trung lập,Quan tâm ở mức trung bình,Khá quan tâm,Khá quan tâm,Khá quan tâm,Khá quan tâm,Khá quan tâm,Khá quan tâm,Khá quan tâm,Khá quan tâm,Quan tâm ở mức trung bình,Quan tâm ở mức trung bình,Khá quan tâm,Khá quan tâm,Quan tâm ở mức trung bình,Khá quan tâm,Quan tâm ở mức trung bình,Khá quan tâm,Khá quan tâm,Khá quan tâm,Quan tâm ở mức trung bình,Rất liên quan,Khá liên quan,Khá liên quan,Rất liên quan,Rất liên quan,Rất liên quan,Hơi liên quan,Khá liên quan,Rất liên quan,Rất liên quan,Rất liên quan,Rất liên quan,Rất liên quan,Rất liên quan,Rất liên quan
4/23/2026 20:21:03,Nam,20,Thành thị,Trung học phổ thông,Có,Không,Không,Đồng ý,Đồng ý,Đồng ý,Đồng ý,Đồng ý,Đồng ý,Đồng ý,Đồng ý,Đồng ý,Đồng ý,Đồng ý,Đồng ý,Đồng ý,Đồng ý,Đồng ý,Đồng ý,Đồng ý,Đồng ý,Đồng ý,Đồng ý,Đồng ý,Đồng ý,Khá quan tâm,Khá quan tâm,Khá quan tâm,Khá quan tâm,Khá quan tâm,Khá quan tâm,Khá quan tâm,Khá quan tâm,Khá quan tâm,Khá quan tâm,Khá quan tâm,Khá quan tâm,Khá quan tâm,Khá quan tâm,Khá quan tâm,Khá quan tâm,Khá quan tâm,Khá quan tâm,Khá quan tâm,Khá quan tâm,Khá liên quan,Khá liên quan,Khá liên quan,Khá liên quan,Khá liên quan,Khá liên quan,Khá liên quan,Khá liên quan,Khá liên quan,Khá liên quan,Khá liên quan,Khá liên quan,Khá liên quan,Khá liên quan,Khá liên quan
4/23/2026 20:24:59,Nam,18,Thành thị,Trung học phổ thông,Có,Có,Không,Đồng ý,Trung lập,Trung lập,Đồng ý,Không đồng ý,Trung lập,Đồng ý,Trung lập,Không đồng ý,Không đồng ý,Đồng ý,Đồng ý,Đồng ý,Trung lập,Trung lập,Hoàn toàn không đồng ý,Hoàn toàn không đồng ý,Đồng ý,Đồng ý,Trung lập,Trung lập,Đồng ý,Có hứng thú một chút,Có hứng thú một chút,Khá quan tâm,Có hứng thú một chút,Có hứng thú một chút,Khá quan tâm,Quan tâm ở mức trung bình,Quan tâm ở mức trung bình,Khá quan tâm,Quan tâm ở mức trung bình,Quan tâm ở mức trung bình,Khá quan tâm,Khá quan tâm,Quan tâm ở mức trung bình,Có hứng thú một chút,Hoàn toàn không quan tâm,Hoàn toàn không quan tâm,Quan tâm ở mức trung bình,Có hứng thú một chút,Hoàn toàn không quan tâm,Khá liên quan,Hơi liên quan,Không liên quan,Hơi liên quan,Hơi liên quan,Hơi liên quan,Không liên quan,Hơi liên quan,Không liên quan,Khá liên quan,Khá liên quan,Rất liên quan,Rất liên quan,Khá liên quan,Khá liên quan
4/23/2026 20:26:48,Nữ,19,Thành thị,Trung học phổ thông,Có,Có,Có,Đồng ý,Đồng ý,Đồng ý,Đồng ý,Đồng ý,Đồng ý,Đồng ý,Đồng ý,Đồng ý,Đồng ý,Hoàn toàn không đồng ý,Đồng ý,Đồng ý,Đồng ý,Đồng ý,Đồng ý,Đồng ý,Đồng ý,Đồng ý,Đồng ý,Đồng ý,Đồng ý,Khá quan tâm,Khá quan tâm,Khá quan tâm,Khá quan tâm,Khá quan tâm,Khá quan tâm,Khá quan tâm,Khá quan tâm,Khá quan tâm,Khá quan tâm,Khá quan tâm,Khá quan tâm,Khá quan tâm,Khá quan tâm,Khá quan tâm,Khá quan tâm,Khá quan tâm,Khá quan tâm,Khá quan tâm,Khá quan tâm,Rất liên quan,Rất liên quan,Rất liên quan,Rất liên quan,Rất liên quan,Rất liên quan,Rất liên quan,Rất liên quan,Rất liên quan,Rất liên quan,Rất liên quan,Rất liên quan,Rất liên quan,Rất liên quan,Rất liên quan
4/23/2026 20:28:09,Nữ,19,Thành thị,Trung học phổ thông,Có,Có,Không,Đồng ý,Đồng ý,Trung lập,Đồng ý,Đồng ý,Đồng ý,Đồng ý,Đồng ý,Đồng ý,Đồng ý,Trung lập,Trung lập,Trung lập,Trung lập,Trung lập,Trung lập,Trung lập,Trung lập,Đồng ý,Đồng ý,Đồng ý,Đồng ý,Quan tâm ở mức trung bình,Quan tâm ở mức trung bình,Quan tâm ở mức trung bình,Quan tâm ở mức trung bình,Quan tâm ở mức trung bình,Quan tâm ở mức trung bình,Quan tâm ở mức trung bình,Quan tâm ở mức trung bình,Quan tâm ở mức trung bình,Quan tâm ở mức trung bình,Quan tâm ở mức trung bình,Quan tâm ở mức trung bình,Quan tâm ở mức trung bình,Quan tâm ở mức trung bình,Quan tâm ở mức trung bình,Quan tâm ở mức trung bình,Quan tâm ở mức trung bình,Quan tâm ở mức trung bình,Quan tâm ở mức trung bình,Quan tâm ở mức trung bình,Khá liên quan,Khá liên quan,Khá liên quan,Khá liên quan,Khá liên quan,Khá liên quan,Khá liên quan,Khá liên quan,Khá liên quan,Khá liên quan,Khá liên quan,Khá liên quan,Khá liên quan,Khá liên quan,Khá liên quan
4/23/2026 20:28:40,Nam,20,Thành thị,Trung học phổ thông,Không,Không,Không,Hoàn toàn đồng ý,Hoàn toàn đồng ý,Hoàn toàn đồng ý,Hoàn toàn đồng ý,Hoàn toàn đồng ý,Hoàn toàn đồng ý,Hoàn toàn đồng ý,Hoàn toàn đồng ý,Hoàn toàn đồng ý,Hoàn toàn đồng ý,Hoàn toàn đồng ý,Hoàn toàn đồng ý,Hoàn toàn đồng ý,Hoàn toàn đồng ý,Hoàn toàn đồng ý,Hoàn toàn đồng ý,Hoàn toàn đồng ý,Hoàn toàn đồng ý,Hoàn toàn đồng ý,Hoàn toàn đồng ý,Hoàn toàn đồng ý,Hoàn toàn đồng ý,Rất quan tâm,Rất quan tâm,Rất quan tâm,Rất quan tâm,Rất quan tâm,Rất quan tâm,Rất quan tâm,Rất quan tâm,Rất quan tâm,Rất quan tâm,Rất quan tâm,Rất quan tâm,Rất quan tâm,Rất quan tâm,Rất quan tâm,Rất quan tâm,Rất quan tâm,Rất quan tâm,Rất quan tâm,Rất quan tâm,Rất liên quan,Rất liên quan,Rất liên quan,Rất liên quan,Rất liên quan,Rất liên quan,Rất liên quan,Rất liên quan,Rất liên quan,Rất liên quan,Rất liên quan,Rất liên quan,Rất liên quan,Rất liên quan,Rất liên quan
4/23/2026 20:30:57,Nam,21,Thành thị,Trung học phổ thông,Có,Có,Không,Trung lập,Đồng ý,Hoàn toàn đồng ý,Trung lập,Trung lập,Không đồng ý,Đồng ý,Trung lập,Đồng ý,Hoàn toàn đồng ý,Đồng ý,Trung lập,Hoàn toàn đồng ý,Đồng ý,Trung lập,Đồng ý,Trung lập,Đồng ý,Trung lập,Hoàn toàn đồng ý,Hoàn toàn đồng ý,Đồng ý,Quan tâm ở mức trung bình,Khá quan tâm,Quan tâm ở mức trung bình,Rất quan tâm,Quan tâm ở mức trung bình,Khá quan tâm,Quan tâm ở mức trung bình,Quan tâm ở mức trung bình,Quan tâm ở mức trung bình,Quan tâm ở mức trung bình,Quan tâm ở mức trung bình,Quan tâm ở mức trung bình,Quan tâm ở mức trung bình,Quan tâm ở mức trung bình,Quan tâm ở mức trung bình,Quan tâm ở mức trung bình,Quan tâm ở mức trung bình,Quan tâm ở mức trung bình,Quan tâm ở mức trung bình,Quan tâm ở mức trung bình,Khá liên quan,Khá liên quan,Khá liên quan,Khá liên quan,Khá liên quan,Khá liên quan,Khá liên quan,Khá liên quan,Khá liên quan,Khá liên quan,Khá liên quan,Khá liên quan,Khá liên quan,Khá liên quan,Khá liên quan
4/23/2026 20:33:19,Nam,22,Thành thị,Trung học phổ thông,Không,Không,Không,Đồng ý,Hoàn toàn không đồng ý,Hoàn toàn đồng ý,Đồng ý,Hoàn toàn đồng ý,Hoàn toàn đồng ý,Đồng ý,Không đồng ý,Hoàn toàn không đồng ý,Hoàn toàn đồng ý,Trung lập,Trung lập,Trung lập,Hoàn toàn đồng ý,Hoàn toàn đồng ý,Hoàn toàn đồng ý,Đồng ý,Trung lập,Trung lập,Đồng ý,Hoàn toàn đồng ý,Hoàn toàn đồng ý,Có hứng thú một chút,Khá quan tâm,Quan tâm ở mức trung bình,Có hứng thú một chút,Hoàn toàn không quan tâm,Quan tâm ở mức trung bình,Khá quan tâm,Có hứng thú một chút,Quan tâm ở mức trung bình,Quan tâm ở mức trung bình,Quan tâm ở mức trung bình,Quan tâm ở mức trung bình,Có hứng thú một chút,Có hứng thú một chút,Quan tâm ở mức trung bình,Có hứng thú một chút,Có hứng thú một chút,Quan tâm ở mức trung bình,Khá quan tâm,Khá quan tâm,Rất liên quan,Rất liên quan,Rất liên quan,Rất liên quan,Rất liên quan,Rất liên quan,Rất liên quan,Rất liên quan,Rất liên quan,Rất liên quan,Rất liên quan,Rất liên quan,Rất liên quan,Rất liên quan,Rất liên quan
4/23/2026 20:33:36,Nam,20,Thành thị,Trung học phổ thông,Không,Không,Không,Đồng ý,Không đồng ý,Hoàn toàn không đồng ý,Trung lập,Không đồng ý,Không đồng ý,Đồng ý,Trung lập,Trung lập,Trung lập,Trung lập,Trung lập,Không đồng ý,Hoàn toàn không đồng ý,Hoàn toàn đồng ý,Hoàn toàn đồng ý,Hoàn toàn đồng ý,Hoàn toàn đồng ý,Đồng ý,Trung lập,Trung lập,Trung lập,Quan tâm ở mức trung bình,Quan tâm ở mức trung bình,Quan tâm ở mức trung bình,Quan tâm ở mức trung bình,Quan tâm ở mức trung bình,Quan tâm ở mức trung bình,Quan tâm ở mức trung bình,Quan tâm ở mức trung bình,Quan tâm ở mức trung bình,Quan tâm ở mức trung bình,Quan tâm ở mức trung bình,Quan tâm ở mức trung bình,Quan tâm ở mức trung bình,Quan tâm ở mức trung bình,Quan tâm ở mức trung bình,Quan tâm ở mức trung bình,Quan tâm ở mức trung bình,Quan tâm ở mức trung bình,Quan tâm ở mức trung bình,Quan tâm ở mức trung bình,Khá liên quan,Hơi liên quan,Khá liên quan,Rất liên quan,Rất liên quan,Rất liên quan,Khá liên quan,Rất liên quan,Rất liên quan,Rất liên quan,Khá liên quan,Rất liên quan,Rất liên quan,Rất liên quan,Rất liên quan
4/23/2026 20:33:49,Nam,19,Thành thị,Trung học phổ thông,Không,Không,Không,Trung lập,Trung lập,Trung lập,Hoàn toàn đồng ý,Đồng ý,Đồng ý,Đồng ý,Trung lập,Trung lập,Trung lập,Trung lập,Đồng ý,Trung lập,Trung lập,Trung lập,Đồng ý,Trung lập,Trung lập,Trung lập,Không đồng ý,Không đồng ý,Trung lập,Có hứng thú một chút,Có hứng thú một chút,Có hứng thú một chút,Có hứng thú một chút,Có hứng thú một chút,Có hứng thú một chút,Quan tâm ở mức trung bình,Có hứng thú một chút,Quan tâm ở mức trung bình,Quan tâm ở mức trung bình,Quan tâm ở mức trung bình,Quan tâm ở mức trung bình,Quan tâm ở mức trung bình,Quan tâm ở mức trung bình,Quan tâm ở mức trung bình,Quan tâm ở mức trung bình,Quan tâm ở mức trung bình,Quan tâm ở mức trung bình,Quan tâm ở mức trung bình,Quan tâm ở mức trung bình,Rất liên quan,Rất liên quan,Rất liên quan,Khá liên quan,Rất liên quan,Khá liên quan,Khá liên quan,Khá liên quan,Rất liên quan,Rất liên quan,Rất liên quan,Rất liên quan,Rất liên quan,Rất liên quan,Hơi liên quan
4/23/2026 20:35:52,Nữ,18,Thành thị,Trung học phổ thông,Có,Có,Có,Hoàn toàn đồng ý,Hoàn toàn đồng ý,Hoàn toàn đồng ý,Hoàn toàn đồng ý,Hoàn toàn đồng ý,Hoàn toàn đồng ý,Hoàn toàn đồng ý,Hoàn toàn đồng ý,Hoàn toàn đồng ý,Hoàn toàn đồng ý,Hoàn toàn đồng ý,Hoàn toàn đồng ý,Hoàn toàn đồng ý,Hoàn toàn đồng ý,Hoàn toàn đồng ý,Đồng ý,Hoàn toàn đồng ý,Hoàn toàn đồng ý,Hoàn toàn đồng ý,Đồng ý,Hoàn toàn đồng ý,Hoàn toàn đồng ý,Rất quan tâm,Rất quan tâm,Khá quan tâm,Rất quan tâm,Rất quan tâm,Rất quan tâm,Rất quan tâm,Rất quan tâm,Rất quan tâm,Rất quan tâm,Rất quan tâm,Rất quan tâm,Rất quan tâm,Rất quan tâm,Rất quan tâm,Rất quan tâm,Rất quan tâm,Rất quan tâm,Rất quan tâm,Rất quan tâm,Rất liên quan,Rất liên quan,Rất liên quan,Rất liên quan,Rất liên quan,Rất liên quan,Khá liên quan,Khá liên quan,Khá liên quan,Rất liên quan,Rất liên quan,Rất liên quan,Rất liên quan,Rất liên quan,Rất liên quan
4/23/2026 20:36:34,Nam,18,Thành thị,Trung học phổ thông,Không,Không,Không,Hoàn toàn không đồng ý,Hoàn toàn không đồng ý,Hoàn toàn không đồng ý,Hoàn toàn không đồng ý,Hoàn toàn không đồng ý,Hoàn toàn không đồng ý,Hoàn toàn không đồng ý,Hoàn toàn không đồng ý,Hoàn toàn không đồng ý,Hoàn toàn không đồng ý,Hoàn toàn đồng ý,Hoàn toàn đồng ý,Hoàn toàn đồng ý,Hoàn toàn đồng ý,Hoàn toàn đồng ý,Hoàn toàn đồng ý,Hoàn toàn đồng ý,Hoàn toàn đồng ý,Hoàn toàn đồng ý,Hoàn toàn đồng ý,Hoàn toàn đồng ý,Hoàn toàn đồng ý,Rất quan tâm,Rất quan tâm,Rất quan tâm,Rất quan tâm,Rất quan tâm,Rất quan tâm,Rất quan tâm,Rất quan tâm,Rất quan tâm,Rất quan tâm,Rất quan tâm,Rất quan tâm,Rất quan tâm,Rất quan tâm,Rất quan tâm,Rất quan tâm,Rất quan tâm,Rất quan tâm,Rất quan tâm,Rất quan tâm,Rất liên quan,Rất liên quan,Rất liên quan,Rất liên quan,Rất liên quan,Rất liên quan,Rất liên quan,Rất liên quan,Rất liên quan,Rất liên quan,Rất liên quan,Rất liên quan,Rất liên quan,Rất liên quan,Rất liên quan
4/23/2026 20:37:41,Nam,20,Thành thị,Trung học phổ thông,Có,Có,Có,Đồng ý,Không đồng ý,Đồng ý,Hoàn toàn đồng ý,Đồng ý,Đồng ý,Đồng ý,Trung lập,Không đồng ý,Trung lập,Trung lập,Trung lập,Trung lập,Trung lập,Trung lập,Trung lập,Trung lập,Trung lập,Trung lập,Trung lập,Trung lập,Trung lập,Quan tâm ở mức trung bình,Quan tâm ở mức trung bình,Quan tâm ở mức trung bình,Quan tâm ở mức trung bình,Quan tâm ở mức trung bình,Quan tâm ở mức trung bình,Quan tâm ở mức trung bình,Quan tâm ở mức trung bình,Quan tâm ở mức trung bình,Quan tâm ở mức trung bình,Quan tâm ở mức trung bình,Quan tâm ở mức trung bình,Quan tâm ở mức trung bình,Quan tâm ở mức trung bình,Quan tâm ở mức trung bình,Quan tâm ở mức trung bình,Quan tâm ở mức trung bình,Quan tâm ở mức trung bình,Quan tâm ở mức trung bình,Quan tâm ở mức trung bình,Khá liên quan,Khá liên quan,Khá liên quan,Khá liên quan,Khá liên quan,Khá liên quan,Khá liên quan,Khá liên quan,Khá liên quan,Khá liên quan,Khá liên quan,Khá liên quan,Khá liên quan,Khá liên quan,Khá liên quan
4/23/2026 20:38:01,Nam,25,Thành thị,Trung học phổ thông,Không,Không,Không,Đồng ý,Trung lập,Đồng ý,Đồng ý,Đồng ý,Trung lập,Trung lập,Đồng ý,Trung lập,Không đồng ý,Đồng ý,Đồng ý,Đồng ý,Đồng ý,Đồng ý,Đồng ý,Đồng ý,Đồng ý,Đồng ý,Đồng ý,Đồng ý,Đồng ý,Khá quan tâm,Khá quan tâm,Khá quan tâm,Khá quan tâm,Khá quan tâm,Khá quan tâm,Khá quan tâm,Khá quan tâm,Khá quan tâm,Khá quan tâm,Khá quan tâm,Khá quan tâm,Khá quan tâm,Khá quan tâm,Khá quan tâm,Khá quan tâm,Khá quan tâm,Khá quan tâm,Khá quan tâm,Khá quan tâm,Khá liên quan,Khá liên quan,Khá liên quan,Khá liên quan,Khá liên quan,Khá liên quan,Khá liên quan,Khá liên quan,Khá liên quan,Khá liên quan,Khá liên quan,Khá liên quan,Khá liên quan,Khá liên quan,Khá liên quan
4/23/2026 20:39:09,Nam,26,Thành thị,Trung học phổ thông,Có,Có,Không,Đồng ý,Đồng ý,Đồng ý,Đồng ý,Đồng ý,Đồng ý,Đồng ý,Đồng ý,Đồng ý,Đồng ý,Đồng ý,Đồng ý,Đồng ý,Đồng ý,Đồng ý,Đồng ý,Đồng ý,Đồng ý,Đồng ý,Đồng ý,Đồng ý,Đồng ý,Khá quan tâm,Khá quan tâm,Khá quan tâm,Khá quan tâm,Khá quan tâm,Khá quan tâm,Khá quan tâm,Khá quan tâm,Khá quan tâm,Khá quan tâm,Khá quan tâm,Khá quan tâm,Khá quan tâm,Khá quan tâm,Khá quan tâm,Khá quan tâm,Khá quan tâm,Khá quan tâm,Khá quan tâm,Khá quan tâm,Rất liên quan,Rất liên quan,Rất liên quan,Rất liên quan,Rất liên quan,Rất liên quan,Rất liên quan,Rất liên quan,Rất liên quan,Rất liên quan,Rất liên quan,Rất liên quan,Rất liên quan,Rất liên quan,Rất liên quan
4/23/2026 20:39:36,Nam,28,Thành thị,Trung học phổ thông,Không,Không,Không,Hoàn toàn đồng ý,Hoàn toàn đồng ý,Hoàn toàn đồng ý,Hoàn toàn đồng ý,Hoàn toàn đồng ý,Hoàn toàn đồng ý,Hoàn toàn đồng ý,Hoàn toàn không đồng ý,Hoàn toàn không đồng ý,Hoàn toàn đồng ý,Hoàn toàn không đồng ý,Đồng ý,Đồng ý,Trung lập,Đồng ý,Hoàn toàn không đồng ý,Hoàn toàn không đồng ý,Không đồng ý,Trung lập,Hoàn toàn không đồng ý,Hoàn toàn không đồng ý,Trung lập,Khá quan tâm,Khá quan tâm,Khá quan tâm,Khá quan tâm,Rất quan tâm,Rất quan tâm,Rất quan tâm,Hoàn toàn không quan tâm,Khá quan tâm,Khá quan tâm,Rất quan tâm,Rất quan tâm,Rất quan tâm,Rất quan tâm,Hoàn toàn không quan tâm,Hoàn toàn không quan tâm,Hoàn toàn không quan tâm,Rất quan tâm,Rất quan tâm,Rất quan tâm,Rất liên quan,Rất liên quan,Rất liên quan,Rất liên quan,Rất liên quan,Rất liên quan,Rất liên quan,Rất liên quan,Rất liên quan,Rất liên quan,Rất liên quan,Rất liên quan,Rất liên quan,Rất liên quan,Không liên quan
4/23/2026 20:39:44,Nam,29,Thành thị,Trung học phổ thông,Không,Không,Không,Hoàn toàn đồng ý,Trung lập,Hoàn toàn đồng ý,Hoàn toàn đồng ý,Hoàn toàn đồng ý,Hoàn toàn đồng ý,Hoàn toàn đồng ý,Hoàn toàn đồng ý,Trung lập,Hoàn toàn đồng ý,Hoàn toàn không đồng ý,Đồng ý,Không đồng ý,Hoàn toàn đồng ý,Hoàn toàn đồng ý,Đồng ý,Hoàn toàn đồng ý,Đồng ý,Hoàn toàn đồng ý,Trung lập,Trung lập,Trung lập,Khá quan tâm,Khá quan tâm,Khá quan tâm,Rất quan tâm,Rất quan tâm,Rất quan tâm,Quan tâm ở mức trung bình,Quan tâm ở mức trung bình,Rất quan tâm,Rất quan tâm,Quan tâm ở mức trung bình,Quan tâm ở mức trung bình,Quan tâm ở mức trung bình,Khá quan tâm,Có hứng thú một chút,Khá quan tâm,Khá quan tâm,Khá quan tâm,Khá quan tâm,Khá quan tâm,Khá liên quan,Khá liên quan,Khá liên quan,Rất liên quan,Rất liên quan,Rất liên quan,Hơi liên quan,Hơi liên quan,Khá liên quan,Rất liên quan,Khá liên quan,Khá liên quan,Rất liên quan,Rất liên quan,Khá liên quan
4/23/2026 20:39:49,Nam,26,Nông thôn,Trung học phổ thông,Không,Không,Không,Hoàn toàn đồng ý,Hoàn toàn đồng ý,Hoàn toàn đồng ý,Hoàn toàn đồng ý,Hoàn toàn đồng ý,Hoàn toàn đồng ý,Hoàn toàn đồng ý,Hoàn toàn đồng ý,Hoàn toàn đồng ý,Hoàn toàn đồng ý,Hoàn toàn đồng ý,Hoàn toàn đồng ý,Hoàn toàn đồng ý,Hoàn toàn đồng ý,Hoàn toàn đồng ý,Hoàn toàn đồng ý,Hoàn toàn đồng ý,Hoàn toàn đồng ý,Hoàn toàn đồng ý,Hoàn toàn đồng ý,Hoàn toàn đồng ý,Hoàn toàn đồng ý,Quan tâm ở mức trung bình,Rất quan tâm,Rất quan tâm,Rất quan tâm,Rất quan tâm,Rất quan tâm,Rất quan tâm,Rất quan tâm,Rất quan tâm,Rất quan tâm,Rất quan tâm,Rất quan tâm,Rất quan tâm,Rất quan tâm,Rất quan tâm,Rất quan tâm,Rất quan tâm,Rất quan tâm,Rất quan tâm,Rất quan tâm,Rất liên quan,Rất liên quan,Rất liên quan,Rất liên quan,Rất liên quan,Rất liên quan,Rất liên quan,Rất liên quan,Rất liên quan,Rất liên quan,Rất liên quan,Rất liên quan,Rất liên quan,Rất liên quan,Rất liên quan
4/23/2026 20:40:44,Nữ,28,Thành thị,Trung học phổ thông,Có,Có,Có,Đồng ý,Trung lập,Đồng ý,Hoàn toàn đồng ý,Trung lập,Đồng ý,Trung lập,Đồng ý,Trung lập,Đồng ý,Hoàn toàn không đồng ý,Trung lập,Đồng ý,Đồng ý,Trung lập,Trung lập,Trung lập,Trung lập,Trung lập,Trung lập,Trung lập,Trung lập,Rất quan tâm,Rất quan tâm,Rất quan tâm,Quan tâm ở mức trung bình,Quan tâm ở mức trung bình,Quan tâm ở mức trung bình,Quan tâm ở mức trung bình,Khá quan tâm,Quan tâm ở mức trung bình,Khá quan tâm,Quan tâm ở mức trung bình,Khá quan tâm,Quan tâm ở mức trung bình,Khá quan tâm,Quan tâm ở mức trung bình,Khá quan tâm,Quan tâm ở mức trung bình,Khá quan tâm,Quan tâm ở mức trung bình,Khá quan tâm,Rất liên quan,Khá liên quan,Khá liên quan,Rất liên quan,Rất liên quan,Rất liên quan,Rất liên quan,Rất liên quan,Rất liên quan,Rất liên quan,Rất liên quan,Rất liên quan,Rất liên quan,Rất liên quan,Khá liên quan
4/23/2026 20:44:23,Nữ,27,Thành thị,Trung học phổ thông,Không,Không,Không,Hoàn toàn đồng ý,Hoàn toàn không đồng ý,Hoàn toàn đồng ý,Hoàn toàn đồng ý,Hoàn toàn đồng ý,Đồng ý,Đồng ý,Không đồng ý,Hoàn toàn không đồng ý,Hoàn toàn không đồng ý,Hoàn toàn không đồng ý,Đồng ý,Hoàn toàn đồng ý,Trung lập,Đồng ý,Đồng ý,Trung lập,Trung lập,Trung lập,Không đồng ý,Trung lập,Trung lập,Quan tâm ở mức trung bình,Quan tâm ở mức trung bình,Có hứng thú một chút,Có hứng thú một chút,Có hứng thú một chút,Có hứng thú một chút,Khá quan tâm,Quan tâm ở mức trung bình,Có hứng thú một chút,Quan tâm ở mức trung bình,Quan tâm ở mức trung bình,Có hứng thú một chút,Hoàn toàn không quan tâm,Quan tâm ở mức trung bình,Khá quan tâm,Quan tâm ở mức trung bình,Quan tâm ở mức trung bình,Quan tâm ở mức trung bình,Quan tâm ở mức trung bình,Quan tâm ở mức trung bình,Rất liên quan,Rất liên quan,Rất liên quan,Rất liên quan,Rất liên quan,Rất liên quan,Hơi liên quan,Hơi liên quan,Rất liên quan,Rất liên quan,Rất liên quan,Rất liên quan,Rất liên quan,Rất liên quan,Hơi liên quan
4/23/2026 20:45:59,Nữ,18,Thành thị,Trung học phổ thông,Có,Có,Không,Đồng ý,Không đồng ý,Đồng ý,Đồng ý,Đồng ý,Đồng ý,Đồng ý,Không đồng ý,Không đồng ý,Không đồng ý,Đồng ý,Đồng ý,Trung lập,Trung lập,Trung lập,Đồng ý,Trung lập,Đồng ý,Trung lập,Trung lập,Trung lập,Trung lập,Quan tâm ở mức trung bình,Quan tâm ở mức trung bình,Hoàn toàn không quan tâm,Quan tâm ở mức trung bình,Hoàn toàn không quan tâm,Hoàn toàn không quan tâm,Hoàn toàn không quan tâm,Hoàn toàn không quan tâm,Hoàn toàn không quan tâm,Hoàn toàn không quan tâm,Hoàn toàn không quan tâm,Hoàn toàn không quan tâm,Hoàn toàn không quan tâm,Hoàn toàn không quan tâm,Hoàn toàn không quan tâm,Hoàn toàn không quan tâm,Hoàn toàn không quan tâm,Hoàn toàn không quan tâm,Hoàn toàn không quan tâm,Hoàn toàn không quan tâm,Khá liên quan,Khá liên quan,Khá liên quan,Khá liên quan,Khá liên quan,Khá liên quan,Khá liên quan,Khá liên quan,Khá liên quan,Khá liên quan,Khá liên quan,Khá liên quan,Khá liên quan,Khá liên quan,Khá liên quan
4/23/2026 20:46:39,Nữ,19,Nông thôn,Trung học phổ thông,Có,Có,Không,Hoàn toàn đồng ý,Trung lập,Đồng ý,Đồng ý,Đồng ý,Hoàn toàn đồng ý,Đồng ý,Trung lập,Không đồng ý,Trung lập,Đồng ý,Đồng ý,Đồng ý,Đồng ý,Đồng ý,Đồng ý,Đồng ý,Đồng ý,Đồng ý,Đồng ý,Đồng ý,Đồng ý,Có hứng thú một chút,Có hứng thú một chút,Có hứng thú một chút,Có hứng thú một chút,Có hứng thú một chút,Có hứng thú một chút,Có hứng thú một chút,Có hứng thú một chút,Có hứng thú một chút,Có hứng thú một chút,Có hứng thú một chút,Có hứng thú một chút,Có hứng thú một chút,Quan tâm ở mức trung bình,Quan tâm ở mức trung bình,Quan tâm ở mức trung bình,Quan tâm ở mức trung bình,Quan tâm ở mức trung bình,Quan tâm ở mức trung bình,Hoàn toàn không quan tâm,Khá liên quan,Rất liên quan,Khá liên quan,Rất liên quan,Rất liên quan,Rất liên quan,Rất liên quan,Rất liên quan,Rất liên quan,Rất liên quan,Rất liên quan,Rất liên quan,Rất liên quan,Rất liên quan,Rất liên quan
4/23/2026 20:49:04,Nữ,18,Thành thị,Trung học phổ thông,Có,Có,Có,Đồng ý,Đồng ý,Đồng ý,Đồng ý,Không đồng ý,Không đồng ý,Đồng ý,Đồng ý,Trung lập,Đồng ý,Đồng ý,Đồng ý,Trung lập,Đồng ý,Đồng ý,Trung lập,Trung lập,Đồng ý,Đồng ý,Đồng ý,Đồng ý,Đồng ý,Có hứng thú một chút,Hoàn toàn không quan tâm,Có hứng thú một chút,Hoàn toàn không quan tâm,Hoàn toàn không quan tâm,Hoàn toàn không quan tâm,Có hứng thú một chút,Có hứng thú một chút,Có hứng thú một chút,Có hứng thú một chút,Hoàn toàn không quan tâm,Hoàn toàn không quan tâm,Hoàn toàn không quan tâm,Có hứng thú một chút,Hoàn toàn không quan tâm,Hoàn toàn không quan tâm,Hoàn toàn không quan tâm,Có hứng thú một chút,Hoàn toàn không quan tâm,Có hứng thú một chút,Khá liên quan,Khá liên quan,Hơi liên quan,Hơi liên quan,Hơi liên quan,Khá liên quan,Hơi liên quan,Hơi liên quan,Khá liên quan,Không liên quan,Khá liên quan,Rất liên quan,Rất liên quan,Rất liên quan,Rất liên quan
4/23/2026 20:49:32,Nữ,19,Nông thôn,Trung học phổ thông,Có,Có,Không,Trung lập,Không đồng ý,Đồng ý,Đồng ý,Đồng ý,Đồng ý,Đồng ý,Đồng ý,Đồng ý,Đồng ý,Đồng ý,Trung lập,Trung lập,Trung lập,Đồng ý,Đồng ý,Đồng ý,Đồng ý,Đồng ý,Đồng ý,Đồng ý,Đồng ý,Quan tâm ở mức trung bình,Quan tâm ở mức trung bình,Quan tâm ở mức trung bình,Quan tâm ở mức trung bình,Quan tâm ở mức trung bình,Quan tâm ở mức trung bình,Quan tâm ở mức trung bình,Quan tâm ở mức trung bình,Quan tâm ở mức trung bình,Quan tâm ở mức trung bình,Quan tâm ở mức trung bình,Quan tâm ở mức trung bình,Quan tâm ở mức trung bình,Quan tâm ở mức trung bình,Quan tâm ở mức trung bình,Quan tâm ở mức trung bình,Quan tâm ở mức trung bình,Quan tâm ở mức trung bình,Quan tâm ở mức trung bình,Quan tâm ở mức trung bình,Khá liên quan,Khá liên quan,Khá liên quan,Khá liên quan,Khá liên quan,Khá liên quan,Khá liên quan,Khá liên quan,Khá liên quan,Khá liên quan,Khá liên quan,Khá liên quan,Khá liên quan,Khá liên quan,Khá liên quan
4/23/2026 20:49:59,Nam,20,Thành thị,Cao Đẳng/ Đại học,Không,Không,Không,Hoàn toàn không đồng ý,Trung lập,Hoàn toàn không đồng ý,Hoàn toàn không đồng ý,Hoàn toàn không đồng ý,Hoàn toàn không đồng ý,Hoàn toàn không đồng ý,Hoàn toàn không đồng ý,Hoàn toàn không đồng ý,Hoàn toàn không đồng ý,Trung lập,Đồng ý,Đồng ý,Hoàn toàn không đồng ý,Hoàn toàn không đồng ý,Hoàn toàn không đồng ý,Hoàn toàn không đồng ý,Hoàn toàn không đồng ý,Hoàn toàn không đồng ý,Hoàn toàn không đồng ý,Hoàn toàn không đồng ý,Hoàn toàn không đồng ý,Khá quan tâm,Khá quan tâm,Khá quan tâm,Khá quan tâm,Khá quan tâm,Khá quan tâm,Khá quan tâm,Khá quan tâm,Khá quan tâm,Khá quan tâm,Khá quan tâm,Khá quan tâm,Khá quan tâm,Khá quan tâm,Khá quan tâm,Khá quan tâm,Khá quan tâm,Khá quan tâm,Khá quan tâm,Khá quan tâm,Khá liên quan,Khá liên quan,Khá liên quan,Khá liên quan,Khá liên quan,Khá liên quan,Khá liên quan,Khá liên quan,Khá liên quan,Khá liên quan,Khá liên quan,Khá liên quan,Khá liên quan,Khá liên quan,Khá liên quan
4/23/2026 20:51:58,Nữ,18,Thành thị,Trung học phổ thông,Có,Có,Không,Trung lập,Trung lập,Trung lập,Trung lập,Trung lập,Trung lập,Trung lập,Trung lập,Hoàn toàn đồng ý,Hoàn toàn đồng ý,Đồng ý,Đồng ý,Đồng ý,Đồng ý,Đồng ý,Đồng ý,Đồng ý,Đồng ý,Đồng ý,Đồng ý,Đồng ý,Đồng ý,Quan tâm ở mức trung bình,Quan tâm ở mức trung bình,Quan tâm ở mức trung bình,Quan tâm ở mức trung bình,Khá quan tâm,Quan tâm ở mức trung bình,Quan tâm ở mức trung bình,Khá quan tâm,Khá quan tâm,Khá quan tâm,Khá quan tâm,Khá quan tâm,Khá quan tâm,Khá quan tâm,Khá quan tâm,Khá quan tâm,Khá quan tâm,Khá quan tâm,Khá quan tâm,Khá quan tâm,Khá liên quan,Khá liên quan,Khá liên quan,Khá liên quan,Khá liên quan,Khá liên quan,Khá liên quan,Khá liên quan,Khá liên quan,Khá liên quan,Khá liên quan,Khá liên quan,Khá liên quan,Khá liên quan,Khá liên quan
4/23/2026 20:54:55,Nam,20,Nông thôn,Trung học phổ thông,Không,Không,Không,Đồng ý,Đồng ý,Đồng ý,Đồng ý,Trung lập,Trung lập,Đồng ý,Trung lập,Trung lập,Trung lập,Không đồng ý,Đồng ý,Đồng ý,Đồng ý,Đồng ý,Đồng ý,Trung lập,Trung lập,Trung lập,Không đồng ý,Không đồng ý,Trung lập,Quan tâm ở mức trung bình,Quan tâm ở mức trung bình,Quan tâm ở mức trung bình,Quan tâm ở mức trung bình,Có hứng thú một chút,Có hứng thú một chút,Quan tâm ở mức trung bình,Có hứng thú một chút,Có hứng thú một chút,Có hứng thú một chút,Có hứng thú một chút,Có hứng thú một chút,Có hứng thú một chút,Có hứng thú một chút,Có hứng thú một chút,Có hứng thú một chút,Có hứng thú một chút,Có hứng thú một chút,Có hứng thú một chút,Có hứng thú một chút,Khá liên quan,Khá liên quan,Khá liên quan,Khá liên quan,Hơi liên quan,Khá liên quan,Khá liên quan,Khá liên quan,Khá liên quan,Khá liên quan,Khá liên quan,Khá liên quan,Khá liên quan,Khá liên quan,Khá liên quan
4/23/2026 20:55:47,Nam,22,Nông thôn,Trung học phổ thông,Có,Có,Không,Trung lập,Trung lập,Trung lập,Trung lập,Trung lập,Trung lập,Trung lập,Trung lập,Trung lập,Trung lập,Trung lập,Trung lập,Trung lập,Trung lập,Trung lập,Trung lập,Trung lập,Trung lập,Trung lập,Trung lập,Trung lập,Trung lập,Quan tâm ở mức trung bình,Quan tâm ở mức trung bình,Quan tâm ở mức trung bình,Quan tâm ở mức trung bình,Quan tâm ở mức trung bình,Quan tâm ở mức trung bình,Quan tâm ở mức trung bình,Quan tâm ở mức trung bình,Quan tâm ở mức trung bình,Quan tâm ở mức trung bình,Quan tâm ở mức trung bình,Quan tâm ở mức trung bình,Quan tâm ở mức trung bình,Quan tâm ở mức trung bình,Quan tâm ở mức trung bình,Quan tâm ở mức trung bình,Quan tâm ở mức trung bình,Quan tâm ở mức trung bình,Quan tâm ở mức trung bình,Quan tâm ở mức trung bình,Hơi liên quan,Hơi liên quan,Hơi liên quan,Hơi liên quan,Hơi liên quan,Hơi liên quan,Hơi liên quan,Hơi liên quan,Hơi liên quan,Hơi liên quan,Hơi liên quan,Hơi liên quan,Hơi liên quan,Hơi liên quan,Hơi liên quan
4/23/2026 20:56:18,Nam,20,Thành thị,Trung học phổ thông,Không,Không,Không,Trung lập,Không đồng ý,Trung lập,Hoàn toàn đồng ý,Trung lập,Trung lập,Đồng ý,Đồng ý,Trung lập,Không đồng ý,Trung lập,Hoàn toàn đồng ý,Đồng ý,Trung lập,Đồng ý,Đồng ý,Đồng ý,Trung lập,Trung lập,Không đồng ý,Không đồng ý,Trung lập,Quan tâm ở mức trung bình,Quan tâm ở mức trung bình,Hoàn toàn không quan tâm,Quan tâm ở mức trung bình,Hoàn toàn không quan tâm,Hoàn toàn không quan tâm,Quan tâm ở mức trung bình,Quan tâm ở mức trung bình,Quan tâm ở mức trung bình,Quan tâm ở mức trung bình,Quan tâm ở mức trung bình,Quan tâm ở mức trung bình,Hoàn toàn không quan tâm,Hoàn toàn không quan tâm,Quan tâm ở mức trung bình,Hoàn toàn không quan tâm,Quan tâm ở mức trung bình,Quan tâm ở mức trung bình,Có hứng thú một chút,Quan tâm ở mức trung bình,Rất liên quan,Rất liên quan,Khá liên quan,Rất liên quan,Rất liên quan,Rất liên quan,Khá liên quan,Khá liên quan,Khá liên quan,Khá liên quan,Khá liên quan,Khá liên quan,Rất liên quan,Rất liên quan,Rất liên quan
4/23/2026 20:57:02,Nam,22,Thành thị,Trung học phổ thông,Có,Có,Không,Hoàn toàn đồng ý,Đồng ý,Hoàn toàn đồng ý,Đồng ý,Đồng ý,Hoàn toàn đồng ý,Trung lập,Hoàn toàn không đồng ý,Trung lập,Trung lập,Không đồng ý,Đồng ý,Trung lập,Hoàn toàn đồng ý,Đồng ý,Đồng ý,Hoàn toàn đồng ý,Hoàn toàn đồng ý,Đồng ý,Trung lập,Đồng ý,Hoàn toàn đồng ý,Quan tâm ở mức trung bình,Khá quan tâm,Quan tâm ở mức trung bình,Quan tâm ở mức trung bình,Khá quan tâm,Quan tâm ở mức trung bình,Có hứng thú một chút,Khá quan tâm,Khá quan tâm,Quan tâm ở mức trung bình,Khá quan tâm,Quan tâm ở mức trung bình,Khá quan tâm,Quan tâm ở mức trung bình,Quan tâm ở mức trung bình,Khá quan tâm,Khá quan tâm,Quan tâm ở mức trung bình,Quan tâm ở mức trung bình,Khá quan tâm,Rất liên quan,Khá liên quan,Rất liên quan,Khá liên quan,Khá liên quan,Không liên quan,Hơi liên quan,Rất liên quan,Hơi liên quan,Khá liên quan,Khá liên quan,Hơi liên quan,Khá liên quan,Rất liên quan,Không liên quan
4/23/2026 20:58:18,Nữ,21,Thành thị,Trung học phổ thông,Có,Không,Không,Trung lập,Không đồng ý,Trung lập,Hoàn toàn đồng ý,Không đồng ý,Trung lập,Trung lập,Trung lập,Không đồng ý,Trung lập,Không đồng ý,Đồng ý,Trung lập,Đồng ý,Đồng ý,Đồng ý,Đồng ý,Trung lập,Trung lập,Không đồng ý,Không đồng ý,Không đồng ý,Quan tâm ở mức trung bình,Quan tâm ở mức trung bình,Quan tâm ở mức trung bình,Quan tâm ở mức trung bình,Có hứng thú một chút,Có hứng thú một chút,Quan tâm ở mức trung bình,Quan tâm ở mức trung bình,Quan tâm ở mức trung bình,Khá quan tâm,Quan tâm ở mức trung bình,Quan tâm ở mức trung bình,Quan tâm ở mức trung bình,Quan tâm ở mức trung bình,Quan tâm ở mức trung bình,Quan tâm ở mức trung bình,Quan tâm ở mức trung bình,Quan tâm ở mức trung bình,Quan tâm ở mức trung bình,Rất quan tâm,Khá liên quan,Khá liên quan,Khá liên quan,Rất liên quan,Khá liên quan,Rất liên quan,Hơi liên quan,Hơi liên quan,Khá liên quan,Rất liên quan,Rất liên quan,Rất liên quan,Rất liên quan,Khá liên quan,Hơi liên quan
4/23/2026 20:58:21,Nam,19,Nông thôn,Cao Đẳng/ Đại học,Có,Có,Không,Hoàn toàn đồng ý,Hoàn toàn đồng ý,Hoàn toàn đồng ý,Hoàn toàn đồng ý,Hoàn toàn đồng ý,Hoàn toàn đồng ý,Hoàn toàn đồng ý,Hoàn toàn đồng ý,Hoàn toàn đồng ý,Hoàn toàn đồng ý,Đồng ý,Hoàn toàn đồng ý,Đồng ý,Đồng ý,Đồng ý,Hoàn toàn đồng ý,Đồng ý,Hoàn toàn đồng ý,Hoàn toàn đồng ý,Hoàn toàn đồng ý,Đồng ý,Hoàn toàn đồng ý,Rất quan tâm,Khá quan tâm,Khá quan tâm,Rất quan tâm,Rất quan tâm,Rất quan tâm,Rất quan tâm,Rất quan tâm,Rất quan tâm,Rất quan tâm,Rất quan tâm,Rất quan tâm,Rất quan tâm,Rất quan tâm,Rất quan tâm,Rất quan tâm,Rất quan tâm,Khá quan tâm,Khá quan tâm,Khá quan tâm,Rất liên quan,Rất liên quan,Khá liên quan,Khá liên quan,Rất liên quan,Rất liên quan,Rất liên quan,Rất liên quan,Rất liên quan,Rất liên quan,Rất liên quan,Khá liên quan,Rất liên quan,Khá liên quan,Rất liên quan
4/23/2026 20:58:29,Nữ,18,Thành thị,Trung học phổ thông,Có,Không,Không,Trung lập,Trung lập,Trung lập,Đồng ý,Trung lập,Đồng ý,Trung lập,Trung lập,Trung lập,Trung lập,Trung lập,Đồng ý,Đồng ý,Không đồng ý,Trung lập,Trung lập,Trung lập,Không đồng ý,Không đồng ý,Không đồng ý,Không đồng ý,Trung lập,Có hứng thú một chút,Có hứng thú một chút,Quan tâm ở mức trung bình,Có hứng thú một chút,Có hứng thú một chút,Có hứng thú một chút,Khá quan tâm,Có hứng thú một chút,Có hứng thú một chút,Quan tâm ở mức trung bình,Khá quan tâm,Quan tâm ở mức trung bình,Có hứng thú một chút,Có hứng thú một chút,Có hứng thú một chút,Có hứng thú một chút,Có hứng thú một chút,Có hứng thú một chút,Quan tâm ở mức trung bình,Quan tâm ở mức trung bình,Khá liên quan,Rất liên quan,Hơi liên quan,Khá liên quan,Khá liên quan,Khá liên quan,Hơi liên quan,Khá liên quan,Hơi liên quan,Khá liên quan,Rất liên quan,Rất liên quan,Khá liên quan,Rất liên quan,Hơi liên quan
4/23/2026 20:59:48,Nữ,20,Thành thị,Cao Đẳng/ Đại học,Có,Có,Có,Đồng ý,Đồng ý,Đồng ý,Đồng ý,Đồng ý,Đồng ý,Đồng ý,Đồng ý,Đồng ý,Đồng ý,Đồng ý,Đồng ý,Đồng ý,Đồng ý,Đồng ý,Đồng ý,Đồng ý,Đồng ý,Đồng ý,Đồng ý,Đồng ý,Đồng ý,Khá quan tâm,Khá quan tâm,Khá quan tâm,Khá quan tâm,Khá quan tâm,Khá quan tâm,Khá quan tâm,Khá quan tâm,Khá quan tâm,Khá quan tâm,Khá quan tâm,Khá quan tâm,Khá quan tâm,Khá quan tâm,Khá quan tâm,Khá quan tâm,Khá quan tâm,Khá quan tâm,Khá quan tâm,Khá quan tâm,Khá liên quan,Khá liên quan,Khá liên quan,Khá liên quan,Khá liên quan,Khá liên quan,Khá liên quan,Khá liên quan,Khá liên quan,Khá liên quan,Khá liên quan,Khá liên quan,Khá liên quan,Khá liên quan,Khá liên quan
4/23/2026 21:01:47,Nam,24,Thành thị,Sau Đại học,Có,Có,Có,Trung lập,Trung lập,Trung lập,Trung lập,Trung lập,Trung lập,Trung lập,Trung lập,Trung lập,Trung lập,Trung lập,Trung lập,Trung lập,Trung lập,Trung lập,Trung lập,Trung lập,Trung lập,Trung lập,Trung lập,Trung lập,Trung lập,Khá quan tâm,Khá quan tâm,Khá quan tâm,Khá quan tâm,Khá quan tâm,Khá quan tâm,Khá quan tâm,Khá quan tâm,Khá quan tâm,Khá quan tâm,Khá quan tâm,Khá quan tâm,Khá quan tâm,Khá quan tâm,Khá quan tâm,Khá quan tâm,Khá quan tâm,Khá quan tâm,Khá quan tâm,Khá quan tâm,Khá liên quan,Khá liên quan,Khá liên quan,Khá liên quan,Khá liên quan,Khá liên quan,Khá liên quan,Khá liên quan,Khá liên quan,Khá liên quan,Khá liên quan,Khá liên quan,Khá liên quan,Khá liên quan,Khá liên quan
4/23/2026 21:02:45,Nam,18,Thành thị,Trung học phổ thông,Không,Có,Không,Trung lập,Không đồng ý,Đồng ý,Đồng ý,Đồng ý,Trung lập,Trung lập,Trung lập,Không đồng ý,Trung lập,Trung lập,Đồng ý,Đồng ý,Trung lập,Đồng ý,Đồng ý,Trung lập,Đồng ý,Đồng ý,Trung lập,Trung lập,Trung lập,Hoàn toàn không quan tâm,Hoàn toàn không quan tâm,Hoàn toàn không quan tâm,Hoàn toàn không quan tâm,Hoàn toàn không quan tâm,Hoàn toàn không quan tâm,Quan tâm ở mức trung bình,Hoàn toàn không quan tâm,Hoàn toàn không quan tâm,Hoàn toàn không quan tâm,Hoàn toàn không quan tâm,Hoàn toàn không quan tâm,Hoàn toàn không quan tâm,Hoàn toàn không quan tâm,Hoàn toàn không quan tâm,Hoàn toàn không quan tâm,Hoàn toàn không quan tâm,Hoàn toàn không quan tâm,Hoàn toàn không quan tâm,Rất quan tâm,Không liên quan,Không liên quan,Không liên quan,Không liên quan,Không liên quan,Không liên quan,Không liên quan,Không liên quan,Không liên quan,Không liên quan,Không liên quan,Rất liên quan,Rất liên quan,Rất liên quan,Rất liên quan
4/23/2026 21:03:17,Nam,23,Nông thôn,Trung học phổ thông,Có,Có,Có,Đồng ý,Đồng ý,Đồng ý,Đồng ý,Đồng ý,Đồng ý,Đồng ý,Đồng ý,Đồng ý,Đồng ý,Đồng ý,Đồng ý,Đồng ý,Đồng ý,Đồng ý,Đồng ý,Đồng ý,Đồng ý,Đồng ý,Đồng ý,Đồng ý,Đồng ý,Quan tâm ở mức trung bình,Quan tâm ở mức trung bình,Quan tâm ở mức trung bình,Quan tâm ở mức trung bình,Quan tâm ở mức trung bình,Quan tâm ở mức trung bình,Quan tâm ở mức trung bình,Quan tâm ở mức trung bình,Quan tâm ở mức trung bình,Quan tâm ở mức trung bình,Quan tâm ở mức trung bình,Quan tâm ở mức trung bình,Quan tâm ở mức trung bình,Quan tâm ở mức trung bình,Quan tâm ở mức trung bình,Quan tâm ở mức trung bình,Quan tâm ở mức trung bình,Quan tâm ở mức trung bình,Quan tâm ở mức trung bình,Quan tâm ở mức trung bình,Khá liên quan,Khá liên quan,Khá liên quan,Khá liên quan,Khá liên quan,Khá liên quan,Khá liên quan,Khá liên quan,Khá liên quan,Khá liên quan,Khá liên quan,Khá liên quan,Khá liên quan,Khá liên quan,Khá liên quan
4/23/2026 21:05:51,Nữ,22,Nông thôn,Trung học phổ thông,Có,Có,Có,Trung lập,Trung lập,Trung lập,Trung lập,Trung lập,Trung lập,Trung lập,Trung lập,Trung lập,Trung lập,Trung lập,Trung lập,Trung lập,Trung lập,Trung lập,Trung lập,Trung lập,Trung lập,Trung lập,Trung lập,Trung lập,Trung lập,Quan tâm ở mức trung bình,Quan tâm ở mức trung bình,Quan tâm ở mức trung bình,Quan tâm ở mức trung bình,Quan tâm ở mức trung bình,Quan tâm ở mức trung bình,Quan tâm ở mức trung bình,Quan tâm ở mức trung bình,Quan tâm ở mức trung bình,Quan tâm ở mức trung bình,Quan tâm ở mức trung bình,Quan tâm ở mức trung bình,Quan tâm ở mức trung bình,Quan tâm ở mức trung bình,Quan tâm ở mức trung bình,Quan tâm ở mức trung bình,Quan tâm ở mức trung bình,Quan tâm ở mức trung bình,Quan tâm ở mức trung bình,Quan tâm ở mức trung bình,Khá liên quan,Khá liên quan,Khá liên quan,Khá liên quan,Khá liên quan,Khá liên quan,Khá liên quan,Khá liên quan,Khá liên quan,Khá liên quan,Khá liên quan,Khá liên quan,Khá liên quan,Khá liên quan,Khá liên quan
4/23/2026 21:07:13,Nữ,26,Thành thị,Sau Đại học,Có,Có,Có,Đồng ý,Đồng ý,Đồng ý,Đồng ý,Đồng ý,Đồng ý,Đồng ý,Đồng ý,Đồng ý,Đồng ý,Đồng ý,Đồng ý,Đồng ý,Đồng ý,Đồng ý,Đồng ý,Đồng ý,Đồng ý,Đồng ý,Đồng ý,Đồng ý,Đồng ý,Khá quan tâm,Khá quan tâm,Khá quan tâm,Khá quan tâm,Khá quan tâm,Khá quan tâm,Khá quan tâm,Khá quan tâm,Khá quan tâm,Khá quan tâm,Khá quan tâm,Khá quan tâm,Khá quan tâm,Khá quan tâm,Khá quan tâm,Khá quan tâm,Khá quan tâm,Khá quan tâm,Khá quan tâm,Khá quan tâm,Khá liên quan,Khá liên quan,Khá liên quan,Khá liên quan,Khá liên quan,Khá liên quan,Khá liên quan,Khá liên quan,Khá liên quan,Khá liên quan,Khá liên quan,Khá liên quan,Khá liên quan,Khá liên quan,Khá liên quan
4/23/2026 21:08:47,Nam,24,Thành thị,Sau Đại học,Có,Có,Có,Trung lập,Trung lập,Trung lập,Trung lập,Trung lập,Trung lập,Trung lập,Đồng ý,Đồng ý,Đồng ý,Trung lập,Đồng ý,Đồng ý,Đồng ý,Đồng ý,Trung lập,Đồng ý,Trung lập,Trung lập,Trung lập,Trung lập,Trung lập,Quan tâm ở mức trung bình,Quan tâm ở mức trung bình,Quan tâm ở mức trung bình,Quan tâm ở mức trung bình,Quan tâm ở mức trung bình,Quan tâm ở mức trung bình,Quan tâm ở mức trung bình,Quan tâm ở mức trung bình,Quan tâm ở mức trung bình,Quan tâm ở mức trung bình,Quan tâm ở mức trung bình,Quan tâm ở mức trung bình,Quan tâm ở mức trung bình,Quan tâm ở mức trung bình,Quan tâm ở mức trung bình,Quan tâm ở mức trung bình,Quan tâm ở mức trung bình,Quan tâm ở mức trung bình,Quan tâm ở mức trung bình,Quan tâm ở mức trung bình,Khá liên quan,Khá liên quan,Khá liên quan,Khá liên quan,Khá liên quan,Khá liên quan,Khá liên quan,Khá liên quan,Khá liên quan,Khá liên quan,Khá liên quan,Khá liên quan,Khá liên quan,Khá liên quan,Khá liên quan
4/23/2026 21:10:09,Nữ,30,Thành thị,Sau Đại học,Có,Có,Có,Đồng ý,Đồng ý,Đồng ý,Đồng ý,Đồng ý,Đồng ý,Đồng ý,Đồng ý,Đồng ý,Đồng ý,Đồng ý,Đồng ý,Đồng ý,Đồng ý,Đồng ý,Đồng ý,Đồng ý,Đồng ý,Đồng ý,Đồng ý,Đồng ý,Đồng ý,Quan tâm ở mức trung bình,Quan tâm ở mức trung bình,Quan tâm ở mức trung bình,Quan tâm ở mức trung bình,Khá quan tâm,Khá quan tâm,Khá quan tâm,Khá quan tâm,Khá quan tâm,Khá quan tâm,Khá quan tâm,Khá quan tâm,Khá quan tâm,Khá quan tâm,Khá quan tâm,Khá quan tâm,Khá quan tâm,Khá quan tâm,Khá quan tâm,Khá quan tâm,Khá liên quan,Khá liên quan,Khá liên quan,Khá liên quan,Khá liên quan,Khá liên quan,Khá liên quan,Khá liên quan,Khá liên quan,Khá liên quan,Khá liên quan,Khá liên quan,Khá liên quan,Khá liên quan,Khá liên quan
4/23/2026 21:10:28,Nữ,18,Nông thôn,Trung học phổ thông,Có,Có,Không,Trung lập,Trung lập,Trung lập,Trung lập,Trung lập,Trung lập,Trung lập,Trung lập,Trung lập,Trung lập,Đồng ý,Đồng ý,Trung lập,Trung lập,Trung lập,Trung lập,Trung lập,Trung lập,Trung lập,Trung lập,Trung lập,Trung lập,Quan tâm ở mức trung bình,Có hứng thú một chút,Quan tâm ở mức trung bình,Có hứng thú một chút,Có hứng thú một chút,Quan tâm ở mức trung bình,Có hứng thú một chút,Quan tâm ở mức trung bình,Quan tâm ở mức trung bình,Có hứng thú một chút,Quan tâm ở mức trung bình,Có hứng thú một chút,Quan tâm ở mức trung bình,Quan tâm ở mức trung bình,Có hứng thú một chút,Có hứng thú một chút,Quan tâm ở mức trung bình,Quan tâm ở mức trung bình,Có hứng thú một chút,Quan tâm ở mức trung bình,Hơi liên quan,Khá liên quan,Khá liên quan,Hơi liên quan,Khá liên quan,Hơi liên quan,Hơi liên quan,Khá liên quan,Khá liên quan,Hơi liên quan,Khá liên quan,Hơi liên quan,Khá liên quan,Khá liên quan,Hơi liên quan
4/23/2026 21:11:39,Nam,30,Nông thôn,Trung học phổ thông,Có,Không,Không,Trung lập,Trung lập,Trung lập,Trung lập,Trung lập,Trung lập,Trung lập,Trung lập,Trung lập,Trung lập,Trung lập,Trung lập,Trung lập,Trung lập,Trung lập,Trung lập,Trung lập,Trung lập,Trung lập,Trung lập,Trung lập,Trung lập,Quan tâm ở mức trung bình,Quan tâm ở mức trung bình,Quan tâm ở mức trung bình,Quan tâm ở mức trung bình,Quan tâm ở mức trung bình,Quan tâm ở mức trung bình,Quan tâm ở mức trung bình,Quan tâm ở mức trung bình,Quan tâm ở mức trung bình,Quan tâm ở mức trung bình,Quan tâm ở mức trung bình,Quan tâm ở mức trung bình,Quan tâm ở mức trung bình,Quan tâm ở mức trung bình,Quan tâm ở mức trung bình,Quan tâm ở mức trung bình,Quan tâm ở mức trung bình,Quan tâm ở mức trung bình,Quan tâm ở mức trung bình,Quan tâm ở mức trung bình,Khá liên quan,Khá liên quan,Khá liên quan,Khá liên quan,Khá liên quan,Khá liên quan,Khá liên quan,Khá liên quan,Khá liên quan,Khá liên quan,Khá liên quan,Khá liên quan,Khá liên quan,Khá liên quan,Khá liên quan
4/23/2026 21:13:00,Nữ,28,Thành thị,Sau Đại học,Có,Không,Không,Trung lập,Trung lập,Trung lập,Trung lập,Trung lập,Trung lập,Trung lập,Trung lập,Trung lập,Trung lập,Trung lập,Trung lập,Trung lập,Đồng ý,Đồng ý,Đồng ý,Đồng ý,Đồng ý,Đồng ý,Đồng ý,Đồng ý,Đồng ý,Khá quan tâm,Khá quan tâm,Khá quan tâm,Khá quan tâm,Khá quan tâm,Khá quan tâm,Khá quan tâm,Khá quan tâm,Khá quan tâm,Khá quan tâm,Khá quan tâm,Khá quan tâm,Khá quan tâm,Khá quan tâm,Khá quan tâm,Khá quan tâm,Khá quan tâm,Khá quan tâm,Khá quan tâm,Khá quan tâm,Khá liên quan,Khá liên quan,Khá liên quan,Khá liên quan,Khá liên quan,Khá liên quan,Khá liên quan,Khá liên quan,Khá liên quan,Khá liên quan,Khá liên quan,Khá liên quan,Khá liên quan,Khá liên quan,Khá liên quan
4/23/2026 21:14:19,Nữ,26,Thành thị,Sau Đại học,Có,Có,Có,Đồng ý,Đồng ý,Đồng ý,Đồng ý,Đồng ý,Đồng ý,Hoàn toàn đồng ý,Hoàn toàn đồng ý,Hoàn toàn đồng ý,Hoàn toàn đồng ý,Đồng ý,Đồng ý,Hoàn toàn đồng ý,Hoàn toàn đồng ý,Hoàn toàn đồng ý,Hoàn toàn đồng ý,Hoàn toàn đồng ý,Đồng ý,Đồng ý,Đồng ý,Đồng ý,Đồng ý,Khá quan tâm,Khá quan tâm,Khá quan tâm,Rất quan tâm,Khá quan tâm,Khá quan tâm,Khá quan tâm,Khá quan tâm,Khá quan tâm,Khá quan tâm,Khá quan tâm,Khá quan tâm,Khá quan tâm,Khá quan tâm,Khá quan tâm,Khá quan tâm,Khá quan tâm,Khá quan tâm,Khá quan tâm,Khá quan tâm,Khá liên quan,Khá liên quan,Khá liên quan,Khá liên quan,Khá liên quan,Khá liên quan,Khá liên quan,Khá liên quan,Khá liên quan,Khá liên quan,Khá liên quan,Khá liên quan,Khá liên quan,Khá liên quan,Khá liên quan
4/23/2026 21:17:52,Nam,26,Thành thị,Cao Đẳng/ Đại học,Có,Không,Không,Trung lập,Hoàn toàn không đồng ý,Đồng ý,Đồng ý,Đồng ý,Đồng ý,Đồng ý,Hoàn toàn không đồng ý,Hoàn toàn không đồng ý,Hoàn toàn không đồng ý,Hoàn toàn không đồng ý,Trung lập,Trung lập,Hoàn toàn đồng ý,Hoàn toàn đồng ý,Hoàn toàn đồng ý,Hoàn toàn đồng ý,Hoàn toàn đồng ý,Hoàn toàn đồng ý,Hoàn toàn đồng ý,Hoàn toàn đồng ý,Hoàn toàn đồng ý,Quan tâm ở mức trung bình,Có hứng thú một chút,Có hứng thú một chút,Quan tâm ở mức trung bình,Quan tâm ở mức trung bình,Quan tâm ở mức trung bình,Khá quan tâm,Khá quan tâm,Khá quan tâm,Khá quan tâm,Khá quan tâm,Khá quan tâm,Khá quan tâm,Khá quan tâm,Khá quan tâm,Khá quan tâm,Khá quan tâm,Khá quan tâm,Khá quan tâm,Khá quan tâm,Rất liên quan,Khá liên quan,Rất liên quan,Rất liên quan,Rất liên quan,Rất liên quan,Rất liên quan,Rất liên quan,Rất liên quan,Rất liên quan,Rất liên quan,Rất liên quan,Rất liên quan,Rất liên quan,Rất liên quan
4/23/2026 21:24:22,Nữ,30,Nông thôn,Cao Đẳng/ Đại học,Có,Có,Có,Đồng ý,Hoàn toàn không đồng ý,Đồng ý,Trung lập,Đồng ý,Đồng ý,Đồng ý,Trung lập,Trung lập,Hoàn toàn không đồng ý,Trung lập,Trung lập,Hoàn toàn không đồng ý,Đồng ý,Đồng ý,Đồng ý,Đồng ý,Đồng ý,Đồng ý,Đồng ý,Đồng ý,Đồng ý,Khá quan tâm,Rất quan tâm,Khá quan tâm,Rất quan tâm,Rất quan tâm,Rất quan tâm,Rất quan tâm,Rất quan tâm,Rất quan tâm,Rất quan tâm,Rất quan tâm,Rất quan tâm,Rất quan tâm,Rất quan tâm,Rất quan tâm,Rất quan tâm,Rất quan tâm,Rất quan tâm,Rất quan tâm,Rất quan tâm,Rất liên quan,Rất liên quan,Rất liên quan,Rất liên quan,Rất liên quan,Rất liên quan,Rất liên quan,Rất liên quan,Rất liên quan,Rất liên quan,Rất liên quan,Rất liên quan,Rất liên quan,Rất liên quan,Rất liên quan
4/23/2026 21:40:06,Nam,18,Nông thôn,Trung học phổ thông,Không,Không,Không,Đồng ý,Không đồng ý,Đồng ý,Đồng ý,Đồng ý,Trung lập,Đồng ý,Không đồng ý,Không đồng ý,Không đồng ý,Trung lập,Đồng ý,Không đồng ý,Hoàn toàn không đồng ý,Đồng ý,Không đồng ý,Trung lập,Trung lập,Trung lập,Không đồng ý,Không đồng ý,Đồng ý,Quan tâm ở mức trung bình,Quan tâm ở mức trung bình,Quan tâm ở mức trung bình,Quan tâm ở mức trung bình,Quan tâm ở mức trung bình,Quan tâm ở mức trung bình,Quan tâm ở mức trung bình,Quan tâm ở mức trung bình,Quan tâm ở mức trung bình,Quan tâm ở mức trung bình,Quan tâm ở mức trung bình,Quan tâm ở mức trung bình,Quan tâm ở mức trung bình,Quan tâm ở mức trung bình,Quan tâm ở mức trung bình,Quan tâm ở mức trung bình,Quan tâm ở mức trung bình,Quan tâm ở mức trung bình,Quan tâm ở mức trung bình,Quan tâm ở mức trung bình,Rất liên quan,Rất liên quan,Khá liên quan,Khá liên quan,Rất liên quan,Khá liên quan,Khá liên quan,Khá liên quan,Rất liên quan,Khá liên quan,Khá liên quan,Khá liên quan,Khá liên quan,Hơi liên quan,Không liên quan
4/23/2026 21:44:31,Nam,18,Thành thị,Trung học phổ thông,Có,Có,Có,Hoàn toàn đồng ý,Đồng ý,Đồng ý,Đồng ý,Đồng ý,Đồng ý,Đồng ý,Đồng ý,Đồng ý,Đồng ý,Đồng ý,Đồng ý,Đồng ý,Đồng ý,Đồng ý,Đồng ý,Đồng ý,Đồng ý,Đồng ý,Đồng ý,Đồng ý,Đồng ý,Quan tâm ở mức trung bình,Quan tâm ở mức trung bình,Quan tâm ở mức trung bình,Quan tâm ở mức trung bình,Quan tâm ở mức trung bình,Quan tâm ở mức trung bình,Quan tâm ở mức trung bình,Quan tâm ở mức trung bình,Quan tâm ở mức trung bình,Quan tâm ở mức trung bình,Quan tâm ở mức trung bình,Quan tâm ở mức trung bình,Quan tâm ở mức trung bình,Quan tâm ở mức trung bình,Quan tâm ở mức trung bình,Quan tâm ở mức trung bình,Quan tâm ở mức trung bình,Quan tâm ở mức trung bình,Quan tâm ở mức trung bình,Quan tâm ở mức trung bình,Khá liên quan,Khá liên quan,Khá liên quan,Khá liên quan,Khá liên quan,Khá liên quan,Khá liên quan,Khá liên quan,Khá liên quan,Khá liên quan,Khá liên quan,Khá liên quan,Khá liên quan,Khá liên quan,Khá liên quan
4/23/2026 21:49:40,Nữ,18,Nông thôn,Trung học phổ thông,Có,Có,Không,Trung lập,Hoàn toàn không đồng ý,Đồng ý,Hoàn toàn đồng ý,Hoàn toàn đồng ý,Trung lập,Trung lập,Không đồng ý,Trung lập,Hoàn toàn không đồng ý,Trung lập,Đồng ý,Trung lập,Đồng ý,Đồng ý,Trung lập,Trung lập,Trung lập,Đồng ý,Trung lập,Trung lập,Trung lập,Khá quan tâm,Quan tâm ở mức trung bình,Có hứng thú một chút,Quan tâm ở mức trung bình,Có hứng thú một chút,Có hứng thú một chút,Khá quan tâm,Có hứng thú một chút,Khá quan tâm,Rất quan tâm,Rất quan tâm,Khá quan tâm,Hoàn toàn không quan tâm,Hoàn toàn không quan tâm,Rất quan tâm,Hoàn toàn không quan tâm,Có hứng thú một chút,Quan tâm ở mức trung bình,Quan tâm ở mức trung bình,Khá quan tâm,Khá liên quan,Rất liên quan,Hơi liên quan,Rất liên quan,Rất liên quan,Rất liên quan,Khá liên quan,Khá liên quan,Hơi liên quan,Khá liên quan,Rất liên quan,Rất liên quan,Rất liên quan,Hơi liên quan,Không liên quan
4/23/2026 21:57:01,Nữ,19,Thành thị,Cao Đẳng/ Đại học,Có,Không,Không,Trung lập,Trung lập,Đồng ý,Đồng ý,Trung lập,Không đồng ý,Trung lập,Không đồng ý,Không đồng ý,Không đồng ý,Đồng ý,Đồng ý,Đồng ý,Trung lập,Trung lập,Trung lập,Đồng ý,Đồng ý,Trung lập,Không đồng ý,Hoàn toàn không đồng ý,Hoàn toàn không đồng ý,Hoàn toàn không quan tâm,Hoàn toàn không quan tâm,Có hứng thú một chút,Hoàn toàn không quan tâm,Hoàn toàn không quan tâm,Có hứng thú một chút,Có hứng thú một chút,Có hứng thú một chút,Quan tâm ở mức trung bình,Quan tâm ở mức trung bình,Khá quan tâm,Quan tâm ở mức trung bình,Có hứng thú một chút,Có hứng thú một chút,Hoàn toàn không quan tâm,Hoàn toàn không quan tâm,Có hứng thú một chút,Có hứng thú một chút,Quan tâm ở mức trung bình,Quan tâm ở mức trung bình,Khá liên quan,Hơi liên quan,Khá liên quan,Khá liên quan,Khá liên quan,Khá liên quan,Hơi liên quan,Hơi liên quan,Khá liên quan,Khá liên quan,Hơi liên quan,Rất liên quan,Rất liên quan,Khá liên quan,Khá liên quan
4/23/2026 21:57:25,Nữ,30,Nông thôn,Trung học cơ sở,Không,Không,Không,Hoàn toàn đồng ý,Hoàn toàn đồng ý,Hoàn toàn đồng ý,Hoàn toàn đồng ý,Hoàn toàn đồng ý,Hoàn toàn đồng ý,Hoàn toàn đồng ý,Trung lập,Trung lập,Trung lập,Hoàn toàn không đồng ý,Đồng ý,Đồng ý,Hoàn toàn đồng ý,Trung lập,Trung lập,Trung lập,Đồng ý,Đồng ý,Trung lập,Trung lập,Đồng ý,Rất quan tâm,Rất quan tâm,Rất quan tâm,Rất quan tâm,Rất quan tâm,Rất quan tâm,Rất quan tâm,Rất quan tâm,Rất quan tâm,Rất quan tâm,Rất quan tâm,Rất quan tâm,Rất quan tâm,Rất quan tâm,Rất quan tâm,Rất quan tâm,Rất quan tâm,Rất quan tâm,Rất quan tâm,Quan tâm ở mức trung bình,Rất liên quan,Rất liên quan,Rất liên quan,Rất liên quan,Rất liên quan,Rất liên quan,Rất liên quan,Rất liên quan,Rất liên quan,Rất liên quan,Rất liên quan,Rất liên quan,Rất liên quan,Rất liên quan,Rất liên quan
4/23/2026 22:05:46,Nam,18,Thành thị,Trung học phổ thông,Không,Không,Không,Trung lập,Trung lập,Trung lập,Trung lập,Trung lập,Trung lập,Trung lập,Trung lập,Trung lập,Trung lập,Trung lập,Trung lập,Trung lập,Trung lập,Trung lập,Trung lập,Trung lập,Trung lập,Trung lập,Trung lập,Trung lập,Trung lập,Hoàn toàn không quan tâm,Hoàn toàn không quan tâm,Hoàn toàn không quan tâm,Hoàn toàn không quan tâm,Hoàn toàn không quan tâm,Hoàn toàn không quan tâm,Hoàn toàn không quan tâm,Hoàn toàn không quan tâm,Hoàn toàn không quan tâm,Hoàn toàn không quan tâm,Hoàn toàn không quan tâm,Hoàn toàn không quan tâm,Hoàn toàn không quan tâm,Hoàn toàn không quan tâm,Hoàn toàn không quan tâm,Hoàn toàn không quan tâm,Hoàn toàn không quan tâm,Hoàn toàn không quan tâm,Hoàn toàn không quan tâm,Hoàn toàn không quan tâm,Không liên quan,Không liên quan,Khá liên quan,Rất liên quan,Khá liên quan,Khá liên quan,Không liên quan,Không liên quan,Không liên quan,Không liên quan,Không liên quan,Không liên quan,Không liên quan,Khá liên quan,Hơi liên quan
4/23/2026 22:06:50,Nam,19,Thành thị,Trung học phổ thông,Không,Có,Không,Đồng ý,Trung lập,Không đồng ý,Trung lập,Trung lập,Trung lập,Trung lập,Trung lập,Trung lập,Đồng ý,Không đồng ý,Đồng ý,Đồng ý,Đồng ý,Đồng ý,Đồng ý,Đồng ý,Trung lập,Trung lập,Trung lập,Đồng ý,Trung lập,Quan tâm ở mức trung bình,Quan tâm ở mức trung bình,Quan tâm ở mức trung bình,Quan tâm ở mức trung bình,Quan tâm ở mức trung bình,Quan tâm ở mức trung bình,Quan tâm ở mức trung bình,Quan tâm ở mức trung bình,Quan tâm ở mức trung bình,Quan tâm ở mức trung bình,Quan tâm ở mức trung bình,Quan tâm ở mức trung bình,Quan tâm ở mức trung bình,Quan tâm ở mức trung bình,Quan tâm ở mức trung bình,Quan tâm ở mức trung bình,Quan tâm ở mức trung bình,Quan tâm ở mức trung bình,Quan tâm ở mức trung bình,Quan tâm ở mức trung bình,Hơi liên quan,Hơi liên quan,Hơi liên quan,Hơi liên quan,Hơi liên quan,Hơi liên quan,Hơi liên quan,Hơi liên quan,Hơi liên quan,Hơi liên quan,Hơi liên quan,Khá liên quan,Khá liên quan,Hơi liên quan,Khá liên quan
4/23/2026 22:12:41,Nữ,18,Thành thị,Trung học phổ thông,Không,Không,Không,Trung lập,Trung lập,Đồng ý,Trung lập,Đồng ý,Trung lập,Trung lập,Không đồng ý,Không đồng ý,Trung lập,Trung lập,Đồng ý,Trung lập,Trung lập,Trung lập,Trung lập,Trung lập,Trung lập,Trung lập,Trung lập,Trung lập,Trung lập,Quan tâm ở mức trung bình,Quan tâm ở mức trung bình,Quan tâm ở mức trung bình,Quan tâm ở mức trung bình,Quan tâm ở mức trung bình,Quan tâm ở mức trung bình,Quan tâm ở mức trung bình,Quan tâm ở mức trung bình,Quan tâm ở mức trung bình,Quan tâm ở mức trung bình,Quan tâm ở mức trung bình,Quan tâm ở mức trung bình,Quan tâm ở mức trung bình,Quan tâm ở mức trung bình,Quan tâm ở mức trung bình,Quan tâm ở mức trung bình,Quan tâm ở mức trung bình,Quan tâm ở mức trung bình,Quan tâm ở mức trung bình,Quan tâm ở mức trung bình,Khá liên quan,Hơi liên quan,Hơi liên quan,Hơi liên quan,Khá liên quan,Hơi liên quan,Hơi liên quan,Khá liên quan,Hơi liên quan,Hơi liên quan,Không liên quan,Không liên quan,Hơi liên quan,Hơi liên quan,Không liên quan
4/23/2026 22:13:10,Nữ,19,Nông thôn,Trung học phổ thông,Có,Có,Không,Trung lập,Trung lập,Đồng ý,Hoàn toàn đồng ý,Trung lập,Không đồng ý,Trung lập,Đồng ý,Hoàn toàn đồng ý,Đồng ý,Đồng ý,Hoàn toàn đồng ý,Đồng ý,Đồng ý,Đồng ý,Đồng ý,Đồng ý,Đồng ý,Trung lập,Không đồng ý,Trung lập,Trung lập,Có hứng thú một chút,Có hứng thú một chút,Có hứng thú một chút,Có hứng thú một chút,Có hứng thú một chút,Có hứng thú một chút,Có hứng thú một chút,Có hứng thú một chút,Có hứng thú một chút,Có hứng thú một chút,Có hứng thú một chút,Có hứng thú một chút,Có hứng thú một chút,Có hứng thú một chút,Có hứng thú một chút,Có hứng thú một chút,Có hứng thú một chút,Có hứng thú một chút,Có hứng thú một chút,Có hứng thú một chút,Khá liên quan,Khá liên quan,Khá liên quan,Rất liên quan,Rất liên quan,Rất liên quan,Rất liên quan,Rất liên quan,Rất liên quan,Rất liên quan,Rất liên quan,Rất liên quan,Rất liên quan,Rất liên quan,Khá liên quan
4/23/2026 22:33:43,Nam,19,Nông thôn,Trung học phổ thông,Có,Không,Không,Trung lập,Trung lập,Trung lập,Trung lập,Trung lập,Trung lập,Trung lập,Trung lập,Trung lập,Trung lập,Trung lập,Trung lập,Trung lập,Trung lập,Trung lập,Trung lập,Trung lập,Trung lập,Trung lập,Trung lập,Trung lập,Trung lập,Quan tâm ở mức trung bình,Quan tâm ở mức trung bình,Quan tâm ở mức trung bình,Quan tâm ở mức trung bình,Quan tâm ở mức trung bình,Quan tâm ở mức trung bình,Quan tâm ở mức trung bình,Quan tâm ở mức trung bình,Quan tâm ở mức trung bình,Quan tâm ở mức trung bình,Quan tâm ở mức trung bình,Quan tâm ở mức trung bình,Quan tâm ở mức trung bình,Quan tâm ở mức trung bình,Quan tâm ở mức trung bình,Quan tâm ở mức trung bình,Quan tâm ở mức trung bình,Quan tâm ở mức trung bình,Quan tâm ở mức trung bình,Quan tâm ở mức trung bình,Không liên quan,Không liên quan,Không liên quan,Không liên quan,Không liên quan,Không liên quan,Không liên quan,Không liên quan,Không liên quan,Không liên quan,Không liên quan,Không liên quan,Không liên quan,Không liên quan,Không liên quan
4/23/2026 22:43:48,Nữ,18,Thành thị,Trung học phổ thông,Có,Có,Không,Trung lập,Hoàn toàn không đồng ý,Đồng ý,Đồng ý,Đồng ý,Trung lập,Đồng ý,Hoàn toàn không đồng ý,Trung lập,Trung lập,Trung lập,Trung lập,Không đồng ý,Đồng ý,Đồng ý,Đồng ý,Trung lập,Trung lập,Trung lập,Trung lập,Trung lập,Trung lập,Quan tâm ở mức trung bình,Quan tâm ở mức trung bình,Hoàn toàn không quan tâm,Quan tâm ở mức trung bình,Quan tâm ở mức trung bình,Quan tâm ở mức trung bình,Quan tâm ở mức trung bình,Quan tâm ở mức trung bình,Có hứng thú một chút,Quan tâm ở mức trung bình,Quan tâm ở mức trung bình,Quan tâm ở mức trung bình,Quan tâm ở mức trung bình,Quan tâm ở mức trung bình,Quan tâm ở mức trung bình,Quan tâm ở mức trung bình,Quan tâm ở mức trung bình,Hoàn toàn không quan tâm,Hoàn toàn không quan tâm,Quan tâm ở mức trung bình,Hơi liên quan,Hơi liên quan,Hơi liên quan,Khá liên quan,Khá liên quan,Khá liên quan,Không liên quan,Không liên quan,Không liên quan,Không liên quan,Khá liên quan,Khá liên quan,Không liên quan,Không liên quan,Không liên quan
4/23/2026 22:44:24,Nữ,19,Thành thị,Trung học phổ thông,Có,Có,Có,Hoàn toàn không đồng ý,Hoàn toàn không đồng ý,Hoàn toàn không đồng ý,Hoàn toàn không đồng ý,Hoàn toàn không đồng ý,Hoàn toàn không đồng ý,Không đồng ý,Không đồng ý,Không đồng ý,Không đồng ý,Hoàn toàn không đồng ý,Hoàn toàn không đồng ý,Hoàn toàn không đồng ý,Hoàn toàn không đồng ý,Hoàn toàn không đồng ý,Hoàn toàn không đồng ý,Hoàn toàn không đồng ý,Hoàn toàn không đồng ý,Hoàn toàn không đồng ý,Hoàn toàn không đồng ý,Hoàn toàn không đồng ý,Hoàn toàn không đồng ý,Rất quan tâm,Rất quan tâm,Rất quan tâm,Rất quan tâm,Rất quan tâm,Rất quan tâm,Rất quan tâm,Rất quan tâm,Rất quan tâm,Rất quan tâm,Rất quan tâm,Rất quan tâm,Rất quan tâm,Rất quan tâm,Rất quan tâm,Rất quan tâm,Rất quan tâm,Rất quan tâm,Rất quan tâm,Rất quan tâm,Rất liên quan,Rất liên quan,Rất liên quan,Rất liên quan,Rất liên quan,Rất liên quan,Rất liên quan,Rất liên quan,Rất liên quan,Rất liên quan,Rất liên quan,Rất liên quan,Rất liên quan,Rất liên quan,Rất liên quan
4/24/2026 6:14:10,Nam,19,Thành thị,Trung học phổ thông,Có,Có,Không,Hoàn toàn đồng ý,Hoàn toàn không đồng ý,Hoàn toàn đồng ý,Hoàn toàn đồng ý,Hoàn toàn đồng ý,Hoàn toàn không đồng ý,Hoàn toàn đồng ý,Hoàn toàn không đồng ý,Hoàn toàn không đồng ý,Hoàn toàn đồng ý,Hoàn toàn không đồng ý,Hoàn toàn đồng ý,Hoàn toàn đồng ý,Trung lập,Trung lập,Trung lập,Trung lập,Trung lập,Trung lập,Trung lập,Trung lập,Trung lập,Có hứng thú một chút,Có hứng thú một chút,Có hứng thú một chút,Có hứng thú một chút,Có hứng thú một chút,Có hứng thú một chút,Có hứng thú một chút,Có hứng thú một chút,Có hứng thú một chút,Có hứng thú một chút,Có hứng thú một chút,Có hứng thú một chút,Có hứng thú một chút,Có hứng thú một chút,Có hứng thú một chút,Có hứng thú một chút,Có hứng thú một chút,Có hứng thú một chút,Có hứng thú một chút,Có hứng thú một chút,Khá liên quan,Khá liên quan,Khá liên quan,Khá liên quan,Khá liên quan,Khá liên quan,Khá liên quan,Khá liên quan,Khá liên quan,Khá liên quan,Khá liên quan,Khá liên quan,Khá liên quan,Khá liên quan,Khá liên quan
4/24/2026 6:43:41,Nam,20,Thành thị,Cao Đẳng/ Đại học,Không,Không,Không,Hoàn toàn không đồng ý,Hoàn toàn không đồng ý,Hoàn toàn không đồng ý,Hoàn toàn không đồng ý,Hoàn toàn không đồng ý,Hoàn toàn không đồng ý,Hoàn toàn không đồng ý,Hoàn toàn không đồng ý,Hoàn toàn không đồng ý,Hoàn toàn không đồng ý,Hoàn toàn không đồng ý,Hoàn toàn không đồng ý,Hoàn toàn không đồng ý,Hoàn toàn không đồng ý,Hoàn toàn không đồng ý,Hoàn toàn không đồng ý,Hoàn toàn không đồng ý,Hoàn toàn không đồng ý,Hoàn toàn không đồng ý,Hoàn toàn không đồng ý,Hoàn toàn không đồng ý,Hoàn toàn không đồng ý,Hoàn toàn không quan tâm,Hoàn toàn không quan tâm,Hoàn toàn không quan tâm,Hoàn toàn không quan tâm,Hoàn toàn không quan tâm,Hoàn toàn không quan tâm,Hoàn toàn không quan tâm,Hoàn toàn không quan tâm,Hoàn toàn không quan tâm,Hoàn toàn không quan tâm,Hoàn toàn không quan tâm,Hoàn toàn không quan tâm,Hoàn toàn không quan tâm,Hoàn toàn không quan tâm,Hoàn toàn không quan tâm,Hoàn toàn không quan tâm,Hoàn toàn không quan tâm,Hoàn toàn không quan tâm,Hoàn toàn không quan tâm,Hoàn toàn không quan tâm,Rất liên quan,Rất liên quan,Rất liên quan,Rất liên quan,Rất liên quan,Rất liên quan,Rất liên quan,Rất liên quan,Rất liên quan,Rất liên quan,Rất liên quan,Rất liên quan,Rất liên quan,Rất liên quan,Rất liên quan
4/24/2026 6:51:49,Nam,20,Thành thị,Trung học phổ thông,Có,Không,Không,Đồng ý,Đồng ý,Đồng ý,Đồng ý,Đồng ý,Đồng ý,Không đồng ý,Không đồng ý,Không đồng ý,Không đồng ý,Không đồng ý,Đồng ý,Đồng ý,Đồng ý,Trung lập,Trung lập,Không đồng ý,Trung lập,Trung lập,Không đồng ý,Trung lập,Đồng ý,Khá quan tâm,Có hứng thú một chút,Quan tâm ở mức trung bình,Có hứng thú một chút,Quan tâm ở mức trung bình,Có hứng thú một chút,Khá quan tâm,Hoàn toàn không quan tâm,Khá quan tâm,Hoàn toàn không quan tâm,Có hứng thú một chút,Quan tâm ở mức trung bình,Quan tâm ở mức trung bình,Quan tâm ở mức trung bình,Quan tâm ở mức trung bình,Quan tâm ở mức trung bình,Quan tâm ở mức trung bình,Quan tâm ở mức trung bình,Quan tâm ở mức trung bình,Khá quan tâm,Khá liên quan,Khá liên quan,Không liên quan,Khá liên quan,Rất liên quan,Không liên quan,Khá liên quan,Rất liên quan,Không liên quan,Khá liên quan,Khá liên quan,Không liên quan,Khá liên quan,Khá liên quan,Rất liên quan
4/24/2026 7:01:35,Nữ,30,Thành thị,Sau Đại học,Có,Có,Không,Đồng ý,Đồng ý,Đồng ý,Đồng ý,Đồng ý,Đồng ý,Đồng ý,Đồng ý,Đồng ý,Đồng ý,Đồng ý,Đồng ý,Đồng ý,Đồng ý,Đồng ý,Đồng ý,Đồng ý,Đồng ý,Đồng ý,Đồng ý,Đồng ý,Đồng ý,Quan tâm ở mức trung bình,Quan tâm ở mức trung bình,Quan tâm ở mức trung bình,Quan tâm ở mức trung bình,Quan tâm ở mức trung bình,Quan tâm ở mức trung bình,Quan tâm ở mức trung bình,Quan tâm ở mức trung bình,Quan tâm ở mức trung bình,Quan tâm ở mức trung bình,Quan tâm ở mức trung bình,Quan tâm ở mức trung bình,Quan tâm ở mức trung bình,Quan tâm ở mức trung bình,Quan tâm ở mức trung bình,Quan tâm ở mức trung bình,Quan tâm ở mức trung bình,Quan tâm ở mức trung bình,Quan tâm ở mức trung bình,Quan tâm ở mức trung bình,Khá liên quan,Khá liên quan,Khá liên quan,Khá liên quan,Khá liên quan,Khá liên quan,Khá liên quan,Khá liên quan,Khá liên quan,Khá liên quan,Khá liên quan,Khá liên quan,Khá liên quan,Khá liên quan,Khá liên quan
4/24/2026 7:42:08,Nam,19,Thành thị,Trung học phổ thông,Có,Có,Không,Đồng ý,Đồng ý,Đồng ý,Đồng ý,Đồng ý,Đồng ý,Đồng ý,Đồng ý,Đồng ý,Đồng ý,Đồng ý,Đồng ý,Đồng ý,Đồng ý,Đồng ý,Đồng ý,Đồng ý,Đồng ý,Đồng ý,Đồng ý,Đồng ý,Đồng ý,Khá quan tâm,Khá quan tâm,Khá quan tâm,Khá quan tâm,Khá quan tâm,Khá quan tâm,Khá quan tâm,Khá quan tâm,Khá quan tâm,Khá quan tâm,Khá quan tâm,Khá quan tâm,Khá quan tâm,Khá quan tâm,Khá quan tâm,Khá quan tâm,Khá quan tâm,Khá quan tâm,Khá quan tâm,Khá quan tâm,Khá liên quan,Khá liên quan,Khá liên quan,Khá liên quan,Khá liên quan,Khá liên quan,Khá liên quan,Khá liên quan,Khá liên quan,Khá liên quan,Khá liên quan,Khá liên quan,Khá liên quan,Khá liên quan,Khá liên quan
4/24/2026 8:18:12,Nữ,22,Thành thị,Trung học phổ thông,Có,Có,Không,Đồng ý,Đồng ý,Đồng ý,Đồng ý,Đồng ý,Đồng ý,Đồng ý,Đồng ý,Đồng ý,Đồng ý,Đồng ý,Đồng ý,Đồng ý,Đồng ý,Đồng ý,Đồng ý,Đồng ý,Đồng ý,Đồng ý,Đồng ý,Đồng ý,Đồng ý,Khá quan tâm,Khá quan tâm,Khá quan tâm,Rất quan tâm,Khá quan tâm,Khá quan tâm,Rất quan tâm,Khá quan tâm,Khá quan tâm,Khá quan tâm,Khá quan tâm,Khá quan tâm,Khá quan tâm,Khá quan tâm,Khá quan tâm,Khá quan tâm,Khá quan tâm,Khá quan tâm,Khá quan tâm,Khá quan tâm,Rất liên quan,Rất liên quan,Rất liên quan,Rất liên quan,Rất liên quan,Rất liên quan,Rất liên quan,Rất liên quan,Rất liên quan,Rất liên quan,Rất liên quan,Rất liên quan,Rất liên quan,Rất liên quan,Rất liên quan
4/24/2026 10:27:49,Nam,23,Nông thôn,Cao Đẳng/ Đại học,Có,Có,Không,Hoàn toàn đồng ý,Hoàn toàn đồng ý,Hoàn toàn đồng ý,Hoàn toàn đồng ý,Hoàn toàn đồng ý,Hoàn toàn đồng ý,Hoàn toàn đồng ý,Trung lập,Trung lập,Trung lập,Hoàn toàn đồng ý,Hoàn toàn đồng ý,Hoàn toàn đồng ý,Hoàn toàn đồng ý,Hoàn toàn đồng ý,Hoàn toàn đồng ý,Hoàn toàn đồng ý,Hoàn toàn đồng ý,Hoàn toàn đồng ý,Hoàn toàn đồng ý,Hoàn toàn đồng ý,Hoàn toàn đồng ý,Khá quan tâm,Khá quan tâm,Khá quan tâm,Rất quan tâm,Khá quan tâm,Khá quan tâm,Khá quan tâm,Khá quan tâm,Khá quan tâm,Khá quan tâm,Khá quan tâm,Khá quan tâm,Khá quan tâm,Khá quan tâm,Khá quan tâm,Khá quan tâm,Khá quan tâm,Khá quan tâm,Khá quan tâm,Khá quan tâm,Rất liên quan,Rất liên quan,Rất liên quan,Rất liên quan,Rất liên quan,Rất liên quan,Rất liên quan,Rất liên quan,Rất liên quan,Rất liên quan,Rất liên quan,Rất liên quan,Rất liên quan,Rất liên quan,Rất liên quan
4/24/2026 10:29:37,Nữ,25,Thành thị,Cao Đẳng/ Đại học,Có,Có,Có,Hoàn toàn đồng ý,Hoàn toàn đồng ý,Hoàn toàn đồng ý,Hoàn toàn đồng ý,Hoàn toàn đồng ý,Hoàn toàn đồng ý,Hoàn toàn đồng ý,Không đồng ý,Không đồng ý,Không đồng ý,Hoàn toàn đồng ý,Hoàn toàn đồng ý,Hoàn toàn đồng ý,Hoàn toàn đồng ý,Hoàn toàn đồng ý,Hoàn toàn đồng ý,Hoàn toàn đồng ý,Hoàn toàn đồng ý,Hoàn toàn đồng ý,Hoàn toàn đồng ý,Hoàn toàn đồng ý,Hoàn toàn đồng ý,Rất quan tâm,Rất quan tâm,Rất quan tâm,Rất quan tâm,Rất quan tâm,Rất quan tâm,Rất quan tâm,Rất quan tâm,Rất quan tâm,Rất quan tâm,Rất quan tâm,Rất quan tâm,Rất quan tâm,Rất quan tâm,Rất quan tâm,Rất quan tâm,Rất quan tâm,Rất quan tâm,Rất quan tâm,Rất quan tâm,Rất liên quan,Rất liên quan,Rất liên quan,Rất liên quan,Rất liên quan,Rất liên quan,Rất liên quan,Rất liên quan,Rất liên quan,Rất liên quan,Rất liên quan,Rất liên quan,Rất liên quan,Rất liên quan,Rất liên quan
4/24/2026 10:31:12,Nữ,21,Thành thị,Cao Đẳng/ Đại học,Có,Có,Có,Hoàn toàn đồng ý,Hoàn toàn đồng ý,Hoàn toàn đồng ý,Hoàn toàn đồng ý,Hoàn toàn đồng ý,Hoàn toàn đồng ý,Không đồng ý,Hoàn toàn không đồng ý,Hoàn toàn không đồng ý,Hoàn toàn không đồng ý,Hoàn toàn đồng ý,Hoàn toàn đồng ý,Hoàn toàn đồng ý,Hoàn toàn đồng ý,Hoàn toàn đồng ý,Hoàn toàn đồng ý,Hoàn toàn đồng ý,Hoàn toàn đồng ý,Hoàn toàn đồng ý,Hoàn toàn đồng ý,Hoàn toàn đồng ý,Hoàn toàn đồng ý,Rất quan tâm,Rất quan tâm,Rất quan tâm,Rất quan tâm,Rất quan tâm,Rất quan tâm,Rất quan tâm,Rất quan tâm,Rất quan tâm,Rất quan tâm,Rất quan tâm,Rất quan tâm,Rất quan tâm,Rất quan tâm,Rất quan tâm,Rất quan tâm,Rất quan tâm,Rất quan tâm,Rất quan tâm,Rất quan tâm,Rất liên quan,Rất liên quan,Rất liên quan,Rất liên quan,Rất liên quan,Rất liên quan,Rất liên quan,Rất liên quan,Rất liên quan,Rất liên quan,Rất liên quan,Rất liên quan,Rất liên quan,Rất liên quan,Rất liên quan
4/24/2026 10:33:19,Nữ,20,Nông thôn,Cao Đẳng/ Đại học,Có,Có,Có,Hoàn toàn đồng ý,Hoàn toàn đồng ý,Hoàn toàn đồng ý,Đồng ý,Đồng ý,Đồng ý,Không đồng ý,Không đồng ý,Không đồng ý,Không đồng ý,Trung lập,Trung lập,Trung lập,Hoàn toàn đồng ý,Hoàn toàn đồng ý,Hoàn toàn đồng ý,Hoàn toàn đồng ý,Hoàn toàn đồng ý,Hoàn toàn đồng ý,Hoàn toàn đồng ý,Hoàn toàn đồng ý,Hoàn toàn đồng ý,Rất quan tâm,Rất quan tâm,Rất quan tâm,Rất quan tâm,Rất quan tâm,Rất quan tâm,Rất quan tâm,Rất quan tâm,Rất quan tâm,Rất quan tâm,Rất quan tâm,Rất quan tâm,Rất quan tâm,Rất quan tâm,Rất quan tâm,Rất quan tâm,Rất quan tâm,Rất quan tâm,Rất quan tâm,Rất quan tâm,Rất liên quan,Rất liên quan,Rất liên quan,Rất liên quan,Rất liên quan,Rất liên quan,Rất liên quan,Rất liên quan,Rất liên quan,Rất liên quan,Rất liên quan,Rất liên quan,Rất liên quan,Rất liên quan,Rất liên quan
4/24/2026 10:35:21,Nữ,22,Thành thị,Cao Đẳng/ Đại học,Có,Có,Không,Hoàn toàn đồng ý,Trung lập,Hoàn toàn đồng ý,Hoàn toàn đồng ý,Hoàn toàn đồng ý,Hoàn toàn đồng ý,Trung lập,Trung lập,Trung lập,Trung lập,Không đồng ý,Trung lập,Trung lập,Hoàn toàn đồng ý,Hoàn toàn đồng ý,Hoàn toàn đồng ý,Hoàn toàn đồng ý,Hoàn toàn đồng ý,Hoàn toàn đồng ý,Hoàn toàn đồng ý,Hoàn toàn đồng ý,Hoàn toàn đồng ý,Rất quan tâm,Rất quan tâm,Rất quan tâm,Rất quan tâm,Rất quan tâm,Rất quan tâm,Rất quan tâm,Rất quan tâm,Rất quan tâm,Rất quan tâm,Rất quan tâm,Rất quan tâm,Rất quan tâm,Rất quan tâm,Rất quan tâm,Rất quan tâm,Rất quan tâm,Rất quan tâm,Rất quan tâm,Rất quan tâm,Rất liên quan,Rất liên quan,Rất liên quan,Rất liên quan,Rất liên quan,Rất liên quan,Rất liên quan,Rất liên quan,Rất liên quan,Rất liên quan,Rất liên quan,Rất liên quan,Rất liên quan,Rất liên quan,Rất liên quan
4/24/2026 10:39:44,Nam,23,Thành thị,Cao Đẳng/ Đại học,Có,Có,Có,Hoàn toàn đồng ý,Không đồng ý,Hoàn toàn đồng ý,Hoàn toàn đồng ý,Hoàn toàn đồng ý,Hoàn toàn đồng ý,Hoàn toàn đồng ý,Không đồng ý,Không đồng ý,Hoàn toàn đồng ý,Không đồng ý,Không đồng ý,Không đồng ý,Hoàn toàn đồng ý,Hoàn toàn đồng ý,Hoàn toàn đồng ý,Hoàn toàn đồng ý,Hoàn toàn đồng ý,Hoàn toàn đồng ý,Hoàn toàn đồng ý,Hoàn toàn đồng ý,Hoàn toàn đồng ý,Rất quan tâm,Rất quan tâm,Rất quan tâm,Rất quan tâm,Rất quan tâm,Rất quan tâm,Rất quan tâm,Rất quan tâm,Rất quan tâm,Rất quan tâm,Rất quan tâm,Rất quan tâm,Rất quan tâm,Rất quan tâm,Rất quan tâm,Rất quan tâm,Rất quan tâm,Rất quan tâm,Rất quan tâm,Rất quan tâm,Rất liên quan,Rất liên quan,Rất liên quan,Rất liên quan,Rất liên quan,Rất liên quan,Rất liên quan,Rất liên quan,Rất liên quan,Rất liên quan,Rất liên quan,Rất liên quan,Rất liên quan,Rất liên quan,Rất liên quan
4/24/2026 10:50:33,Nữ,24,Thành thị,Cao Đẳng/ Đại học,Có,Có,Không,Hoàn toàn đồng ý,Không đồng ý,Hoàn toàn đồng ý,Trung lập,Hoàn toàn đồng ý,Hoàn toàn đồng ý,Hoàn toàn đồng ý,Không đồng ý,Không đồng ý,Hoàn toàn đồng ý,Không đồng ý,Trung lập,Trung lập,Hoàn toàn đồng ý,Hoàn toàn đồng ý,Hoàn toàn đồng ý,Hoàn toàn đồng ý,Hoàn toàn đồng ý,Hoàn toàn đồng ý,Hoàn toàn đồng ý,Hoàn toàn đồng ý,Hoàn toàn đồng ý,Rất quan tâm,Rất quan tâm,Rất quan tâm,Rất quan tâm,Rất quan tâm,Rất quan tâm,Rất quan tâm,Rất quan tâm,Rất quan tâm,Rất quan tâm,Rất quan tâm,Rất quan tâm,Rất quan tâm,Rất quan tâm,Rất quan tâm,Rất quan tâm,Rất quan tâm,Rất quan tâm,Rất quan tâm,Rất quan tâm,Rất liên quan,Rất liên quan,Rất liên quan,Rất liên quan,Rất liên quan,Rất liên quan,Rất liên quan,Rất liên quan,Rất liên quan,Rất liên quan,Rất liên quan,Rất liên quan,Rất liên quan,Rất liên quan,Rất liên quan
4/24/2026 19:25:33,Nam,18,Nông thôn,Trung học phổ thông,Có,Có,Không,Trung lập,Trung lập,Trung lập,Trung lập,Trung lập,Trung lập,Trung lập,Trung lập,Trung lập,Trung lập,Trung lập,Trung lập,Trung lập,Trung lập,Trung lập,Trung lập,Trung lập,Trung lập,Trung lập,Trung lập,Trung lập,Trung lập,Quan tâm ở mức trung bình,Quan tâm ở mức trung bình,Quan tâm ở mức trung bình,Quan tâm ở mức trung bình,Quan tâm ở mức trung bình,Quan tâm ở mức trung bình,Quan tâm ở mức trung bình,Quan tâm ở mức trung bình,Quan tâm ở mức trung bình,Quan tâm ở mức trung bình,Quan tâm ở mức trung bình,Quan tâm ở mức trung bình,Quan tâm ở mức trung bình,Quan tâm ở mức trung bình,Quan tâm ở mức trung bình,Quan tâm ở mức trung bình,Quan tâm ở mức trung bình,Quan tâm ở mức trung bình,Quan tâm ở mức trung bình,Quan tâm ở mức trung bình,Hơi liên quan,Hơi liên quan,Hơi liên quan,Hơi liên quan,Hơi liên quan,Hơi liên quan,Hơi liên quan,Hơi liên quan,Hơi liên quan,Hơi liên quan,Hơi liên quan,Hơi liên quan,Hơi liên quan,Hơi liên quan,Hơi liên quan
4/24/2026 20:17:17,Nam,22,Thành thị,Cao Đẳng/ Đại học,Có,Không,Không,Đồng ý,Đồng ý,Trung lập,Đồng ý,Đồng ý,Trung lập,Đồng ý,Không đồng ý,Trung lập,Đồng ý,Đồng ý,Trung lập,Đồng ý,Đồng ý,Trung lập,Trung lập,Không đồng ý,Trung lập,Đồng ý,Không đồng ý,Đồng ý,Trung lập,Quan tâm ở mức trung bình,Khá quan tâm,Có hứng thú một chút,Quan tâm ở mức trung bình,Khá quan tâm,Có hứng thú một chút,Quan tâm ở mức trung bình,Quan tâm ở mức trung bình,Khá quan tâm,Có hứng thú một chút,Quan tâm ở mức trung bình,Khá quan tâm,Có hứng thú một chút,Quan tâm ở mức trung bình,Quan tâm ở mức trung bình,Khá quan tâm,Có hứng thú một chút,Quan tâm ở mức trung bình,Quan tâm ở mức trung bình,Khá quan tâm,Khá liên quan,Hơi liên quan,Khá liên quan,Rất liên quan,Hơi liên quan,Hơi liên quan,Hơi liên quan,Khá liên quan,Khá liên quan,Khá liên quan,Hơi liên quan,Hơi liên quan,Khá liên quan,Hơi liên quan,Hơi liên quan
4/24/2026 20:43:37,Nữ,22,Nông thôn,Trung học phổ thông,Có,Không,Không,Hoàn toàn đồng ý,Hoàn toàn đồng ý,Hoàn toàn đồng ý,Hoàn toàn đồng ý,Hoàn toàn đồng ý,Hoàn toàn đồng ý,Hoàn toàn đồng ý,Đồng ý,Hoàn toàn đồng ý,Đồng ý,Hoàn toàn đồng ý,Hoàn toàn đồng ý,Đồng ý,Hoàn toàn đồng ý,Hoàn toàn đồng ý,Hoàn toàn đồng ý,Đồng ý,Hoàn toàn đồng ý,Hoàn toàn đồng ý,Hoàn toàn đồng ý,Đồng ý,Hoàn toàn đồng ý,Khá quan tâm,Rất quan tâm,Rất quan tâm,Rất quan tâm,Rất quan tâm,Rất quan tâm,Rất quan tâm,Rất quan tâm,Rất quan tâm,Rất quan tâm,Rất quan tâm,Rất quan tâm,Khá quan tâm,Rất quan tâm,Rất quan tâm,Rất quan tâm,Rất quan tâm,Rất quan tâm,Rất quan tâm,Rất quan tâm,Rất liên quan,Rất liên quan,Rất liên quan,Rất liên quan,Rất liên quan,Khá liên quan,Rất liên quan,Khá liên quan,Rất liên quan,Khá liên quan,Rất liên quan,Rất liên quan,Rất liên quan,Rất liên quan,Rất liên quan
4/24/2026 20:44:45,Nữ,25,Nông thôn,Cao Đẳng/ Đại học,Có,Có,Không,Hoàn toàn đồng ý,Hoàn toàn đồng ý,Hoàn toàn đồng ý,Hoàn toàn đồng ý,Hoàn toàn đồng ý,Hoàn toàn đồng ý,Hoàn toàn đồng ý,Hoàn toàn đồng ý,Hoàn toàn đồng ý,Hoàn toàn đồng ý,Đồng ý,Hoàn toàn đồng ý,Đồng ý,Hoàn toàn đồng ý,Đồng ý,Hoàn toàn đồng ý,Đồng ý,Hoàn toàn đồng ý,Đồng ý,Hoàn toàn đồng ý,Đồng ý,Hoàn toàn đồng ý,Rất quan tâm,Rất quan tâm,Rất quan tâm,Rất quan tâm,Khá quan tâm,Rất quan tâm,Khá quan tâm,Rất quan tâm,Rất quan tâm,Rất quan tâm,Rất quan tâm,Rất quan tâm,Rất quan tâm,Rất quan tâm,Rất quan tâm,Khá quan tâm,Rất quan tâm,Rất quan tâm,Khá quan tâm,Rất quan tâm,Khá liên quan,Khá liên quan,Khá liên quan,Khá liên quan,Khá liên quan,Rất liên quan,Rất liên quan,Rất liên quan,Khá liên quan,Rất liên quan,Rất liên quan,Rất liên quan,Rất liên quan,Khá liên quan,Hơi liên quan
4/24/2026 20:46:01,Nữ,21,Nông thôn,Trung học phổ thông,Có,Có,Có,Hoàn toàn đồng ý,Đồng ý,Hoàn toàn đồng ý,Đồng ý,Hoàn toàn đồng ý,Đồng ý,Hoàn toàn đồng ý,Đồng ý,Hoàn toàn đồng ý,Đồng ý,Đồng ý,Hoàn toàn đồng ý,Đồng ý,Hoàn toàn đồng ý,Đồng ý,Hoàn toàn đồng ý,Đồng ý,Hoàn toàn đồng ý,Hoàn toàn đồng ý,Đồng ý,Hoàn toàn đồng ý,Đồng ý,Rất quan tâm,Khá quan tâm,Rất quan tâm,Rất quan tâm,Khá quan tâm,Rất quan tâm,Rất quan tâm,Khá quan tâm,Rất quan tâm,Khá quan tâm,Rất quan tâm,Khá quan tâm,Khá quan tâm,Khá quan tâm,Khá quan tâm,Rất quan tâm,Khá quan tâm,Rất quan tâm,Rất quan tâm,Rất quan tâm,Khá liên quan,Rất liên quan,Rất liên quan,Khá liên quan,Khá liên quan,Khá liên quan,Khá liên quan,Khá liên quan,Khá liên quan,Khá liên quan,Rất liên quan,Rất liên quan,Rất liên quan,Khá liên quan,Khá liên quan
4/24/2026 20:47:09,Nam,26,Nông thôn,Trung học phổ thông,Có,Có,Có,Hoàn toàn đồng ý,Hoàn toàn đồng ý,Hoàn toàn đồng ý,Hoàn toàn đồng ý,Hoàn toàn đồng ý,Hoàn toàn đồng ý,Hoàn toàn đồng ý,Hoàn toàn đồng ý,Hoàn toàn đồng ý,Hoàn toàn đồng ý,Hoàn toàn đồng ý,Hoàn toàn đồng ý,Hoàn toàn đồng ý,Hoàn toàn đồng ý,Hoàn toàn đồng ý,Hoàn toàn đồng ý,Hoàn toàn đồng ý,Hoàn toàn đồng ý,Hoàn toàn đồng ý,Hoàn toàn đồng ý,Hoàn toàn đồng ý,Hoàn toàn đồng ý,Khá quan tâm,Rất quan tâm,Khá quan tâm,Rất quan tâm,Khá quan tâm,Khá quan tâm,Khá quan tâm,Rất quan tâm,Rất quan tâm,Khá quan tâm,Rất quan tâm,Rất quan tâm,Rất quan tâm,Khá quan tâm,Rất quan tâm,Khá quan tâm,Rất quan tâm,Rất quan tâm,Rất quan tâm,Rất quan tâm,Rất liên quan,Rất liên quan,Rất liên quan,Rất liên quan,Khá liên quan,Rất liên quan,Rất liên quan,Rất liên quan,Rất liên quan,Khá liên quan,Rất liên quan,Rất liên quan,Khá liên quan,Khá liên quan,Khá liên quan
4/24/2026 20:48:18,Nữ,25,Nông thôn,Trung học phổ thông,Có,Có,Không,Hoàn toàn đồng ý,Đồng ý,Hoàn toàn đồng ý,Đồng ý,Đồng ý,Hoàn toàn đồng ý,Đồng ý,Đồng ý,Đồng ý,Đồng ý,Hoàn toàn đồng ý,Hoàn toàn đồng ý,Đồng ý,Hoàn toàn đồng ý,Đồng ý,Hoàn toàn đồng ý,Đồng ý,Hoàn toàn đồng ý,Đồng ý,Hoàn toàn đồng ý,Đồng ý,Hoàn toàn đồng ý,Rất quan tâm,Rất quan tâm,Khá quan tâm,Rất quan tâm,Khá quan tâm,Rất quan tâm,Khá quan tâm,Rất quan tâm,Rất quan tâm,Rất quan tâm,Rất quan tâm,Rất quan tâm,Rất quan tâm,Rất quan tâm,Rất quan tâm,Khá quan tâm,Rất quan tâm,Khá quan tâm,Rất quan tâm,Khá quan tâm,Rất liên quan,Rất liên quan,Rất liên quan,Rất liên quan,Khá liên quan,Rất liên quan,Rất liên quan,Khá liên quan,Rất liên quan,Rất liên quan,Khá liên quan,Rất liên quan,Rất liên quan,Rất liên quan,Khá liên quan
4/24/2026 20:49:26,Nữ,21,Thành thị,Trung học phổ thông,Có,Có,Có,Hoàn toàn đồng ý,Đồng ý,Hoàn toàn đồng ý,Đồng ý,Hoàn toàn đồng ý,Đồng ý,Hoàn toàn đồng ý,Đồng ý,Hoàn toàn đồng ý,Đồng ý,Hoàn toàn đồng ý,Hoàn toàn đồng ý,Đồng ý,Hoàn toàn đồng ý,Hoàn toàn đồng ý,Hoàn toàn đồng ý,Hoàn toàn đồng ý,Đồng ý,Hoàn toàn đồng ý,Đồng ý,Hoàn toàn đồng ý,Đồng ý,Rất quan tâm,Rất quan tâm,Khá quan tâm,Rất quan tâm,Rất quan tâm,Khá quan tâm,Khá quan tâm,Rất quan tâm,Rất quan tâm,Khá quan tâm,Rất quan tâm,Rất quan tâm,Khá quan tâm,Khá quan tâm,Rất quan tâm,Rất quan tâm,Khá quan tâm,Khá quan tâm,Rất quan tâm,Khá quan tâm,Rất liên quan,Rất liên quan,Khá liên quan,Rất liên quan,Rất liên quan,Khá liên quan,Rất liên quan,Khá liên quan,Rất liên quan,Rất liên quan,Khá liên quan,Rất liên quan,Khá liên quan,Rất liên quan,Khá liên quan
4/24/2026 20:51:26,Nữ,22,Nông thôn,Trung học phổ thông,Không,Không,Không,Đồng ý,Hoàn toàn đồng ý,Đồng ý,Hoàn toàn đồng ý,Đồng ý,Hoàn toàn đồng ý,Hoàn toàn đồng ý,Hoàn toàn đồng ý,Hoàn toàn đồng ý,Hoàn toàn đồng ý,Đồng ý,Đồng ý,Hoàn toàn đồng ý,Hoàn toàn đồng ý,Đồng ý,Hoàn toàn đồng ý,Đồng ý,Đồng ý,Đồng ý,Hoàn toàn đồng ý,Đồng ý,Hoàn toàn đồng ý,Rất quan tâm,Khá quan tâm,Rất quan tâm,Khá quan tâm,Rất quan tâm,Khá quan tâm,Rất quan tâm,Khá quan tâm,Khá quan tâm,Rất quan tâm,Rất quan tâm,Khá quan tâm,Rất quan tâm,Khá quan tâm,Rất quan tâm,Khá quan tâm,Khá quan tâm,Khá quan tâm,Rất quan tâm,Rất quan tâm,Rất liên quan,Khá liên quan,Rất liên quan,Khá liên quan,Khá liên quan,Khá liên quan,Khá liên quan,Khá liên quan,Khá liên quan,Khá liên quan,Rất liên quan,Rất liên quan,Rất liên quan,Hơi liên quan,Hơi liên quan
4/24/2026 20:52:30,Nữ,28,Nông thôn,Sau Đại học,Có,Có,Có,Hoàn toàn đồng ý,Hoàn toàn đồng ý,Hoàn toàn đồng ý,Hoàn toàn đồng ý,Hoàn toàn đồng ý,Hoàn toàn đồng ý,Đồng ý,Hoàn toàn đồng ý,Đồng ý,Đồng ý,Hoàn toàn đồng ý,Hoàn toàn đồng ý,Đồng ý,Đồng ý,Hoàn toàn đồng ý,Đồng ý,Hoàn toàn đồng ý,Hoàn toàn đồng ý,Hoàn toàn đồng ý,Hoàn toàn đồng ý,Hoàn toàn đồng ý,Hoàn toàn đồng ý,Rất quan tâm,Rất quan tâm,Rất quan tâm,Khá quan tâm,Khá quan tâm,Khá quan tâm,Khá quan tâm,Khá quan tâm,Khá quan tâm,Rất quan tâm,Khá quan tâm,Rất quan tâm,Khá quan tâm,Khá quan tâm,Khá quan tâm,Khá quan tâm,Khá quan tâm,Rất quan tâm,Rất quan tâm,Rất quan tâm,Rất liên quan,Rất liên quan,Rất liên quan,Rất liên quan,Rất liên quan,Khá liên quan,Rất liên quan,Khá liên quan,Rất liên quan,Rất liên quan,Rất liên quan,Rất liên quan,Rất liên quan,Rất liên quan,Khá liên quan
4/24/2026 20:53:39,Nam,22,Thành thị,Trung học phổ thông,Có,Không,Không,Đồng ý,Đồng ý,Đồng ý,Đồng ý,Đồng ý,Đồng ý,Đồng ý,Đồng ý,Đồng ý,Đồng ý,Hoàn toàn đồng ý,Hoàn toàn đồng ý,Hoàn toàn đồng ý,Đồng ý,Đồng ý,Đồng ý,Hoàn toàn đồng ý,Hoàn toàn đồng ý,Hoàn toàn đồng ý,Hoàn toàn đồng ý,Đồng ý,Hoàn toàn đồng ý,Rất quan tâm,Khá quan tâm,Rất quan tâm,Khá quan tâm,Rất quan tâm,Rất quan tâm,Rất quan tâm,Khá quan tâm,Rất quan tâm,Khá quan tâm,Rất quan tâm,Khá quan tâm,Rất quan tâm,Khá quan tâm,Khá quan tâm,Khá quan tâm,Khá quan tâm,Khá quan tâm,Khá quan tâm,Khá quan tâm,Rất liên quan,Rất liên quan,Rất liên quan,Rất liên quan,Khá liên quan,Khá liên quan,Khá liên quan,Rất liên quan,Rất liên quan,Khá liên quan,Rất liên quan,Rất liên quan,Rất liên quan,Khá liên quan,Khá liên quan
4/24/2026 20:56:20,Nữ,23,Nông thôn,Cao Đẳng/ Đại học,Có,Có,Có,Đồng ý,Đồng ý,Hoàn toàn đồng ý,Đồng ý,Hoàn toàn đồng ý,Đồng ý,Hoàn toàn đồng ý,Đồng ý,Hoàn toàn đồng ý,Đồng ý,Hoàn toàn đồng ý,Đồng ý,Hoàn toàn đồng ý,Hoàn toàn đồng ý,Hoàn toàn đồng ý,Hoàn toàn đồng ý,Đồng ý,Hoàn toàn đồng ý,Đồng ý,Hoàn toàn đồng ý,Hoàn toàn đồng ý,Đồng ý,Rất quan tâm,Khá quan tâm,Khá quan tâm,Rất quan tâm,Khá quan tâm,Rất quan tâm,Rất quan tâm,Rất quan tâm,Khá quan tâm,Rất quan tâm,Khá quan tâm,Rất quan tâm,Khá quan tâm,Rất quan tâm,Khá quan tâm,Rất quan tâm,Khá quan tâm,Rất quan tâm,Khá quan tâm,Khá quan tâm,Rất liên quan,Rất liên quan,Rất liên quan,Khá liên quan,Rất liên quan,Khá liên quan,Khá liên quan,Rất liên quan,Rất liên quan,Rất liên quan,Rất liên quan,Rất liên quan,Rất liên quan,Khá liên quan,Khá liên quan
4/24/2026 21:51:46,Nữ,18,Thành thị,Trung học phổ thông,Không,Có,Không,Trung lập,Trung lập,Không đồng ý,Đồng ý,Trung lập,Không đồng ý,Không đồng ý,Không đồng ý,Không đồng ý,Hoàn toàn không đồng ý,Đồng ý,Trung lập,Trung lập,Đồng ý,Trung lập,Trung lập,Trung lập,Đồng ý,Đồng ý,Không đồng ý,Không đồng ý,Không đồng ý,Quan tâm ở mức trung bình,Quan tâm ở mức trung bình,Có hứng thú một chút,Khá quan tâm,Quan tâm ở mức trung bình,Quan tâm ở mức trung bình,Khá quan tâm,Quan tâm ở mức trung bình,Quan tâm ở mức trung bình,Hoàn toàn không quan tâm,Quan tâm ở mức trung bình,Có hứng thú một chút,Quan tâm ở mức trung bình,Quan tâm ở mức trung bình,Quan tâm ở mức trung bình,Có hứng thú một chút,Có hứng thú một chút,Có hứng thú một chút,Có hứng thú một chút,Quan tâm ở mức trung bình,Khá liên quan,Hơi liên quan,Khá liên quan,Khá liên quan,Hơi liên quan,Khá liên quan,Không liên quan,Không liên quan,Khá liên quan,Khá liên quan,Khá liên quan,Khá liên quan,Khá liên quan,Khá liên quan,Hơi liên quan
4/24/2026 22:32:51,Nữ,18,Nông thôn,Trung học cơ sở,Có,Có,Không,Đồng ý,Hoàn toàn không đồng ý,Hoàn toàn đồng ý,Hoàn toàn đồng ý,Hoàn toàn đồng ý,Hoàn toàn đồng ý,Hoàn toàn đồng ý,Hoàn toàn không đồng ý,Hoàn toàn đồng ý,Hoàn toàn không đồng ý,Hoàn toàn không đồng ý,Hoàn toàn không đồng ý,Hoàn toàn không đồng ý,Hoàn toàn đồng ý,Hoàn toàn đồng ý,Hoàn toàn đồng ý,Hoàn toàn đồng ý,Hoàn toàn đồng ý,Hoàn toàn đồng ý,Hoàn toàn đồng ý,Hoàn toàn đồng ý,Hoàn toàn đồng ý,Rất quan tâm,Rất quan tâm,Rất quan tâm,Rất quan tâm,Rất quan tâm,Rất quan tâm,Rất quan tâm,Rất quan tâm,Rất quan tâm,Rất quan tâm,Rất quan tâm,Rất quan tâm,Rất quan tâm,Rất quan tâm,Rất quan tâm,Rất quan tâm,Rất quan tâm,Rất quan tâm,Rất quan tâm,Rất quan tâm,Rất liên quan,Rất liên quan,Rất liên quan,Rất liên quan,Rất liên quan,Rất liên quan,Rất liên quan,Rất liên quan,Rất liên quan,Rất liên quan,Rất liên quan,Rất liên quan,Rất liên quan,Rất liên quan,Rất liên quan
4/24/2026 23:07:11,Nam,22,Thành thị,Cao Đẳng/ Đại học,Có,Có,Có,Đồng ý,Hoàn toàn đồng ý,Đồng ý,Đồng ý,Hoàn toàn đồng ý,Đồng ý,Hoàn toàn đồng ý,Hoàn toàn đồng ý,Hoàn toàn đồng ý,Đồng ý,Đồng ý,Đồng ý,Hoàn toàn đồng ý,Đồng ý,Hoàn toàn đồng ý,Hoàn toàn đồng ý,Hoàn toàn đồng ý,Hoàn toàn đồng ý,Đồng ý,Đồng ý,Đồng ý,Hoàn toàn đồng ý,Rất quan tâm,Khá quan tâm,Rất quan tâm,Rất quan tâm,Rất quan tâm,Khá quan tâm,Rất quan tâm,Khá quan tâm,Rất quan tâm,Khá quan tâm,Rất quan tâm,Rất quan tâm,Khá quan tâm,Khá quan tâm,Khá quan tâm,Khá quan tâm,Rất quan tâm,Rất quan tâm,Khá quan tâm,Khá quan tâm,Khá liên quan,Rất liên quan,Rất liên quan,Rất liên quan,Rất liên quan,Khá liên quan,Rất liên quan,Khá liên quan,Rất liên quan,Khá liên quan,Rất liên quan,Rất liên quan,Rất liên quan,Khá liên quan,Khá liên quan
4/24/2026 23:09:30,Nữ,19,Nông thôn,Cao Đẳng/ Đại học,Có,Có,Có,Đồng ý,Đồng ý,Đồng ý,Hoàn toàn đồng ý,Hoàn toàn đồng ý,Đồng ý,Hoàn toàn đồng ý,Đồng ý,Hoàn toàn đồng ý,Đồng ý,Đồng ý,Hoàn toàn đồng ý,Đồng ý,Hoàn toàn đồng ý,Đồng ý,Đồng ý,Đồng ý,Hoàn toàn đồng ý,Đồng ý,Hoàn toàn đồng ý,Đồng ý,Hoàn toàn đồng ý,Rất quan tâm,Rất quan tâm,Khá quan tâm,Rất quan tâm,Khá quan tâm,Rất quan tâm,Rất quan tâm,Khá quan tâm,Rất quan tâm,Khá quan tâm,Rất quan tâm,Khá quan tâm,Rất quan tâm,Khá quan tâm,Rất quan tâm,Khá quan tâm,Khá quan tâm,Rất quan tâm,Rất quan tâm,Rất quan tâm,Khá liên quan,Rất liên quan,Khá liên quan,Rất liên quan,Khá liên quan,Rất liên quan,Rất liên quan,Rất liên quan,Khá liên quan,Rất liên quan,Khá liên quan,Rất liên quan,Khá liên quan,Rất liên quan,Rất liên quan
4/24/2026 23:12:11,Nam,30,Thành thị,Sau Đại học,Có,Có,Có,Đồng ý,Hoàn toàn đồng ý,Hoàn toàn đồng ý,Đồng ý,Hoàn toàn đồng ý,Hoàn toàn đồng ý,Đồng ý,Đồng ý,Hoàn toàn đồng ý,Đồng ý,Hoàn toàn đồng ý,Đồng ý,Hoàn toàn đồng ý,Đồng ý,Hoàn toàn đồng ý,Đồng ý,Hoàn toàn đồng ý,Hoàn toàn đồng ý,Hoàn toàn đồng ý,Hoàn toàn đồng ý,Đồng ý,Đồng ý,Rất quan tâm,Khá quan tâm,Rất quan tâm,Rất quan tâm,Khá quan tâm,Rất quan tâm,Rất quan tâm,Khá quan tâm,Rất quan tâm,Khá quan tâm,Rất quan tâm,Khá quan tâm,Rất quan tâm,Khá quan tâm,Rất quan tâm,Rất quan tâm,Khá quan tâm,Rất quan tâm,Khá quan tâm,Rất quan tâm,Rất liên quan,Rất liên quan,Rất liên quan,Rất liên quan,Rất liên quan,Rất liên quan,Rất liên quan,Khá liên quan,Rất liên quan,Khá liên quan,Khá liên quan,Khá liên quan,Khá liên quan,Khá liên quan,Rất liên quan
4/24/2026 23:14:40,Nữ,25,Nông thôn,Sau Đại học,Có,Có,Có,Hoàn toàn đồng ý,Hoàn toàn đồng ý,Hoàn toàn đồng ý,Đồng ý,Đồng ý,Hoàn toàn đồng ý,Đồng ý,Hoàn toàn đồng ý,Hoàn toàn đồng ý,Đồng ý,Hoàn toàn đồng ý,Đồng ý,Hoàn toàn đồng ý,Đồng ý,Hoàn toàn đồng ý,Hoàn toàn đồng ý,Hoàn toàn đồng ý,Đồng ý,Hoàn toàn đồng ý,Đồng ý,Hoàn toàn đồng ý,Hoàn toàn đồng ý,Rất quan tâm,Khá quan tâm,Rất quan tâm,Rất quan tâm,Khá quan tâm,Rất quan tâm,Rất quan tâm,Khá quan tâm,Rất quan tâm,Khá quan tâm,Rất quan tâm,Khá quan tâm,Rất quan tâm,Rất quan tâm,Rất quan tâm,Rất quan tâm,Rất quan tâm,Khá quan tâm,Rất quan tâm,Khá quan tâm,Rất liên quan,Khá liên quan,Rất liên quan,Rất liên quan,Rất liên quan,Khá liên quan,Khá liên quan,Rất liên quan,Rất liên quan,Rất liên quan,Khá liên quan,Rất liên quan,Khá liên quan,Rất liên quan,Khá liên quan
4/24/2026 23:17:33,Nữ,24,Nông thôn,Sau Đại học,Có,Có,Có,Hoàn toàn đồng ý,Hoàn toàn đồng ý,Hoàn toàn đồng ý,Hoàn toàn đồng ý,Đồng ý,Hoàn toàn đồng ý,Đồng ý,Hoàn toàn đồng ý,Đồng ý,Hoàn toàn đồng ý,Hoàn toàn đồng ý,Đồng ý,Hoàn toàn đồng ý,Đồng ý,Đồng ý,Hoàn toàn đồng ý,Hoàn toàn đồng ý,Đồng ý,Hoàn toàn đồng ý,Đồng ý,Đồng ý,Hoàn toàn đồng ý,Rất quan tâm,Khá quan tâm,Rất quan tâm,Rất quan tâm,Rất quan tâm,Khá quan tâm,Rất quan tâm,Khá quan tâm,Rất quan tâm,Rất quan tâm,Khá quan tâm,Rất quan tâm,Khá quan tâm,Khá quan tâm,Rất quan tâm,Khá quan tâm,Rất quan tâm,Khá quan tâm,Khá quan tâm,Rất quan tâm,Rất liên quan,Khá liên quan,Rất liên quan,Rất liên quan,Rất liên quan,Rất liên quan,Khá liên quan,Khá liên quan,Khá liên quan,Rất liên quan,Khá liên quan,Khá liên quan,Khá liên quan,Khá liên quan,Rất liên quan
4/24/2026 23:18:39,Nam,27,Nông thôn,Trung học phổ thông,Có,Có,Có,Hoàn toàn đồng ý,Đồng ý,Đồng ý,Hoàn toàn đồng ý,Đồng ý,Hoàn toàn đồng ý,Đồng ý,Hoàn toàn đồng ý,Đồng ý,Hoàn toàn đồng ý,Đồng ý,Đồng ý,Đồng ý,Hoàn toàn đồng ý,Đồng ý,Hoàn toàn đồng ý,Hoàn toàn đồng ý,Hoàn toàn đồng ý,Hoàn toàn đồng ý,Hoàn toàn đồng ý,Hoàn toàn đồng ý,Hoàn toàn đồng ý,Khá quan tâm,Quan tâm ở mức trung bình,Khá quan tâm,Rất quan tâm,Rất quan tâm,Khá quan tâm,Rất quan tâm,Khá quan tâm,Rất quan tâm,Rất quan tâm,Khá quan tâm,Khá quan tâm,Rất quan tâm,Rất quan tâm,Khá quan tâm,Rất quan tâm,Rất quan tâm,Khá quan tâm,Khá quan tâm,Rất quan tâm,Rất liên quan,Rất liên quan,Khá liên quan,Rất liên quan,Khá liên quan,Rất liên quan,Khá liên quan,Rất liên quan,Khá liên quan,Khá liên quan,Khá liên quan,Rất liên quan,Khá liên quan,Khá liên quan,Khá liên quan
4/24/2026 23:19:55,Nam,34,Thành thị,Sau Đại học,Có,Có,Có,Hoàn toàn đồng ý,Đồng ý,Hoàn toàn đồng ý,Hoàn toàn đồng ý,Hoàn toàn đồng ý,Hoàn toàn đồng ý,Đồng ý,Hoàn toàn đồng ý,Đồng ý,Hoàn toàn đồng ý,Hoàn toàn đồng ý,Đồng ý,Hoàn toàn đồng ý,Hoàn toàn đồng ý,Hoàn toàn đồng ý,Đồng ý,Hoàn toàn đồng ý,Đồng ý,Hoàn toàn đồng ý,Đồng ý,Đồng ý,Hoàn toàn đồng ý,Rất quan tâm,Khá quan tâm,Rất quan tâm,Khá quan tâm,Rất quan tâm,Khá quan tâm,Rất quan tâm,Khá quan tâm,Rất quan tâm,Khá quan tâm,Rất quan tâm,Khá quan tâm,Rất quan tâm,Rất quan tâm,Rất quan tâm,Khá quan tâm,Rất quan tâm,Khá quan tâm,Rất quan tâm,Khá quan tâm,Rất liên quan,Rất liên quan,Rất liên quan,Rất liên quan,Khá liên quan,Rất liên quan,Khá liên quan,Khá liên quan,Rất liên quan,Khá liên quan,Rất liên quan,Khá liên quan,Khá liên quan,Khá liên quan,Rất liên quan
4/24/2026 23:19:58,Nam,29,Thành thị,Cao Đẳng/ Đại học,Có,Có,Có,Hoàn toàn đồng ý,Đồng ý,Hoàn toàn đồng ý,Đồng ý,Hoàn toàn đồng ý,Đồng ý,Hoàn toàn đồng ý,Đồng ý,Hoàn toàn đồng ý,Đồng ý,Đồng ý,Hoàn toàn đồng ý,Đồng ý,Đồng ý,Đồng ý,Đồng ý,Hoàn toàn đồng ý,Đồng ý,Hoàn toàn đồng ý,Đồng ý,Hoàn toàn đồng ý,Đồng ý,Rất quan tâm,Khá quan tâm,Rất quan tâm,Khá quan tâm,Khá quan tâm,Khá quan tâm,Khá quan tâm,Rất quan tâm,Rất quan tâm,Khá quan tâm,Khá quan tâm,Rất quan tâm,Khá quan tâm,Rất quan tâm,Khá quan tâm,Rất quan tâm,Khá quan tâm,Khá quan tâm,Rất quan tâm,Rất quan tâm,Rất liên quan,Rất liên quan,Khá liên quan,Khá liên quan,Rất liên quan,Rất liên quan,Rất liên quan,Khá liên quan,Khá liên quan,Rất liên quan,Rất liên quan,Khá liên quan,Khá liên quan,Rất liên quan,Rất liên quan
4/24/2026 23:23:16,Nam,29,Nông thôn,Cao Đẳng/ Đại học,Có,Có,Có,Hoàn toàn đồng ý,Đồng ý,Đồng ý,Đồng ý,Hoàn toàn đồng ý,Đồng ý,Hoàn toàn đồng ý,Hoàn toàn đồng ý,Đồng ý,Hoàn toàn đồng ý,Hoàn toàn đồng ý,Đồng ý,Hoàn toàn đồng ý,Đồng ý,Hoàn toàn đồng ý,Đồng ý,Đồng ý,Hoàn toàn đồng ý,Đồng ý,Hoàn toàn đồng ý,Đồng ý,Hoàn toàn đồng ý,Rất quan tâm,Rất quan tâm,Khá quan tâm,Rất quan tâm,Khá quan tâm,Rất quan tâm,Rất quan tâm,Rất quan tâm,Khá quan tâm,Rất quan tâm,Khá quan tâm,Rất quan tâm,Khá quan tâm,Rất quan tâm,Khá quan tâm,Rất quan tâm,Khá quan tâm,Khá quan tâm,Khá quan tâm,Rất quan tâm,Rất liên quan,Khá liên quan,Rất liên quan,Rất liên quan,Rất liên quan,Rất liên quan,Rất liên quan,Khá liên quan,Rất liên quan,Khá liên quan,Rất liên quan,Khá liên quan,Rất liên quan,Rất liên quan,Rất liên quan
4/24/2026 23:23:32,Nữ,26,Nông thôn,Cao Đẳng/ Đại học,Có,Không,Không,Hoàn toàn đồng ý,Hoàn toàn đồng ý,Đồng ý,Hoàn toàn đồng ý,Đồng ý,Hoàn toàn đồng ý,Đồng ý,Hoàn toàn đồng ý,Đồng ý,Hoàn toàn đồng ý,Đồng ý,Trung lập,Hoàn toàn đồng ý,Đồng ý,Đồng ý,Đồng ý,Hoàn toàn đồng ý,Đồng ý,Trung lập,Đồng ý,Đồng ý,Hoàn toàn đồng ý,Rất quan tâm,Khá quan tâm,Rất quan tâm,Khá quan tâm,Rất quan tâm,Khá quan tâm,Rất quan tâm,Khá quan tâm,Rất quan tâm,Khá quan tâm,Rất quan tâm,Khá quan tâm,Rất quan tâm,Khá quan tâm,Rất quan tâm,Rất quan tâm,Khá quan tâm,Khá quan tâm,Rất quan tâm,Khá quan tâm,Rất liên quan,Khá liên quan,Rất liên quan,Rất liên quan,Rất liên quan,Rất liên quan,Khá liên quan,Khá liên quan,Khá liên quan,Khá liên quan,Rất liên quan,Khá liên quan,Khá liên quan,Rất liên quan,Khá liên quan
4/24/2026 23:25:23,Nam,29,Nông thôn,Cao Đẳng/ Đại học,Có,Có,Có,Hoàn toàn đồng ý,Đồng ý,Hoàn toàn đồng ý,Hoàn toàn đồng ý,Đồng ý,Hoàn toàn đồng ý,Đồng ý,Hoàn toàn đồng ý,Đồng ý,Hoàn toàn đồng ý,Hoàn toàn đồng ý,Đồng ý,Hoàn toàn đồng ý,Đồng ý,Hoàn toàn đồng ý,Đồng ý,Hoàn toàn đồng ý,Hoàn toàn đồng ý,Hoàn toàn đồng ý,Đồng ý,Hoàn toàn đồng ý,Hoàn toàn đồng ý,Rất quan tâm,Khá quan tâm,Rất quan tâm,Rất quan tâm,Khá quan tâm,Rất quan tâm,Rất quan tâm,Rất quan tâm,Rất quan tâm,Khá quan tâm,Rất quan tâm,Khá quan tâm,Rất quan tâm,Khá quan tâm,Rất quan tâm,Khá quan tâm,Rất quan tâm,Khá quan tâm,Khá quan tâm,Rất quan tâm,Rất liên quan,Rất liên quan,Rất liên quan,Khá liên quan,Rất liên quan,Khá liên quan,Rất liên quan,Khá liên quan,Khá liên quan,Rất liên quan,Khá liên quan,Rất liên quan,Khá liên quan,Rất liên quan,Khá liên quan
4/24/2026 23:25:50,Nam,27,Thành thị,Cao Đẳng/ Đại học,Có,Có,Có,Hoàn toàn đồng ý,Đồng ý,Hoàn toàn đồng ý,Đồng ý,Hoàn toàn đồng ý,Đồng ý,Hoàn toàn đồng ý,Đồng ý,Đồng ý,Hoàn toàn đồng ý,Hoàn toàn đồng ý,Đồng ý,Hoàn toàn đồng ý,Đồng ý,Đồng ý,Đồng ý,Đồng ý,Trung lập,Hoàn toàn đồng ý,Đồng ý,Hoàn toàn đồng ý,Đồng ý,Khá quan tâm,Quan tâm ở mức trung bình,Khá quan tâm,Quan tâm ở mức trung bình,Khá quan tâm,Khá quan tâm,Quan tâm ở mức trung bình,Khá quan tâm,Khá quan tâm,Khá quan tâm,Khá quan tâm,Khá quan tâm,Khá quan tâm,Khá quan tâm,Khá quan tâm,Khá quan tâm,Quan tâm ở mức trung bình,Quan tâm ở mức trung bình,Khá quan tâm,Khá quan tâm,Rất liên quan,Rất liên quan,Khá liên quan,Khá liên quan,Rất liên quan,Rất liên quan,Khá liên quan,Khá liên quan,Rất liên quan,Rất liên quan,Khá liên quan,Khá liên quan,Rất liên quan,Rất liên quan,Khá liên quan
4/24/2026 23:27:06,Nữ,23,Thành thị,Trung học phổ thông,Không,Không,Không,Hoàn toàn đồng ý,Đồng ý,Trung lập,Không đồng ý,Trung lập,Hoàn toàn đồng ý,Đồng ý,Đồng ý,Đồng ý,Trung lập,Trung lập,Đồng ý,Đồng ý,Hoàn toàn đồng ý,Trung lập,Trung lập,Không đồng ý,Không đồng ý,Đồng ý,Trung lập,Đồng ý,Trung lập,Khá quan tâm,Quan tâm ở mức trung bình,Quan tâm ở mức trung bình,Khá quan tâm,Quan tâm ở mức trung bình,Khá quan tâm,Quan tâm ở mức trung bình,Khá quan tâm,Quan tâm ở mức trung bình,Khá quan tâm,Quan tâm ở mức trung bình,Quan tâm ở mức trung bình,Khá quan tâm,Quan tâm ở mức trung bình,Quan tâm ở mức trung bình,Quan tâm ở mức trung bình,Quan tâm ở mức trung bình,Khá quan tâm,Quan tâm ở mức trung bình,Khá quan tâm,Rất liên quan,Khá liên quan,Rất liên quan,Khá liên quan,Rất liên quan,Khá liên quan,Khá liên quan,Rất liên quan,Rất liên quan,Khá liên quan,Rất liên quan,Khá liên quan,Khá liên quan,Rất liên quan,Khá liên quan
4/24/2026 23:27:58,Nữ,23,Nông thôn,Cao Đẳng/ Đại học,Có,Có,Có,Hoàn toàn đồng ý,Hoàn toàn đồng ý,Đồng ý,Hoàn toàn đồng ý,Đồng ý,Hoàn toàn đồng ý,Đồng ý,Đồng ý,Đồng ý,Hoàn toàn đồng ý,Hoàn toàn đồng ý,Đồng ý,Hoàn toàn đồng ý,Hoàn toàn đồng ý,Hoàn toàn đồng ý,Hoàn toàn đồng ý,Đồng ý,Đồng ý,Hoàn toàn đồng ý,Hoàn toàn đồng ý,Đồng ý,Hoàn toàn đồng ý,Rất quan tâm,Khá quan tâm,Rất quan tâm,Khá quan tâm,Khá quan tâm,Rất quan tâm,Khá quan tâm,Rất quan tâm,Khá quan tâm,Rất quan tâm,Rất quan tâm,Khá quan tâm,Rất quan tâm,Khá quan tâm,Rất quan tâm,Rất quan tâm,Khá quan tâm,Khá quan tâm,Rất quan tâm,Khá quan tâm,Rất liên quan,Rất liên quan,Rất liên quan,Rất liên quan,Khá liên quan,Khá liên quan,Khá liên quan,Rất liên quan,Khá liên quan,Rất liên quan,Khá liên quan,Rất liên quan,Khá liên quan,Rất liên quan,Khá liên quan
4/24/2026 23:28:41,Nữ,24,Thành thị,Cao Đẳng/ Đại học,Có,Có,Không,Hoàn toàn đồng ý,Đồng ý,Trung lập,Đồng ý,Đồng ý,Đồng ý,Hoàn toàn đồng ý,Đồng ý,Hoàn toàn đồng ý,Đồng ý,Trung lập,Đồng ý,Đồng ý,Trung lập,Đồng ý,Hoàn toàn đồng ý,Đồng ý,Đồng ý,Hoàn toàn đồng ý,Đồng ý,Hoàn toàn đồng ý,Đồng ý,Rất quan tâm,Khá quan tâm,Rất quan tâm,Khá quan tâm,Rất quan tâm,Khá quan tâm,Rất quan tâm,Khá quan tâm,Rất quan tâm,Khá quan tâm,Rất quan tâm,Khá quan tâm,Rất quan tâm,Khá quan tâm,Rất quan tâm,Khá quan tâm,Rất quan tâm,Rất quan tâm,Khá quan tâm,Rất quan tâm,Rất liên quan,Rất liên quan,Khá liên quan,Khá liên quan,Khá liên quan,Rất liên quan,Rất liên quan,Rất liên quan,Khá liên quan,Khá liên quan,Khá liên quan,Rất liên quan,Khá liên quan,Khá liên quan,Khá liên quan
4/24/2026 23:29:24,Nữ,28,Nông thôn,Cao Đẳng/ Đại học,Có,Có,Có,Hoàn toàn đồng ý,Đồng ý,Hoàn toàn đồng ý,Đồng ý,Đồng ý,Đồng ý,Hoàn toàn đồng ý,Đồng ý,Hoàn toàn đồng ý,Đồng ý,Hoàn toàn đồng ý,Hoàn toàn đồng ý,Hoàn toàn đồng ý,Đồng ý,Hoàn toàn đồng ý,Đồng ý,Đồng ý,Hoàn toàn đồng ý,Đồng ý,Hoàn toàn đồng ý,Đồng ý,Hoàn toàn đồng ý,Rất quan tâm,Khá quan tâm,Rất quan tâm,Khá quan tâm,Khá quan tâm,Khá quan tâm,Rất quan tâm,Khá quan tâm,Rất quan tâm,Khá quan tâm,Khá quan tâm,Rất quan tâm,Khá quan tâm,Rất quan tâm,Khá quan tâm,Khá quan tâm,Rất quan tâm,Khá quan tâm,Rất quan tâm,Khá quan tâm,Rất liên quan,Khá liên quan,Rất liên quan,Khá liên quan,Rất liên quan,Khá liên quan,Khá liên quan,Khá liên quan,Khá liên quan,Khá liên quan,Rất liên quan,Khá liên quan,Rất liên quan,Rất liên quan,Rất liên quan
4/24/2026 23:29:52,Nữ,27,Nông thôn,Trung học cơ sở,Có,Không,Không,Hoàn toàn đồng ý,Đồng ý,Hoàn toàn đồng ý,Hoàn toàn đồng ý,Hoàn toàn đồng ý,Đồng ý,Đồng ý,Đồng ý,Đồng ý,Đồng ý,Hoàn toàn đồng ý,Hoàn toàn đồng ý,Đồng ý,Đồng ý,Đồng ý,Đồng ý,Đồng ý,Đồng ý,Hoàn toàn đồng ý,Hoàn toàn đồng ý,Hoàn toàn đồng ý,Hoàn toàn đồng ý,Khá quan tâm,Quan tâm ở mức trung bình,Khá quan tâm,Quan tâm ở mức trung bình,Quan tâm ở mức trung bình,Khá quan tâm,Khá quan tâm,Khá quan tâm,Khá quan tâm,Khá quan tâm,Khá quan tâm,Khá quan tâm,Khá quan tâm,Khá quan tâm,Khá quan tâm,Khá quan tâm,Khá quan tâm,Khá quan tâm,Khá quan tâm,Khá quan tâm,Rất liên quan,Rất liên quan,Rất liên quan,Rất liên quan,Rất liên quan,Khá liên quan,Khá liên quan,Khá liên quan,Khá liên quan,Rất liên quan,Rất liên quan,Rất liên quan,Rất liên quan,Rất liên quan,Khá liên quan
4/24/2026 23:30:53,Nữ,19,Thành thị,Cao Đẳng/ Đại học,Có,Có,Có,Hoàn toàn đồng ý,Đồng ý,Hoàn toàn đồng ý,Hoàn toàn đồng ý,Hoàn toàn đồng ý,Đồng ý,Đồng ý,Hoàn toàn đồng ý,Đồng ý,Hoàn toàn đồng ý,Hoàn toàn đồng ý,Đồng ý,Hoàn toàn đồng ý,Đồng ý,Đồng ý,Đồng ý,Hoàn toàn đồng ý,Đồng ý,Hoàn toàn đồng ý,Hoàn toàn đồng ý,Đồng ý,Hoàn toàn đồng ý,Rất quan tâm,Khá quan tâm,Rất quan tâm,Khá quan tâm,Rất quan tâm,Khá quan tâm,Rất quan tâm,Khá quan tâm,Rất quan tâm,Rất quan tâm,Khá quan tâm,Rất quan tâm,Khá quan tâm,Khá quan tâm,Khá quan tâm,Rất quan tâm,Rất quan tâm,Khá quan tâm,Rất quan tâm,Khá quan tâm,Rất liên quan,Rất liên quan,Rất liên quan,Khá liên quan,Rất liên quan,Rất liên quan,Khá liên quan,Khá liên quan,Khá liên quan,Rất liên quan,Rất liên quan,Khá liên quan,Rất liên quan,Khá liên quan,Rất liên quan
4/24/2026 23:31:36,Nam,25,Thành thị,Trung học phổ thông,Có,Có,Có,Hoàn toàn đồng ý,Đồng ý,Hoàn toàn đồng ý,Đồng ý,Hoàn toàn đồng ý,Đồng ý,Đồng ý,Hoàn toàn đồng ý,Đồng ý,Đồng ý,Đồng ý,Hoàn toàn đồng ý,Hoàn toàn đồng ý,Hoàn toàn đồng ý,Hoàn toàn đồng ý,Hoàn toàn đồng ý,Hoàn toàn đồng ý,Đồng ý,Đồng ý,Đồng ý,Đồng ý,Đồng ý,Rất quan tâm,Rất quan tâm,Rất quan tâm,Khá quan tâm,Khá quan tâm,Khá quan tâm,Khá quan tâm,Khá quan tâm,Khá quan tâm,Rất quan tâm,Khá quan tâm,Khá quan tâm,Khá quan tâm,Rất quan tâm,Rất quan tâm,Khá quan tâm,Rất quan tâm,Khá quan tâm,Rất quan tâm,Khá quan tâm,Rất liên quan,Rất liên quan,Khá liên quan,Khá liên quan,Rất liên quan,Khá liên quan,Khá liên quan,Rất liên quan,Khá liên quan,Rất liên quan,Khá liên quan,Rất liên quan,Khá liên quan,Rất liên quan,Khá liên quan
4/24/2026 23:32:21,Nam,18,Thành thị,Cao Đẳng/ Đại học,Có,Có,Có,Hoàn toàn đồng ý,Hoàn toàn đồng ý,Đồng ý,Hoàn toàn đồng ý,Hoàn toàn đồng ý,Đồng ý,Hoàn toàn đồng ý,Hoàn toàn đồng ý,Đồng ý,Hoàn toàn đồng ý,Hoàn toàn đồng ý,Đồng ý,Đồng ý,Hoàn toàn đồng ý,Đồng ý,Hoàn toàn đồng ý,Đồng ý,Đồng ý,Hoàn toàn đồng ý,Hoàn toàn đồng ý,Đồng ý,Hoàn toàn đồng ý,Rất quan tâm,Khá quan tâm,Khá quan tâm,Rất quan tâm,Khá quan tâm,Khá quan tâm,Rất quan tâm,Rất quan tâm,Rất quan tâm,Rất quan tâm,Khá quan tâm,Rất quan tâm,Khá quan tâm,Rất quan tâm,Rất quan tâm,Rất quan tâm,Khá quan tâm,Khá quan tâm,Khá quan tâm,Rất quan tâm,Rất liên quan,Khá liên quan,Khá liên quan,Khá liên quan,Khá liên quan,Rất liên quan,Rất liên quan,Rất liên quan,Khá liên quan,Rất liên quan,Khá liên quan,Rất liên quan,Rất liên quan,Khá liên quan,Rất liên quan
4/24/2026 23:32:48,Nam,19,Nông thôn,Trung học phổ thông,Có,Có,Không,Hoàn toàn đồng ý,Đồng ý,Hoàn toàn đồng ý,Đồng ý,Hoàn toàn đồng ý,Đồng ý,Đồng ý,Hoàn toàn đồng ý,Đồng ý,Hoàn toàn đồng ý,Đồng ý,Hoàn toàn đồng ý,Đồng ý,Hoàn toàn đồng ý,Đồng ý,Hoàn toàn đồng ý,Đồng ý,Hoàn toàn đồng ý,Đồng ý,Hoàn toàn đồng ý,Đồng ý,Hoàn toàn đồng ý,Khá quan tâm,Rất quan tâm,Khá quan tâm,Rất quan tâm,Rất quan tâm,Rất quan tâm,Khá quan tâm,Khá quan tâm,Khá quan tâm,Rất quan tâm,Khá quan tâm,Khá quan tâm,Rất quan tâm,Khá quan tâm,Rất quan tâm,Khá quan tâm,Rất quan tâm,Rất quan tâm,Rất quan tâm,Rất quan tâm,Rất liên quan,Khá liên quan,Rất liên quan,Rất liên quan,Rất liên quan,Rất liên quan,Khá liên quan,Rất liên quan,Khá liên quan,Rất liên quan,Khá liên quan,Khá liên quan,Khá liên quan,Khá liên quan,Khá liên quan
4/24/2026 23:33:54,Nữ,20,Nông thôn,Cao Đẳng/ Đại học,Có,Có,Có,Hoàn toàn đồng ý,Đồng ý,Hoàn toàn đồng ý,Hoàn toàn đồng ý,Hoàn toàn đồng ý,Hoàn toàn đồng ý,Hoàn toàn đồng ý,Hoàn toàn đồng ý,Hoàn toàn đồng ý,Hoàn toàn đồng ý,Đồng ý,Hoàn toàn đồng ý,Hoàn toàn đồng ý,Đồng ý,Hoàn toàn đồng ý,Đồng ý,Đồng ý,Hoàn toàn đồng ý,Hoàn toàn đồng ý,Hoàn toàn đồng ý,Hoàn toàn đồng ý,Hoàn toàn đồng ý,Khá quan tâm,Rất quan tâm,Rất quan tâm,Rất quan tâm,Khá quan tâm,Khá quan tâm,Rất quan tâm,Khá quan tâm,Rất quan tâm,Khá quan tâm,Rất quan tâm,Khá quan tâm,Khá quan tâm,Khá quan tâm,Rất quan tâm,Rất quan tâm,Khá quan tâm,Rất quan tâm,Rất quan tâm,Khá quan tâm,Rất liên quan,Khá liên quan,Khá liên quan,Khá liên quan,Rất liên quan,Rất liên quan,Rất liên quan,Khá liên quan,Rất liên quan,Khá liên quan,Khá liên quan,Rất liên quan,Rất liên quan,Rất liên quan,Khá liên quan
4/24/2026 23:33:58,Nam,20,Thành thị,Trung học cơ sở,Không,Không,Không,Hoàn toàn đồng ý,Đồng ý,Trung lập,Đồng ý,Hoàn toàn đồng ý,Đồng ý,Trung lập,Đồng ý,Hoàn toàn đồng ý,Đồng ý,Đồng ý,Hoàn toàn đồng ý,Hoàn toàn đồng ý,Hoàn toàn đồng ý,Hoàn toàn đồng ý,Hoàn toàn đồng ý,Hoàn toàn đồng ý,Hoàn toàn đồng ý,Hoàn toàn đồng ý,Hoàn toàn đồng ý,Hoàn toàn đồng ý,Hoàn toàn đồng ý,Rất quan tâm,Khá quan tâm,Khá quan tâm,Khá quan tâm,Rất quan tâm,Rất quan tâm,Rất quan tâm,Khá quan tâm,Khá quan tâm,Khá quan tâm,Khá quan tâm,Khá quan tâm,Khá quan tâm,Khá quan tâm,Khá quan tâm,Khá quan tâm,Khá quan tâm,Khá quan tâm,Khá quan tâm,Khá quan tâm,Rất liên quan,Khá liên quan,Rất liên quan,Khá liên quan,Khá liên quan,Khá liên quan,Hơi liên quan,Hơi liên quan,Khá liên quan,Khá liên quan,Rất liên quan,Khá liên quan,Khá liên quan,Rất liên quan,Rất liên quan
4/24/2026 23:35:35,Nam,24,Nông thôn,Cao Đẳng/ Đại học,Có,Có,Có,Hoàn toàn đồng ý,Đồng ý,Hoàn toàn đồng ý,Đồng ý,Đồng ý,Hoàn toàn đồng ý,Đồng ý,Hoàn toàn đồng ý,Đồng ý,Đồng ý,Hoàn toàn đồng ý,Hoàn toàn đồng ý,Đồng ý,Hoàn toàn đồng ý,Đồng ý,Đồng ý,Đồng ý,Hoàn toàn đồng ý,Đồng ý,Đồng ý,Hoàn toàn đồng ý,Hoàn toàn đồng ý,Rất quan tâm,Rất quan tâm,Rất quan tâm,Rất quan tâm,Khá quan tâm,Rất quan tâm,Khá quan tâm,Khá quan tâm,Khá quan tâm,Rất quan tâm,Rất quan tâm,Rất quan tâm,Khá quan tâm,Khá quan tâm,Rất quan tâm,Khá quan tâm,Rất quan tâm,Khá quan tâm,Khá quan tâm,Khá quan tâm,Rất liên quan,Rất liên quan,Rất liên quan,Khá liên quan,Rất liên quan,Rất liên quan,Khá liên quan,Khá liên quan,Rất liên quan,Rất liên quan,Khá liên quan,Khá liên quan,Khá liên quan,Rất liên quan,Khá liên quan
4/24/2026 23:36:57,Nam,28,Thành thị,Trung học phổ thông,Có,Có,Có,Hoàn toàn đồng ý,Đồng ý,Đồng ý,Đồng ý,Hoàn toàn đồng ý,Hoàn toàn đồng ý,Hoàn toàn đồng ý,Đồng ý,Hoàn toàn đồng ý,Đồng ý,Hoàn toàn đồng ý,Đồng ý,Hoàn toàn đồng ý,Hoàn toàn đồng ý,Đồng ý,Đồng ý,Hoàn toàn đồng ý,Hoàn toàn đồng ý,Đồng ý,Đồng ý,Hoàn toàn đồng ý,Hoàn toàn đồng ý,Rất quan tâm,Rất quan tâm,Rất quan tâm,Khá quan tâm,Khá quan tâm,Rất quan tâm,Rất quan tâm,Rất quan tâm,Khá quan tâm,Khá quan tâm,Khá quan tâm,Rất quan tâm,Rất quan tâm,Khá quan tâm,Khá quan tâm,Rất quan tâm,Rất quan tâm,Khá quan tâm,Khá quan tâm,Rất quan tâm,Rất liên quan,Rất liên quan,Rất liên quan,Rất liên quan,Khá liên quan,Khá liên quan,Khá liên quan,Khá liên quan,Khá liên quan,Khá liên quan,Khá liên quan,Khá liên quan,Khá liên quan,Khá liên quan,Khá liên quan
4/24/2026 23:37:04,Nữ,23,Thành thị,Cao Đẳng/ Đại học,Có,Có,Có,Hoàn toàn đồng ý,Hoàn toàn đồng ý,Hoàn toàn đồng ý,Hoàn toàn đồng ý,Hoàn toàn đồng ý,Hoàn toàn đồng ý,Hoàn toàn đồng ý,Đồng ý,Hoàn toàn đồng ý,Đồng ý,Hoàn toàn đồng ý,Đồng ý,Hoàn toàn đồng ý,Hoàn toàn đồng ý,Đồng ý,Hoàn toàn đồng ý,Hoàn toàn đồng ý,Đồng ý,Hoàn toàn đồng ý,Đồng ý,Đồng ý,Hoàn toàn đồng ý,Rất quan tâm,Rất quan tâm,Khá quan tâm,Rất quan tâm,Khá quan tâm,Rất quan tâm,Khá quan tâm,Rất quan tâm,Rất quan tâm,Rất quan tâm,Khá quan tâm,Rất quan tâm,Khá quan tâm,Khá quan tâm,Rất quan tâm,Rất quan tâm,Khá quan tâm,Khá quan tâm,Khá quan tâm,Khá quan tâm,Rất liên quan,Rất liên quan,Khá liên quan,Rất liên quan,Khá liên quan,Rất liên quan,Khá liên quan,Rất liên quan,Rất liên quan,Rất liên quan,Rất liên quan,Khá liên quan,Rất liên quan,Khá liên quan,Rất liên quan
4/24/2026 23:38:27,Nữ,28,Nông thôn,Sau Đại học,Có,Có,Có,Hoàn toàn đồng ý,Hoàn toàn đồng ý,Đồng ý,Đồng ý,Đồng ý,Hoàn toàn đồng ý,Đồng ý,Đồng ý,Đồng ý,Đồng ý,Hoàn toàn đồng ý,Hoàn toàn đồng ý,Hoàn toàn đồng ý,Đồng ý,Hoàn toàn đồng ý,Đồng ý,Đồng ý,Hoàn toàn đồng ý,Đồng ý,Hoàn toàn đồng ý,Đồng ý,Đồng ý,Rất quan tâm,Khá quan tâm,Khá quan tâm,Khá quan tâm,Khá quan tâm,Rất quan tâm,Rất quan tâm,Rất quan tâm,Khá quan tâm,Rất quan tâm,Khá quan tâm,Rất quan tâm,Khá quan tâm,Khá quan tâm,Rất quan tâm,Khá quan tâm,Rất quan tâm,Rất quan tâm,Khá quan tâm,Khá quan tâm,Rất liên quan,Rất liên quan,Khá liên quan,Khá liên quan,Rất liên quan,Rất liên quan,Khá liên quan,Rất liên quan,Rất liên quan,Rất liên quan,Rất liên quan,Khá liên quan,Khá liên quan,Rất liên quan,Khá liên quan
4/24/2026 23:38:39,Nam,25,Nông thôn,Cao Đẳng/ Đại học,Có,Có,Không,Hoàn toàn đồng ý,Đồng ý,Hoàn toàn đồng ý,Hoàn toàn đồng ý,Đồng ý,Hoàn toàn đồng ý,Hoàn toàn đồng ý,Đồng ý,Hoàn toàn đồng ý,Hoàn toàn đồng ý,Hoàn toàn đồng ý,Đồng ý,Hoàn toàn đồng ý,Đồng ý,Đồng ý,Hoàn toàn đồng ý,Hoàn toàn đồng ý,Hoàn toàn đồng ý,Đồng ý,Đồng ý,Hoàn toàn đồng ý,Hoàn toàn đồng ý,Rất quan tâm,Khá quan tâm,Rất quan tâm,Khá quan tâm,Khá quan tâm,Rất quan tâm,Rất quan tâm,Rất quan tâm,Khá quan tâm,Khá quan tâm,Khá quan tâm,Khá quan tâm,Rất quan tâm,Khá quan tâm,Khá quan tâm,Khá quan tâm,Khá quan tâm,Khá quan tâm,Khá quan tâm,Khá quan tâm,Rất liên quan,Rất liên quan,Khá liên quan,Khá liên quan,Rất liên quan,Rất liên quan,Khá liên quan,Khá liên quan,Rất liên quan,Rất liên quan,Khá liên quan,Khá liên quan,Rất liên quan,Rất liên quan,Rất liên quan
4/24/2026 23:39:47,Nữ,25,Nông thôn,Trung học phổ thông,Có,Có,Không,Hoàn toàn đồng ý,Đồng ý,Hoàn toàn đồng ý,Đồng ý,Hoàn toàn đồng ý,Đồng ý,Hoàn toàn đồng ý,Đồng ý,Hoàn toàn đồng ý,Đồng ý,Đồng ý,Trung lập,Đồng ý,Trung lập,Đồng ý,Trung lập,Đồng ý,Trung lập,Đồng ý,Trung lập,Trung lập,Hoàn toàn đồng ý,Rất quan tâm,Khá quan tâm,Rất quan tâm,Rất quan tâm,Rất quan tâm,Khá quan tâm,Rất quan tâm,Khá quan tâm,Rất quan tâm,Khá quan tâm,Rất quan tâm,Khá quan tâm,Rất quan tâm,Khá quan tâm,Rất quan tâm,Khá quan tâm,Rất quan tâm,Khá quan tâm,Rất quan tâm,Khá quan tâm,Rất liên quan,Khá liên quan,Khá liên quan,Rất liên quan,Rất liên quan,Khá liên quan,Khá liên quan,Khá liên quan,Rất liên quan,Rất liên quan,Rất liên quan,Khá liên quan,Khá liên quan,Rất liên quan,Rất liên quan
4/24/2026 23:40:34,Nam,23,Thành thị,Cao Đẳng/ Đại học,Có,Có,Có,Hoàn toàn đồng ý,Đồng ý,Hoàn toàn đồng ý,Hoàn toàn đồng ý,Hoàn toàn đồng ý,Đồng ý,Đồng ý,Hoàn toàn đồng ý,Hoàn toàn đồng ý,Đồng ý,Hoàn toàn đồng ý,Hoàn toàn đồng ý,Hoàn toàn đồng ý,Đồng ý,Hoàn toàn đồng ý,Hoàn toàn đồng ý,Đồng ý,Đồng ý,Đồng ý,Hoàn toàn đồng ý,Đồng ý,Đồng ý,Rất quan tâm,Rất quan tâm,Rất quan tâm,Rất quan tâm,Khá quan tâm,Khá quan tâm,Rất quan tâm,Khá quan tâm,Rất quan tâm,Khá quan tâm,Khá quan tâm,Khá quan tâm,Rất quan tâm,Rất quan tâm,Rất quan tâm,Khá quan tâm,Rất quan tâm,Khá quan tâm,Khá quan tâm,Khá quan tâm,Rất liên quan,Rất liên quan,Rất liên quan,Rất liên quan,Rất liên quan,Khá liên quan,Khá liên quan,Rất liên quan,Khá liên quan,Rất liên quan,Khá liên quan,Khá liên quan,Rất liên quan,Khá liên quan,Rất liên quan
4/24/2026 23:42:09,Nữ,25,Thành thị,Cao Đẳng/ Đại học,Có,Không,Có,Hoàn toàn đồng ý,Hoàn toàn đồng ý,Đồng ý,Hoàn toàn đồng ý,Đồng ý,Hoàn toàn đồng ý,Đồng ý,Hoàn toàn đồng ý,Đồng ý,Hoàn toàn đồng ý,Đồng ý,Hoàn toàn đồng ý,Đồng ý,Hoàn toàn đồng ý,Đồng ý,Hoàn toàn đồng ý,Đồng ý,Hoàn toàn đồng ý,Đồng ý,Hoàn toàn đồng ý,Đồng ý,Hoàn toàn đồng ý,Khá quan tâm,Rất quan tâm,Khá quan tâm,Khá quan tâm,Khá quan tâm,Rất quan tâm,Khá quan tâm,Rất quan tâm,Khá quan tâm,Rất quan tâm,Khá quan tâm,Rất quan tâm,Khá quan tâm,Khá quan tâm,Rất quan tâm,Rất quan tâm,Khá quan tâm,Khá quan tâm,Rất quan tâm,Rất quan tâm,Rất liên quan,Khá liên quan,Khá liên quan,Rất liên quan,Rất liên quan,Khá liên quan,Khá liên quan,Khá liên quan,Rất liên quan,Rất liên quan,Rất liên quan,Rất liên quan,Khá liên quan,Khá liên quan,Rất liên quan
4/24/2026 23:43:10,Nam,21,Thành thị,Cao Đẳng/ Đại học,Có,Có,Không,Đồng ý,Hoàn toàn đồng ý,Đồng ý,Trung lập,Trung lập,Hoàn toàn đồng ý,Hoàn toàn đồng ý,Hoàn toàn không đồng ý,Hoàn toàn đồng ý,Không đồng ý,Không đồng ý,Không đồng ý,Trung lập,Không đồng ý,Trung lập,Hoàn toàn đồng ý,Không đồng ý,Trung lập,Không đồng ý,Trung lập,Trung lập,Trung lập,Có hứng thú một chút,Khá quan tâm,Có hứng thú một chút,Khá quan tâm,Khá quan tâm,Khá quan tâm,Khá quan tâm,Khá quan tâm,Có hứng thú một chút,Quan tâm ở mức trung bình,Quan tâm ở mức trung bình,Khá quan tâm,Quan tâm ở mức trung bình,Quan tâm ở mức trung bình,Khá quan tâm,Quan tâm ở mức trung bình,Khá quan tâm,Quan tâm ở mức trung bình,Khá quan tâm,Quan tâm ở mức trung bình,Rất liên quan,Rất liên quan,Khá liên quan,Khá liên quan,Khá liên quan,Khá liên quan,Khá liên quan,Rất liên quan,Khá liên quan,Rất liên quan,Khá liên quan,Rất liên quan,Khá liên quan,Khá liên quan,Rất liên quan
4/24/2026 23:43:20,Nam,27,Thành thị,Cao Đẳng/ Đại học,Có,Không,Có,Hoàn toàn đồng ý,Đồng ý,Hoàn toàn đồng ý,Đồng ý,Đồng ý,Đồng ý,Hoàn toàn đồng ý,Hoàn toàn đồng ý,Hoàn toàn đồng ý,Hoàn toàn đồng ý,Đồng ý,Hoàn toàn đồng ý,Đồng ý,Hoàn toàn đồng ý,Hoàn toàn đồng ý,Đồng ý,Hoàn toàn đồng ý,Đồng ý,Hoàn toàn đồng ý,Đồng ý,Hoàn toàn đồng ý,Đồng ý,Rất quan tâm,Khá quan tâm,Rất quan tâm,Khá quan tâm,Rất quan tâm,Khá quan tâm,Rất quan tâm,Khá quan tâm,Khá quan tâm,Rất quan tâm,Rất quan tâm,Khá quan tâm,Khá quan tâm,Rất quan tâm,Khá quan tâm,Rất quan tâm,Rất quan tâm,Khá quan tâm,Khá quan tâm,Khá quan tâm,Rất liên quan,Khá liên quan,Rất liên quan,Khá liên quan,Khá liên quan,Rất liên quan,Rất liên quan,Khá liên quan,Khá liên quan,Rất liên quan,Rất liên quan,Khá liên quan,Khá liên quan,Rất liên quan,Rất liên quan
4/24/2026 23:44:33,Nam,21,Thành thị,Cao Đẳng/ Đại học,Có,Có,Có,Hoàn toàn đồng ý,Đồng ý,Đồng ý,Hoàn toàn đồng ý,Hoàn toàn đồng ý,Đồng ý,Đồng ý,Đồng ý,Đồng ý,Hoàn toàn đồng ý,Hoàn toàn đồng ý,Hoàn toàn đồng ý,Đồng ý,Đồng ý,Hoàn toàn đồng ý,Đồng ý,Hoàn toàn đồng ý,Đồng ý,Hoàn toàn đồng ý,Hoàn toàn đồng ý,Đồng ý,Hoàn toàn đồng ý,Rất quan tâm,Khá quan tâm,Rất quan tâm,Khá quan tâm,Khá quan tâm,Khá quan tâm,Rất quan tâm,Rất quan tâm,Khá quan tâm,Rất quan tâm,Khá quan tâm,Khá quan tâm,Rất quan tâm,Khá quan tâm,Rất quan tâm,Khá quan tâm,Rất quan tâm,Khá quan tâm,Rất quan tâm,Khá quan tâm,Rất liên quan,Khá liên quan,Rất liên quan,Rất liên quan,Rất liên quan,Khá liên quan,Rất liên quan,Khá liên quan,Rất liên quan,Khá liên quan,Rất liên quan,Rất liên quan,Rất liên quan,Khá liên quan,Rất liên quan
4/24/2026 23:45:59,Nữ,23,Nông thôn,Cao Đẳng/ Đại học,Có,Có,Có,Hoàn toàn đồng ý,Đồng ý,Hoàn toàn đồng ý,Hoàn toàn đồng ý,Hoàn toàn đồng ý,Đồng ý,Hoàn toàn đồng ý,Đồng ý,Hoàn toàn đồng ý,Đồng ý,Hoàn toàn đồng ý,Đồng ý,Đồng ý,Hoàn toàn đồng ý,Đồng ý,Đồng ý,Hoàn toàn đồng ý,Hoàn toàn đồng ý,Hoàn toàn đồng ý,Đồng ý,Đồng ý,Hoàn toàn đồng ý,Rất quan tâm,Khá quan tâm,Khá quan tâm,Khá quan tâm,Rất quan tâm,Rất quan tâm,Khá quan tâm,Rất quan tâm,Khá quan tâm,Khá quan tâm,Khá quan tâm,Rất quan tâm,Khá quan tâm,Rất quan tâm,Khá quan tâm,Rất quan tâm,Rất quan tâm,Rất quan tâm,Khá quan tâm,Khá quan tâm,Rất liên quan,Rất liên quan,Rất liên quan,Rất liên quan,Rất liên quan,Khá liên quan,Khá liên quan,Khá liên quan,Rất liên quan,Khá liên quan,Rất liên quan,Khá liên quan,Rất liên quan,Khá liên quan,Rất liên quan
4/24/2026 23:46:16,Nữ,23,Thành thị,Cao Đẳng/ Đại học,Có,Có,Có,Hoàn toàn đồng ý,Đồng ý,Hoàn toàn đồng ý,Đồng ý,Hoàn toàn đồng ý,Đồng ý,Hoàn toàn đồng ý,Hoàn toàn đồng ý,Đồng ý,Hoàn toàn đồng ý,Hoàn toàn đồng ý,Đồng ý,Hoàn toàn đồng ý,Đồng ý,Hoàn toàn đồng ý,Đồng ý,Hoàn toàn đồng ý,Đồng ý,Hoàn toàn đồng ý,Đồng ý,Hoàn toàn đồng ý,Hoàn toàn đồng ý,Rất quan tâm,Khá quan tâm,Rất quan tâm,Khá quan tâm,Rất quan tâm,Khá quan tâm,Rất quan tâm,Khá quan tâm,Rất quan tâm,Rất quan tâm,Khá quan tâm,Khá quan tâm,Rất quan tâm,Rất quan tâm,Khá quan tâm,Khá quan tâm,Khá quan tâm,Rất quan tâm,Rất quan tâm,Rất quan tâm,Rất liên quan,Rất liên quan,Rất liên quan,Khá liên quan,Khá liên quan,Khá liên quan,Khá liên quan,Rất liên quan,Rất liên quan,Rất liên quan,Khá liên quan,Khá liên quan,Khá liên quan,Rất liên quan,Rất liên quan
4/24/2026 23:47:23,Nữ,29,Thành thị,Sau Đại học,Có,Có,Có,Hoàn toàn đồng ý,Hoàn toàn đồng ý,Đồng ý,Đồng ý,Đồng ý,Trung lập,Trung lập,Đồng ý,Đồng ý,Đồng ý,Hoàn toàn đồng ý,Hoàn toàn đồng ý,Hoàn toàn đồng ý,Hoàn toàn đồng ý,Đồng ý,Đồng ý,Đồng ý,Đồng ý,Đồng ý,Đồng ý,Đồng ý,Đồng ý,Rất quan tâm,Rất quan tâm,Rất quan tâm,Khá quan tâm,Khá quan tâm,Khá quan tâm,Rất quan tâm,Rất quan tâm,Khá quan tâm,Khá quan tâm,Khá quan tâm,Khá quan tâm,Khá quan tâm,Khá quan tâm,Khá quan tâm,Rất quan tâm,Rất quan tâm,Rất quan tâm,Khá quan tâm,Khá quan tâm,Rất liên quan,Rất liên quan,Khá liên quan,Khá liên quan,Khá liên quan,Rất liên quan,Rất liên quan,Khá liên quan,Khá liên quan,Khá liên quan,Rất liên quan,Rất liên quan,Rất liên quan,Khá liên quan,Khá liên quan
4/24/2026 23:47:35,Nam,28,Thành thị,Sau Đại học,Có,Có,Có,Hoàn toàn đồng ý,Đồng ý,Đồng ý,Hoàn toàn đồng ý,Hoàn toàn đồng ý,Đồng ý,Hoàn toàn đồng ý,Hoàn toàn đồng ý,Đồng ý,Hoàn toàn đồng ý,Hoàn toàn đồng ý,Đồng ý,Hoàn toàn đồng ý,Hoàn toàn đồng ý,Hoàn toàn đồng ý,Đồng ý,Hoàn toàn đồng ý,Đồng ý,Hoàn toàn đồng ý,Đồng ý,Đồng ý,Đồng ý,Rất quan tâm,Khá quan tâm,Khá quan tâm,Rất quan tâm,Rất quan tâm,Khá quan tâm,Rất quan tâm,Khá quan tâm,Khá quan tâm,Khá quan tâm,Rất quan tâm,Rất quan tâm,Rất quan tâm,Khá quan tâm,Khá quan tâm,Khá quan tâm,Rất quan tâm,Khá quan tâm,Rất quan tâm,Khá quan tâm,Rất liên quan,Rất liên quan,Rất liên quan,Khá liên quan,Khá liên quan,Khá liên quan,Khá liên quan,Khá liên quan,Khá liên quan,Khá liên quan,Khá liên quan,Khá liên quan,Rất liên quan,Khá liên quan,Khá liên quan
4/24/2026 23:48:35,Nữ,27,Nông thôn,Cao Đẳng/ Đại học,Có,Không,Không,Hoàn toàn đồng ý,Đồng ý,Đồng ý,Hoàn toàn đồng ý,Trung lập,Trung lập,Đồng ý,Đồng ý,Đồng ý,Đồng ý,Hoàn toàn đồng ý,Đồng ý,Hoàn toàn đồng ý,Đồng ý,Đồng ý,Đồng ý,Đồng ý,Hoàn toàn đồng ý,Hoàn toàn đồng ý,Đồng ý,Đồng ý,Đồng ý,Khá quan tâm,Quan tâm ở mức trung bình,Quan tâm ở mức trung bình,Khá quan tâm,Quan tâm ở mức trung bình,Quan tâm ở mức trung bình,Quan tâm ở mức trung bình,Khá quan tâm,Quan tâm ở mức trung bình,Quan tâm ở mức trung bình,Khá quan tâm,Quan tâm ở mức trung bình,Khá quan tâm,Khá quan tâm,Khá quan tâm,Quan tâm ở mức trung bình,Quan tâm ở mức trung bình,Quan tâm ở mức trung bình,Quan tâm ở mức trung bình,Khá quan tâm,Rất liên quan,Rất liên quan,Khá liên quan,Khá liên quan,Khá liên quan,Rất liên quan,Rất liên quan,Rất liên quan,Khá liên quan,Khá liên quan,Khá liên quan,Rất liên quan,Rất liên quan,Rất liên quan,Khá liên quan
4/24/2026 23:48:58,Nữ,25,Thành thị,Cao Đẳng/ Đại học,Có,Có,Có,Hoàn toàn đồng ý,Đồng ý,Đồng ý,Đồng ý,Hoàn toàn đồng ý,Đồng ý,Hoàn toàn đồng ý,Hoàn toàn đồng ý,Hoàn toàn đồng ý,Đồng ý,Hoàn toàn đồng ý,Đồng ý,Hoàn toàn đồng ý,Đồng ý,Đồng ý,Hoàn toàn đồng ý,Hoàn toàn đồng ý,Hoàn toàn đồng ý,Đồng ý,Hoàn toàn đồng ý,Đồng ý,Đồng ý,Rất quan tâm,Khá quan tâm,Khá quan tâm,Rất quan tâm,Khá quan tâm,Khá quan tâm,Rất quan tâm,Rất quan tâm,Rất quan tâm,Khá quan tâm,Rất quan tâm,Khá quan tâm,Khá quan tâm,Khá quan tâm,Khá quan tâm,Rất quan tâm,Khá quan tâm,Khá quan tâm,Khá quan tâm,Khá quan tâm,Rất liên quan,Rất liên quan,Rất liên quan,Khá liên quan,Khá liên quan,Rất liên quan,Khá liên quan,Rất liên quan,Khá liên quan,Rất liên quan,Khá liên quan,Khá liên quan,Khá liên quan,Rất liên quan,Khá liên quan
4/24/2026 23:50:42,Nữ,25,Nông thôn,Cao Đẳng/ Đại học,Có,Có,Có,Hoàn toàn đồng ý,Hoàn toàn đồng ý,Đồng ý,Hoàn toàn đồng ý,Đồng ý,Đồng ý,Hoàn toàn đồng ý,Hoàn toàn đồng ý,Hoàn toàn đồng ý,Đồng ý,Hoàn toàn đồng ý,Đồng ý,Đồng ý,Hoàn toàn đồng ý,Hoàn toàn đồng ý,Hoàn toàn đồng ý,Đồng ý,Hoàn toàn đồng ý,Đồng ý,Hoàn toàn đồng ý,Đồng ý,Đồng ý,Rất quan tâm,Rất quan tâm,Rất quan tâm,Rất quan tâm,Khá quan tâm,Rất quan tâm,Rất quan tâm,Khá quan tâm,Khá quan tâm,Khá quan tâm,Khá quan tâm,Khá quan tâm,Rất quan tâm,Rất quan tâm,Rất quan tâm,Rất quan tâm,Rất quan tâm,Rất quan tâm,Rất quan tâm,Rất quan tâm,Rất liên quan,Rất liên quan,Khá liên quan,Rất liên quan,Khá liên quan,Khá liên quan,Khá liên quan,Khá liên quan,Rất liên quan,Khá liên quan,Rất liên quan,Khá liên quan,Khá liên quan,Rất liên quan,Rất liên quan
4/24/2026 23:50:55,Nữ,27,Nông thôn,Cao Đẳng/ Đại học,Có,Có,Không,Hoàn toàn đồng ý,Đồng ý,Hoàn toàn đồng ý,Hoàn toàn đồng ý,Hoàn toàn đồng ý,Đồng ý,Đồng ý,Hoàn toàn đồng ý,Hoàn toàn đồng ý,Hoàn toàn đồng ý,Đồng ý,Trung lập,Hoàn toàn đồng ý,Hoàn toàn đồng ý,Hoàn toàn đồng ý,Đồng ý,Đồng ý,Hoàn toàn đồng ý,Hoàn toàn đồng ý,Đồng ý,Đồng ý,Hoàn toàn đồng ý,Rất quan tâm,Rất quan tâm,Khá quan tâm,Khá quan tâm,Rất quan tâm,Rất quan tâm,Khá quan tâm,Khá quan tâm,Rất quan tâm,Khá quan tâm,Khá quan tâm,Khá quan tâm,Rất quan tâm,Rất quan tâm,Khá quan tâm,Khá quan tâm,Khá quan tâm,Khá quan tâm,Khá quan tâm,Khá quan tâm,Rất liên quan,Khá liên quan,Rất liên quan,Rất liên quan,Rất liên quan,Khá liên quan,Khá liên quan,Rất liên quan,Rất liên quan,Rất liên quan,Rất liên quan,Rất liên quan,Rất liên quan,Khá liên quan,Khá liên quan
4/24/2026 23:52:06,Nam,26,Thành thị,Sau Đại học,Có,Có,Có,Hoàn toàn đồng ý,Đồng ý,Hoàn toàn đồng ý,Đồng ý,Hoàn toàn đồng ý,Đồng ý,Đồng ý,Hoàn toàn đồng ý,Đồng ý,Đồng ý,Hoàn toàn đồng ý,Đồng ý,Hoàn toàn đồng ý,Đồng ý,Hoàn toàn đồng ý,Đồng ý,Đồng ý,Đồng ý,Đồng ý,Hoàn toàn đồng ý,Hoàn toàn đồng ý,Hoàn toàn đồng ý,Khá quan tâm,Rất quan tâm,Khá quan tâm,Rất quan tâm,Khá quan tâm,Rất quan tâm,Khá quan tâm,Rất quan tâm,Rất quan tâm,Khá quan tâm,Rất quan tâm,Khá quan tâm,Rất quan tâm,Khá quan tâm,Rất quan tâm,Khá quan tâm,Rất quan tâm,Khá quan tâm,Rất quan tâm,Khá quan tâm,Rất liên quan,Khá liên quan,Khá liên quan,Rất liên quan,Rất liên quan,Khá liên quan,Khá liên quan,Rất liên quan,Khá liên quan,Khá liên quan,Khá liên quan,Rất liên quan,Khá liên quan,Rất liên quan,Khá liên quan
4/24/2026 23:52:26,Nam,19,Thành thị,Cao Đẳng/ Đại học,Có,Có,Có,Hoàn toàn đồng ý,Đồng ý,Hoàn toàn đồng ý,Đồng ý,Đồng ý,Đồng ý,Hoàn toàn đồng ý,Hoàn toàn đồng ý,Đồng ý,Hoàn toàn đồng ý,Hoàn toàn đồng ý,Đồng ý,Đồng ý,Hoàn toàn đồng ý,Đồng ý,Hoàn toàn đồng ý,Hoàn toàn đồng ý,Đồng ý,Đồng ý,Đồng ý,Đồng ý,Đồng ý,Rất quan tâm,Rất quan tâm,Rất quan tâm,Rất quan tâm,Khá quan tâm,Rất quan tâm,Rất quan tâm,Rất quan tâm,Khá quan tâm,Khá quan tâm,Khá quan tâm,Rất quan tâm,Rất quan tâm,Rất quan tâm,Rất quan tâm,Rất quan tâm,Khá quan tâm,Rất quan tâm,Rất quan tâm,Rất quan tâm,Rất liên quan,Khá liên quan,Khá liên quan,Khá liên quan,Rất liên quan,Khá liên quan,Khá liên quan,Khá liên quan,Rất liên quan,Khá liên quan,Rất liên quan,Khá liên quan,Rất liên quan,Khá liên quan,Khá liên quan
4/24/2026 23:53:28,Nữ,29,Nông thôn,Sau Đại học,Có,Có,Có,Hoàn toàn đồng ý,Đồng ý,Đồng ý,Đồng ý,Hoàn toàn đồng ý,Đồng ý,Hoàn toàn đồng ý,Đồng ý,Đồng ý,Đồng ý,Hoàn toàn đồng ý,Đồng ý,Hoàn toàn đồng ý,Trung lập,Trung lập,Đồng ý,Đồng ý,Đồng ý,Đồng ý,Trung lập,Đồng ý,Trung lập,Khá quan tâm,Quan tâm ở mức trung bình,Rất quan tâm,Khá quan tâm,Rất quan tâm,Khá quan tâm,Rất quan tâm,Khá quan tâm,Rất quan tâm,Khá quan tâm,Rất quan tâm,Khá quan tâm,Rất quan tâm,Khá quan tâm,Rất quan tâm,Khá quan tâm,Rất quan tâm,Khá quan tâm,Rất quan tâm,Rất quan tâm,Rất liên quan,Rất liên quan,Khá liên quan,Khá liên quan,Khá liên quan,Rất liên quan,Rất liên quan,Rất liên quan,Khá liên quan,Khá liên quan,Khá liên quan,Khá liên quan,Rất liên quan,Rất liên quan,Rất liên quan
4/24/2026 23:53:55,Nữ,26,Thành thị,Cao Đẳng/ Đại học,Có,Có,Có,Hoàn toàn đồng ý,Đồng ý,Hoàn toàn đồng ý,Hoàn toàn đồng ý,Hoàn toàn đồng ý,Đồng ý,Đồng ý,Đồng ý,Hoàn toàn đồng ý,Đồng ý,Hoàn toàn đồng ý,Hoàn toàn đồng ý,Đồng ý,Hoàn toàn đồng ý,Hoàn toàn đồng ý,Đồng ý,Đồng ý,Hoàn toàn đồng ý,Đồng ý,Đồng ý,Hoàn toàn đồng ý,Đồng ý,Rất quan tâm,Rất quan tâm,Khá quan tâm,Rất quan tâm,Khá quan tâm,Khá quan tâm,Khá quan tâm,Rất quan tâm,Rất quan tâm,Khá quan tâm,Rất quan tâm,Khá quan tâm,Khá quan tâm,Rất quan tâm,Khá quan tâm,Rất quan tâm,Rất quan tâm,Rất quan tâm,Khá quan tâm,Khá quan tâm,Rất liên quan,Rất liên quan,Khá liên quan,Khá liên quan,Khá liên quan,Khá liên quan,Rất liên quan,Rất liên quan,Rất liên quan,Khá liên quan,Khá liên quan,Khá liên quan,Khá liên quan,Khá liên quan,Rất liên quan
4/24/2026 23:54:35,Nam,23,Thành thị,Trung học phổ thông,Có,Không,Không,Hoàn toàn đồng ý,Đồng ý,Hoàn toàn đồng ý,Đồng ý,Hoàn toàn đồng ý,Hoàn toàn đồng ý,Đồng ý,Hoàn toàn đồng ý,Hoàn toàn đồng ý,Đồng ý,Hoàn toàn đồng ý,Hoàn toàn đồng ý,Hoàn toàn đồng ý,Hoàn toàn đồng ý,Đồng ý,Hoàn toàn đồng ý,Đồng ý,Hoàn toàn đồng ý,Hoàn toàn đồng ý,Đồng ý,Hoàn toàn đồng ý,Hoàn toàn đồng ý,Khá quan tâm,Quan tâm ở mức trung bình,Khá quan tâm,Khá quan tâm,Quan tâm ở mức trung bình,Khá quan tâm,Quan tâm ở mức trung bình,Khá quan tâm,Quan tâm ở mức trung bình,Khá quan tâm,Khá quan tâm,Khá quan tâm,Quan tâm ở mức trung bình,Quan tâm ở mức trung bình,Khá quan tâm,Khá quan tâm,Khá quan tâm,Quan tâm ở mức trung bình,Khá quan tâm,Quan tâm ở mức trung bình,Rất liên quan,Khá liên quan,Khá liên quan,Rất liên quan,Rất liên quan,Khá liên quan,Khá liên quan,Khá liên quan,Khá liên quan,Rất liên quan,Rất liên quan,Rất liên quan,Rất liên quan,Rất liên quan,Khá liên quan
4/24/2026 23:55:11,Nữ,24,Nông thôn,Trung học phổ thông,Có,Có,Có,Hoàn toàn đồng ý,Hoàn toàn đồng ý,Hoàn toàn đồng ý,Hoàn toàn đồng ý,Hoàn toàn đồng ý,Đồng ý,Hoàn toàn đồng ý,Đồng ý,Hoàn toàn đồng ý,Đồng ý,Hoàn toàn đồng ý,Đồng ý,Đồng ý,Hoàn toàn đồng ý,Hoàn toàn đồng ý,Hoàn toàn đồng ý,Hoàn toàn đồng ý,Hoàn toàn đồng ý,Hoàn toàn đồng ý,Hoàn toàn đồng ý,Hoàn toàn đồng ý,Hoàn toàn đồng ý,Khá quan tâm,Rất quan tâm,Khá quan tâm,Rất quan tâm,Khá quan tâm,Rất quan tâm,Khá quan tâm,Rất quan tâm,Khá quan tâm,Rất quan tâm,Rất quan tâm,Rất quan tâm,Khá quan tâm,Rất quan tâm,Khá quan tâm,Rất quan tâm,Rất quan tâm,Rất quan tâm,Rất quan tâm,Rất quan tâm,Rất liên quan,Khá liên quan,Rất liên quan,Khá liên quan,Rất liên quan,Rất liên quan,Rất liên quan,Rất liên quan,Khá liên quan,Rất liên quan,Khá liên quan,Rất liên quan,Rất liên quan,Khá liên quan,Khá liên quan
4/24/2026 23:55:46,Nữ,21,Nông thôn,Cao Đẳng/ Đại học,Có,Có,Có,Hoàn toàn đồng ý,Hoàn toàn đồng ý,Đồng ý,Hoàn toàn đồng ý,Đồng ý,Hoàn toàn đồng ý,Đồng ý,Đồng ý,Hoàn toàn đồng ý,Đồng ý,Hoàn toàn đồng ý,Đồng ý,Hoàn toàn đồng ý,Hoàn toàn đồng ý,Đồng ý,Hoàn toàn đồng ý,Hoàn toàn đồng ý,Đồng ý,Đồng ý,Đồng ý,Hoàn toàn đồng ý,Hoàn toàn đồng ý,Rất quan tâm,Rất quan tâm,Khá quan tâm,Rất quan tâm,Khá quan tâm,Rất quan tâm,Khá quan tâm,Khá quan tâm,Rất quan tâm,Rất quan tâm,Khá quan tâm,Khá quan tâm,Rất quan tâm,Rất quan tâm,Khá quan tâm,Rất quan tâm,Khá quan tâm,Rất quan tâm,Khá quan tâm,Khá quan tâm,Rất liên quan,Rất liên quan,Rất liên quan,Khá liên quan,Rất liên quan,Rất liên quan,Khá liên quan,Rất liên quan,Rất liên quan,Rất liên quan,Khá liên quan,Khá liên quan,Rất liên quan,Khá liên quan,Khá liên quan
4/24/2026 23:56:06,Nữ,26,Thành thị,Cao Đẳng/ Đại học,Có,Có,Có,Hoàn toàn đồng ý,Hoàn toàn đồng ý,Đồng ý,Đồng ý,Hoàn toàn đồng ý,Đồng ý,Hoàn toàn đồng ý,Đồng ý,Hoàn toàn đồng ý,Đồng ý,Hoàn toàn đồng ý,Đồng ý,Hoàn toàn đồng ý,Đồng ý,Hoàn toàn đồng ý,Đồng ý,Đồng ý,Hoàn toàn đồng ý,Hoàn toàn đồng ý,Hoàn toàn đồng ý,Hoàn toàn đồng ý,Hoàn toàn đồng ý,Khá quan tâm,Khá quan tâm,Rất quan tâm,Rất quan tâm,Khá quan tâm,Khá quan tâm,Rất quan tâm,Khá quan tâm,Rất quan tâm,Khá quan tâm,Rất quan tâm,Khá quan tâm,Rất quan tâm,Khá quan tâm,Rất quan tâm,Khá quan tâm,Rất quan tâm,Khá quan tâm,Rất quan tâm,Khá quan tâm,Rất liên quan,Rất liên quan,Rất liên quan,Khá liên quan,Khá liên quan,Khá liên quan,Khá liên quan,Khá liên quan,Rất liên quan,Rất liên quan,Rất liên quan,Khá liên quan,Khá liên quan,Khá liên quan,Khá liên quan
4/24/2026 23:56:26,Nữ,30,Nông thôn,Cao Đẳng/ Đại học,Có,Không,Không,Đồng ý,Hoàn toàn đồng ý,Đồng ý,Hoàn toàn đồng ý,Đồng ý,Hoàn toàn đồng ý,Đồng ý,Hoàn toàn đồng ý,Đồng ý,Hoàn toàn đồng ý,Hoàn toàn đồng ý,Đồng ý,Hoàn toàn đồng ý,Đồng ý,Hoàn toàn đồng ý,Đồng ý,Đồng ý,Hoàn toàn đồng ý,Hoàn toàn đồng ý,Hoàn toàn đồng ý,Hoàn toàn đồng ý,Hoàn toàn đồng ý,Rất quan tâm,Rất quan tâm,Rất quan tâm,Khá quan tâm,Rất quan tâm,Khá quan tâm,Rất quan tâm,Rất quan tâm,Rất quan tâm,Khá quan tâm,Rất quan tâm,Khá quan tâm,Rất quan tâm,Khá quan tâm,Rất quan tâm,Rất quan tâm,Rất quan tâm,Rất quan tâm,Rất quan tâm,Rất quan tâm,Rất liên quan,Rất liên quan,Rất liên quan,Khá liên quan,Khá liên quan,Rất liên quan,Khá liên quan,Khá liên quan,Rất liên quan,Rất liên quan,Rất liên quan,Rất liên quan,Rất liên quan,Khá liên quan,Khá liên quan
4/24/2026 23:57:18,Nữ,23,Nông thôn,Cao Đẳng/ Đại học,Có,Có,Có,Hoàn toàn đồng ý,Hoàn toàn đồng ý,Đồng ý,Hoàn toàn đồng ý,Đồng ý,Đồng ý,Đồng ý,Hoàn toàn đồng ý,Đồng ý,Đồng ý,Hoàn toàn đồng ý,Đồng ý,Đồng ý,Hoàn toàn đồng ý,Hoàn toàn đồng ý,Đồng ý,Hoàn toàn đồng ý,Đồng ý,Đồng ý,Hoàn toàn đồng ý,Đồng ý,Hoàn toàn đồng ý,Rất quan tâm,Khá quan tâm,Rất quan tâm,Rất quan tâm,Rất quan tâm,Khá quan tâm,Rất quan tâm,Rất quan tâm,Khá quan tâm,Khá quan tâm,Khá quan tâm,Khá quan tâm,Rất quan tâm,Khá quan tâm,Rất quan tâm,Rất quan tâm,Rất quan tâm,Rất quan tâm,Khá quan tâm,Khá quan tâm,Rất liên quan,Rất liên quan,Rất liên quan,Khá liên quan,Khá liên quan,Rất liên quan,Rất liên quan,Khá liên quan,Khá liên quan,Khá liên quan,Rất liên quan,Khá liên quan,Khá liên quan,Khá liên quan,Rất liên quan
4/24/2026 23:58:20,Nam,27,Thành thị,Trung học phổ thông,Có,Có,Có,Hoàn toàn đồng ý,Đồng ý,Hoàn toàn đồng ý,Đồng ý,Hoàn toàn đồng ý,Hoàn toàn đồng ý,Đồng ý,Hoàn toàn đồng ý,Hoàn toàn đồng ý,Đồng ý,Hoàn toàn đồng ý,Hoàn toàn đồng ý,Đồng ý,Đồng ý,Hoàn toàn đồng ý,Hoàn toàn đồng ý,Đồng ý,Hoàn toàn đồng ý,Hoàn toàn đồng ý,Đồng ý,Hoàn toàn đồng ý,Hoàn toàn đồng ý,Rất quan tâm,Khá quan tâm,Rất quan tâm,Rất quan tâm,Khá quan tâm,Rất quan tâm,Rất quan tâm,Rất quan tâm,Khá quan tâm,Rất quan tâm,Rất quan tâm,Khá quan tâm,Rất quan tâm,Khá quan tâm,Rất quan tâm,Rất quan tâm,Khá quan tâm,Khá quan tâm,Rất quan tâm,Rất quan tâm,Rất liên quan,Rất liên quan,Rất liên quan,Rất liên quan,Rất liên quan,Khá liên quan,Khá liên quan,Khá liên quan,Khá liên quan,Rất liên quan,Rất liên quan,Khá liên quan,Khá liên quan,Rất liên quan,Rất liên quan
4/24/2026 23:59:04,Nữ,23,Thành thị,Cao Đẳng/ Đại học,Có,Có,Có,Hoàn toàn đồng ý,Đồng ý,Hoàn toàn đồng ý,Đồng ý,Đồng ý,Hoàn toàn đồng ý,Đồng ý,Đồng ý,Đồng ý,Hoàn toàn đồng ý,Hoàn toàn đồng ý,Hoàn toàn đồng ý,Đồng ý,Hoàn toàn đồng ý,Đồng ý,Đồng ý,Hoàn toàn đồng ý,Đồng ý,Hoàn toàn đồng ý,Hoàn toàn đồng ý,Đồng ý,Hoàn toàn đồng ý,Rất quan tâm,Khá quan tâm,Rất quan tâm,Rất quan tâm,Rất quan tâm,Khá quan tâm,Rất quan tâm,Rất quan tâm,Khá quan tâm,Khá quan tâm,Rất quan tâm,Khá quan tâm,Rất quan tâm,Rất quan tâm,Khá quan tâm,Khá quan tâm,Khá quan tâm,Khá quan tâm,Rất quan tâm,Khá quan tâm,Rất liên quan,Rất liên quan,Khá liên quan,Rất liên quan,Khá liên quan,Khá liên quan,Rất liên quan,Khá liên quan,Khá liên quan,Rất liên quan,Rất liên quan,Rất liên quan,Rất liên quan,Khá liên quan,Rất liên quan
4/24/2026 23:59:29,Nữ,25,Thành thị,Cao Đẳng/ Đại học,Có,Có,Có,Hoàn toàn đồng ý,Hoàn toàn đồng ý,Hoàn toàn đồng ý,Hoàn toàn đồng ý,Đồng ý,Hoàn toàn đồng ý,Đồng ý,Không đồng ý,Không đồng ý,Hoàn toàn đồng ý,Hoàn toàn đồng ý,Hoàn toàn đồng ý,Hoàn toàn đồng ý,Hoàn toàn đồng ý,Đồng ý,Hoàn toàn đồng ý,Hoàn toàn đồng ý,Đồng ý,Hoàn toàn đồng ý,Hoàn toàn đồng ý,Hoàn toàn đồng ý,Hoàn toàn đồng ý,Rất quan tâm,Rất quan tâm,Rất quan tâm,Khá quan tâm,Rất quan tâm,Khá quan tâm,Rất quan tâm,Rất quan tâm,Rất quan tâm,Rất quan tâm,Rất quan tâm,Rất quan tâm,Rất quan tâm,Rất quan tâm,Khá quan tâm,Khá quan tâm,Rất quan tâm,Rất quan tâm,Rất quan tâm,Khá quan tâm,Rất liên quan,Rất liên quan,Rất liên quan,Rất liên quan,Rất liên quan,Rất liên quan,Khá liên quan,Khá liên quan,Rất liên quan,Khá liên quan,Rất liên quan,Rất liên quan,Rất liên quan,Khá liên quan,Khá liên quan
4/25/2026 0:00:01,Nam,27,Thành thị,Cao Đẳng/ Đại học,Có,Có,Không,Hoàn toàn đồng ý,Đồng ý,Hoàn toàn đồng ý,Hoàn toàn đồng ý,Hoàn toàn đồng ý,Đồng ý,Hoàn toàn đồng ý,Hoàn toàn đồng ý,Đồng ý,Hoàn toàn đồng ý,Hoàn toàn đồng ý,Đồng ý,Hoàn toàn đồng ý,Hoàn toàn đồng ý,Đồng ý,Đồng ý,Hoàn toàn đồng ý,Hoàn toàn đồng ý,Đồng ý,Đồng ý,Hoàn toàn đồng ý,Hoàn toàn đồng ý,Rất quan tâm,Khá quan tâm,Rất quan tâm,Khá quan tâm,Rất quan tâm,Rất quan tâm,Khá quan tâm,Khá quan tâm,Rất quan tâm,Rất quan tâm,Rất quan tâm,Khá quan tâm,Rất quan tâm,Khá quan tâm,Rất quan tâm,Khá quan tâm,Rất quan tâm,Khá quan tâm,Rất quan tâm,Khá quan tâm,Rất liên quan,Rất liên quan,Khá liên quan,Khá liên quan,Khá liên quan,Rất liên quan,Rất liên quan,Khá liên quan,Khá liên quan,Khá liên quan,Khá liên quan,Rất liên quan,Khá liên quan,Rất liên quan,Rất liên quan
4/25/2026 0:00:36,Nữ,27,Thành thị,Cao Đẳng/ Đại học,Có,Có,Có,Hoàn toàn đồng ý,Đồng ý,Hoàn toàn đồng ý,Hoàn toàn đồng ý,Hoàn toàn đồng ý,Đồng ý,Hoàn toàn đồng ý,Đồng ý,Đồng ý,Đồng ý,Hoàn toàn đồng ý,Đồng ý,Hoàn toàn đồng ý,Đồng ý,Đồng ý,Hoàn toàn đồng ý,Đồng ý,Đồng ý,Hoàn toàn đồng ý,Hoàn toàn đồng ý,Đồng ý,Hoàn toàn đồng ý,Rất quan tâm,Khá quan tâm,Khá quan tâm,Khá quan tâm,Khá quan tâm,Rất quan tâm,Khá quan tâm,Rất quan tâm,Khá quan tâm,Rất quan tâm,Rất quan tâm,Rất quan tâm,Khá quan tâm,Khá quan tâm,Khá quan tâm,Rất quan tâm,Khá quan tâm,Rất quan tâm,Rất quan tâm,Rất quan tâm,Rất liên quan,Rất liên quan,Rất liên quan,Khá liên quan,Rất liên quan,Khá liên quan,Khá liên quan,Khá liên quan,Rất liên quan,Khá liên quan,Rất liên quan,Khá liên quan,Khá liên quan,Rất liên quan,Rất liên quan
4/25/2026 0:01:10,Nữ,29,Thành thị,Sau Đại học,Không,Không,Không,Hoàn toàn đồng ý,Hoàn toàn đồng ý,Đồng ý,Đồng ý,Hoàn toàn đồng ý,Hoàn toàn đồng ý,Đồng ý,Đồng ý,Hoàn toàn đồng ý,Hoàn toàn đồng ý,Hoàn toàn đồng ý,Đồng ý,Hoàn toàn đồng ý,Đồng ý,Hoàn toàn đồng ý,Đồng ý,Hoàn toàn đồng ý,Đồng ý,Hoàn toàn đồng ý,Đồng ý,Hoàn toàn đồng ý,Đồng ý,Khá quan tâm,Quan tâm ở mức trung bình,Rất quan tâm,Rất quan tâm,Khá quan tâm,Khá quan tâm,Rất quan tâm,Rất quan tâm,Khá quan tâm,Khá quan tâm,Rất quan tâm,Khá quan tâm,Rất quan tâm,Khá quan tâm,Rất quan tâm,Khá quan tâm,Khá quan tâm,Rất quan tâm,Khá quan tâm,Rất quan tâm,Rất liên quan,Khá liên quan,Rất liên quan,Khá liên quan,Rất liên quan,Khá liên quan,Rất liên quan,Khá liên quan,Rất liên quan,Rất liên quan,Khá liên quan,Khá liên quan,Khá liên quan,Khá liên quan,Khá liên quan
4/25/2026 0:02:30,Nữ,26,Nông thôn,Cao Đẳng/ Đại học,Có,Có,Có,Hoàn toàn đồng ý,Đồng ý,Hoàn toàn đồng ý,Đồng ý,Đồng ý,Hoàn toàn đồng ý,Đồng ý,Đồng ý,Hoàn toàn đồng ý,Đồng ý,Hoàn toàn đồng ý,Hoàn toàn đồng ý,Đồng ý,Đồng ý,Hoàn toàn đồng ý,Đồng ý,Hoàn toàn đồng ý,Đồng ý,Hoàn toàn đồng ý,Đồng ý,Hoàn toàn đồng ý,Hoàn toàn đồng ý,Rất quan tâm,Khá quan tâm,Rất quan tâm,Khá quan tâm,Khá quan tâm,Khá quan tâm,Rất quan tâm,Khá quan tâm,Rất quan tâm,Rất quan tâm,Rất quan tâm,Khá quan tâm,Rất quan tâm,Khá quan tâm,Khá quan tâm,Khá quan tâm,Rất quan tâm,Khá quan tâm,Khá quan tâm,Rất quan tâm,Rất liên quan,Rất liên quan,Rất liên quan,Khá liên quan,Rất liên quan,Khá liên quan,Rất liên quan,Khá liên quan,Khá liên quan,Khá liên quan,Rất liên quan,Khá liên quan,Rất liên quan,Khá liên quan,Rất liên quan
4/25/2026 17:04:00,Nữ,20,Nông thôn,Trung học phổ thông,Không,Không,Không,Đồng ý,Đồng ý,Đồng ý,Đồng ý,Hoàn toàn đồng ý,Hoàn toàn đồng ý,Hoàn toàn đồng ý,Đồng ý,Đồng ý,Trung lập,Không đồng ý,Đồng ý,Đồng ý,Hoàn toàn đồng ý,Hoàn toàn đồng ý,Đồng ý,Đồng ý,Đồng ý,Đồng ý,Đồng ý,Đồng ý,Đồng ý,Khá quan tâm,Rất quan tâm,Rất quan tâm,Rất quan tâm,Rất quan tâm,Rất quan tâm,Rất quan tâm,Rất quan tâm,Rất quan tâm,Rất quan tâm,Rất quan tâm,Rất quan tâm,Rất quan tâm,Rất quan tâm,Rất quan tâm,Rất quan tâm,Rất quan tâm,Rất quan tâm,Rất quan tâm,Rất quan tâm,Rất liên quan,Khá liên quan,Rất liên quan,Rất liên quan,Rất liên quan,Rất liên quan,Rất liên quan,Rất liên quan,Rất liên quan,Rất liên quan,Rất liên quan,Rất liên quan,Rất liên quan,Rất liên quan,Rất liên quan
4/25/2026 17:07:28,Nữ,30,Nông thôn,Trung học phổ thông,Không,Có,Không,Trung lập,Hoàn toàn đồng ý,Hoàn toàn đồng ý,Hoàn toàn đồng ý,Hoàn toàn đồng ý,Hoàn toàn đồng ý,Hoàn toàn đồng ý,Đồng ý,Đồng ý,Đồng ý,Không đồng ý,Đồng ý,Đồng ý,Đồng ý,Đồng ý,Trung lập,Đồng ý,Đồng ý,Đồng ý,Đồng ý,Đồng ý,Đồng ý,Khá quan tâm,Khá quan tâm,Khá quan tâm,Khá quan tâm,Khá quan tâm,Khá quan tâm,Khá quan tâm,Khá quan tâm,Khá quan tâm,Khá quan tâm,Khá quan tâm,Khá quan tâm,Khá quan tâm,Khá quan tâm,Khá quan tâm,Khá quan tâm,Khá quan tâm,Khá quan tâm,Quan tâm ở mức trung bình,Quan tâm ở mức trung bình,Rất liên quan,Rất liên quan,Rất liên quan,Rất liên quan,Rất liên quan,Rất liên quan,Rất liên quan,Rất liên quan,Rất liên quan,Rất liên quan,Rất liên quan,Rất liên quan,Rất liên quan,Rất liên quan,Rất liên quan
4/25/2026 17:10:13,Nữ,20,Thành thị,Trung học phổ thông,Không,Không,Không,Đồng ý,Hoàn toàn đồng ý,Hoàn toàn đồng ý,Hoàn toàn đồng ý,Hoàn toàn đồng ý,Hoàn toàn đồng ý,Hoàn toàn đồng ý,Trung lập,Đồng ý,Trung lập,Trung lập,Đồng ý,Đồng ý,Đồng ý,Đồng ý,Đồng ý,Đồng ý,Đồng ý,Đồng ý,Đồng ý,Đồng ý,Đồng ý,Khá quan tâm,Khá quan tâm,Khá quan tâm,Khá quan tâm,Khá quan tâm,Khá quan tâm,Khá quan tâm,Khá quan tâm,Khá quan tâm,Khá quan tâm,Khá quan tâm,Khá quan tâm,Khá quan tâm,Khá quan tâm,Khá quan tâm,Khá quan tâm,Khá quan tâm,Khá quan tâm,Khá quan tâm,Khá quan tâm,Rất liên quan,Rất liên quan,Rất liên quan,Rất liên quan,Rất liên quan,Rất liên quan,Rất liên quan,Rất liên quan,Rất liên quan,Rất liên quan,Rất liên quan,Rất liên quan,Rất liên quan,Rất liên quan,Rất liên quan
4/25/2026 17:12:47,Nam,20,Thành thị,Trung học phổ thông,Không,Không,Không,Hoàn toàn đồng ý,Hoàn toàn đồng ý,Hoàn toàn đồng ý,Hoàn toàn đồng ý,Hoàn toàn đồng ý,Hoàn toàn đồng ý,Hoàn toàn đồng ý,Không đồng ý,Đồng ý,Đồng ý,Trung lập,Đồng ý,Đồng ý,Đồng ý,Đồng ý,Đồng ý,Đồng ý,Đồng ý,Đồng ý,Đồng ý,Đồng ý,Đồng ý,Rất quan tâm,Rất quan tâm,Rất quan tâm,Rất quan tâm,Rất quan tâm,Rất quan tâm,Rất quan tâm,Rất quan tâm,Rất quan tâm,Rất quan tâm,Rất quan tâm,Rất quan tâm,Khá quan tâm,Rất quan tâm,Rất quan tâm,Rất quan tâm,Khá quan tâm,Khá quan tâm,Khá quan tâm,Quan tâm ở mức trung bình,Rất liên quan,Rất liên quan,Rất liên quan,Rất liên quan,Rất liên quan,Rất liên quan,Rất liên quan,Rất liên quan,Rất liên quan,Rất liên quan,Rất liên quan,Rất liên quan,Rất liên quan,Rất liên quan,Rất liên quan
4/25/2026 17:14:50,Nữ,20,Thành thị,Trung học phổ thông,Không,Không,Không,Hoàn toàn đồng ý,Hoàn toàn đồng ý,Hoàn toàn đồng ý,Hoàn toàn đồng ý,Hoàn toàn đồng ý,Hoàn toàn đồng ý,Đồng ý,Hoàn toàn không đồng ý,Đồng ý,Đồng ý,Trung lập,Đồng ý,Đồng ý,Hoàn toàn đồng ý,Hoàn toàn đồng ý,Hoàn toàn đồng ý,Hoàn toàn đồng ý,Hoàn toàn đồng ý,Hoàn toàn đồng ý,Hoàn toàn đồng ý,Hoàn toàn đồng ý,Hoàn toàn đồng ý,Khá quan tâm,Khá quan tâm,Khá quan tâm,Khá quan tâm,Khá quan tâm,Khá quan tâm,Khá quan tâm,Khá quan tâm,Khá quan tâm,Khá quan tâm,Khá quan tâm,Khá quan tâm,Khá quan tâm,Khá quan tâm,Khá quan tâm,Khá quan tâm,Khá quan tâm,Khá quan tâm,Khá quan tâm,Khá quan tâm,Rất liên quan,Rất liên quan,Rất liên quan,Rất liên quan,Rất liên quan,Rất liên quan,Rất liên quan,Rất liên quan,Rất liên quan,Rất liên quan,Rất liên quan,Rất liên quan,Rất liên quan,Khá liên quan,Khá liên quan
4/25/2026 17:16:49,Nữ,30,Thành thị,Trung học phổ thông,Không,Không,Không,Hoàn toàn đồng ý,Hoàn toàn đồng ý,Hoàn toàn đồng ý,Hoàn toàn đồng ý,Hoàn toàn đồng ý,Hoàn toàn đồng ý,Hoàn toàn đồng ý,Hoàn toàn đồng ý,Đồng ý,Đồng ý,Trung lập,Đồng ý,Đồng ý,Hoàn toàn đồng ý,Hoàn toàn đồng ý,Hoàn toàn đồng ý,Hoàn toàn đồng ý,Hoàn toàn đồng ý,Hoàn toàn đồng ý,Hoàn toàn đồng ý,Hoàn toàn đồng ý,Hoàn toàn đồng ý,Khá quan tâm,Khá quan tâm,Khá quan tâm,Khá quan tâm,Khá quan tâm,Khá quan tâm,Khá quan tâm,Khá quan tâm,Khá quan tâm,Khá quan tâm,Khá quan tâm,Khá quan tâm,Khá quan tâm,Khá quan tâm,Khá quan tâm,Khá quan tâm,Khá quan tâm,Khá quan tâm,Quan tâm ở mức trung bình,Quan tâm ở mức trung bình,Rất liên quan,Rất liên quan,Rất liên quan,Rất liên quan,Rất liên quan,Rất liên quan,Rất liên quan,Rất liên quan,Rất liên quan,Rất liên quan,Rất liên quan,Rất liên quan,Rất liên quan,Rất liên quan,Rất liên quan
4/25/2026 17:19:07,Nam,30,Thành thị,Trung học phổ thông,Không,Không,Không,Hoàn toàn đồng ý,Hoàn toàn đồng ý,Hoàn toàn đồng ý,Hoàn toàn đồng ý,Hoàn toàn đồng ý,Hoàn toàn đồng ý,Hoàn toàn đồng ý,Hoàn toàn đồng ý,Đồng ý,Trung lập,Trung lập,Đồng ý,Đồng ý,Hoàn toàn đồng ý,Hoàn toàn đồng ý,Hoàn toàn đồng ý,Hoàn toàn đồng ý,Hoàn toàn đồng ý,Hoàn toàn đồng ý,Hoàn toàn đồng ý,Hoàn toàn đồng ý,Hoàn toàn đồng ý,Khá quan tâm,Khá quan tâm,Khá quan tâm,Khá quan tâm,Khá quan tâm,Khá quan tâm,Khá quan tâm,Khá quan tâm,Khá quan tâm,Khá quan tâm,Khá quan tâm,Khá quan tâm,Khá quan tâm,Khá quan tâm,Khá quan tâm,Khá quan tâm,Khá quan tâm,Khá quan tâm,Quan tâm ở mức trung bình,Quan tâm ở mức trung bình,Rất liên quan,Rất liên quan,Rất liên quan,Rất liên quan,Rất liên quan,Rất liên quan,Rất liên quan,Rất liên quan,Rất liên quan,Rất liên quan,Rất liên quan,Rất liên quan,Rất liên quan,Rất liên quan,Rất liên quan
4/25/2026 17:21:13,Nữ,20,Thành thị,Trung học phổ thông,Không,Có,Không,Đồng ý,Đồng ý,Hoàn toàn đồng ý,Hoàn toàn đồng ý,Hoàn toàn đồng ý,Hoàn toàn đồng ý,Hoàn toàn đồng ý,Không đồng ý,Đồng ý,Trung lập,Trung lập,Đồng ý,Đồng ý,Hoàn toàn đồng ý,Hoàn toàn đồng ý,Hoàn toàn đồng ý,Hoàn toàn đồng ý,Hoàn toàn đồng ý,Hoàn toàn đồng ý,Hoàn toàn đồng ý,Hoàn toàn đồng ý,Hoàn toàn đồng ý,Khá quan tâm,Khá quan tâm,Khá quan tâm,Khá quan tâm,Khá quan tâm,Khá quan tâm,Khá quan tâm,Khá quan tâm,Khá quan tâm,Khá quan tâm,Khá quan tâm,Khá quan tâm,Khá quan tâm,Khá quan tâm,Khá quan tâm,Khá quan tâm,Khá quan tâm,Khá quan tâm,Quan tâm ở mức trung bình,Quan tâm ở mức trung bình,Rất liên quan,Rất liên quan,Rất liên quan,Rất liên quan,Rất liên quan,Rất liên quan,Rất liên quan,Rất liên quan,Rất liên quan,Rất liên quan,Rất liên quan,Rất liên quan,Rất liên quan,Rất liên quan,Rất liên quan
4/25/2026 17:23:10,Nữ,20,Thành thị,Trung học phổ thông,Không,Có,Không,Hoàn toàn đồng ý,Hoàn toàn đồng ý,Hoàn toàn đồng ý,Hoàn toàn đồng ý,Hoàn toàn đồng ý,Hoàn toàn đồng ý,Hoàn toàn đồng ý,Trung lập,Đồng ý,Đồng ý,Trung lập,Đồng ý,Đồng ý,Hoàn toàn đồng ý,Hoàn toàn đồng ý,Hoàn toàn đồng ý,Hoàn toàn đồng ý,Hoàn toàn đồng ý,Hoàn toàn đồng ý,Hoàn toàn đồng ý,Hoàn toàn đồng ý,Hoàn toàn đồng ý,Khá quan tâm,Khá quan tâm,Khá quan tâm,Khá quan tâm,Khá quan tâm,Khá quan tâm,Khá quan tâm,Khá quan tâm,Khá quan tâm,Khá quan tâm,Khá quan tâm,Khá quan tâm,Khá quan tâm,Khá quan tâm,Khá quan tâm,Khá quan tâm,Khá quan tâm,Khá quan tâm,Quan tâm ở mức trung bình,Quan tâm ở mức trung bình,Rất liên quan,Rất liên quan,Rất liên quan,Rất liên quan,Rất liên quan,Rất liên quan,Rất liên quan,Rất liên quan,Rất liên quan,Rất liên quan,Rất liên quan,Rất liên quan,Rất liên quan,Rất liên quan,Rất liên quan
4/25/2026 17:25:13,Nam,20,Nông thôn,Trung học phổ thông,Không,Có,Không,Hoàn toàn đồng ý,Hoàn toàn đồng ý,Hoàn toàn đồng ý,Hoàn toàn đồng ý,Hoàn toàn đồng ý,Hoàn toàn đồng ý,Hoàn toàn đồng ý,Trung lập,Đồng ý,Trung lập,Trung lập,Đồng ý,Đồng ý,Hoàn toàn đồng ý,Hoàn toàn đồng ý,Hoàn toàn đồng ý,Hoàn toàn đồng ý,Hoàn toàn đồng ý,Hoàn toàn đồng ý,Hoàn toàn đồng ý,Hoàn toàn đồng ý,Hoàn toàn đồng ý,Khá quan tâm,Khá quan tâm,Khá quan tâm,Khá quan tâm,Khá quan tâm,Khá quan tâm,Khá quan tâm,Khá quan tâm,Khá quan tâm,Khá quan tâm,Khá quan tâm,Khá quan tâm,Khá quan tâm,Khá quan tâm,Khá quan tâm,Khá quan tâm,Khá quan tâm,Khá quan tâm,Khá quan tâm,Khá quan tâm,Rất liên quan,Rất liên quan,Rất liên quan,Rất liên quan,Rất liên quan,Rất liên quan,Rất liên quan,Rất liên quan,Rất liên quan,Rất liên quan,Rất liên quan,Rất liên quan,Rất liên quan,Rất liên quan,Rất liên quan
4/25/2026 17:27:44,Nam,30,Thành thị,Trung học phổ thông,Không,Có,Không,Hoàn toàn đồng ý,Hoàn toàn đồng ý,Hoàn toàn đồng ý,Hoàn toàn đồng ý,Hoàn toàn đồng ý,Hoàn toàn đồng ý,Hoàn toàn đồng ý,Trung lập,Đồng ý,Trung lập,Trung lập,Đồng ý,Đồng ý,Hoàn toàn đồng ý,Hoàn toàn đồng ý,Hoàn toàn đồng ý,Hoàn toàn đồng ý,Hoàn toàn đồng ý,Hoàn toàn đồng ý,Hoàn toàn đồng ý,Hoàn toàn đồng ý,Hoàn toàn đồng ý,Rất quan tâm,Rất quan tâm,Rất quan tâm,Rất quan tâm,Rất quan tâm,Rất quan tâm,Rất quan tâm,Rất quan tâm,Rất quan tâm,Rất quan tâm,Rất quan tâm,Rất quan tâm,Rất quan tâm,Rất quan tâm,Rất quan tâm,Rất quan tâm,Rất quan tâm,Rất quan tâm,Khá quan tâm,Khá quan tâm,Rất liên quan,Rất liên quan,Rất liên quan,Rất liên quan,Rất liên quan,Rất liên quan,Rất liên quan,Rất liên quan,Rất liên quan,Rất liên quan,Rất liên quan,Rất liên quan,Rất liên quan,Rất liên quan,Rất liên quan
4/27/2026 15:37:09,Nam,15,Nông thôn,Trung học phổ thông,Có,Không,Không,Trung lập,Không đồng ý,Đồng ý,Đồng ý,Không đồng ý,Đồng ý,Trung lập,Đồng ý,Đồng ý,Đồng ý,Đồng ý,Đồng ý,Đồng ý,Đồng ý,Đồng ý,Đồng ý,Đồng ý,Đồng ý,Đồng ý,Đồng ý,Đồng ý,Đồng ý,Rất quan tâm,Rất quan tâm,Rất quan tâm,Rất quan tâm,Rất quan tâm,Rất quan tâm,Rất quan tâm,Rất quan tâm,Rất quan tâm,Rất quan tâm,Rất quan tâm,Rất quan tâm,Rất quan tâm,Rất quan tâm,Rất quan tâm,Rất quan tâm,Rất quan tâm,Rất quan tâm,Rất quan tâm,Rất quan tâm,Khá liên quan,Khá liên quan,Khá liên quan,Khá liên quan,Khá liên quan,Khá liên quan,Khá liên quan,Khá liên quan,Khá liên quan,Khá liên quan,Khá liên quan,Khá liên quan,Khá liên quan,Khá liên quan,Khá liên quan